chunk_id	volume	section	anchor_label	class	subclass	raw_text	normalized_target	confidence	resolution	ibid_resolved	antecedent
bon-brev-p1-c1	5	apparatus:p210-3	p210-3	crossref	page	supra pag. 204, nota 2	bon-brev-prol-s2+bon-brev-prol-s3		page-multi		
bon-brev-p1-c1	5	apparatus:p210-4	p210-4	crossref	page	supra pag. 120, nota 11	tom5:p120		forward		
bon-brev-p1-c1	5	apparatus:p210-5	p210-5	crossref	page	tom. III. pag. 773, nota 5	bon-sent-III-d35-a1-q1		chunk		
bon-brev-p1-c1	5	apparatus:p210-6	p210-6	crossref	page	supra pag. 205, nota 7	bon-brev-prol-s3+bon-brev-prol-s4		page-multi		
bon-brev-p1-c2	5	apparatus:p211-1	p211-1	crossref	work	Quaest. de mysterio Trinitatis	work:mysterio-trinitatis		work		
bon-brev-p1-c2	5	apparatus:p211-1	p211-1	crossref	work	de mysterio Trinitatis	work:mysterio-trinitatis		work		
bon-brev-p1-c2	5	apparatus:p211-1	p211-1	crossref	logical	I. Sent. d. 2.	I:d2		distinctio		
bon-brev-p1-c2	5	apparatus:p211-2	p211-2	scripture	apparatus-explicit	I. Tim. 6, 3	1Tim 6:3	A	verse		
bon-brev-p1-c2	5	apparatus:p211-3	p211-3	crossref	page	tom. III. pag. 245, nota 4	bon-sent-III-d11-a1-q1+bon-sent-III-d11-a1-q2		page-multi		
bon-brev-p1-c3	5	apparatus:p211-6	p211-6	crossref	logical	I. Sent. d. 2. q. 4	bon-sent-I-d2-a1-q4		chunk		
bon-brev-p1-c3	5	apparatus:p211-6	p211-6	crossref	chain-continuation	d. 9. q. 1.	bon-sent-I-d9-a1-q1		chunk		
bon-brev-p1-c3	5	apparatus:p211-6	p211-6	crossref	chain-continuation	d. 10. a. 1. q. 1	bon-sent-I-d10-a1-q1		chunk		
bon-brev-p1-c3	5	apparatus:p211-6	p211-6	crossref	logical	I. Sent. d. 26. q. 4.	bon-sent-I-d26-a1-q4		chunk		
bon-brev-p1-c3	5	apparatus:p212-2	p212-2	crossref	logical	I. Sent. d. 27. p. 1. q. 2.	bon-sent-I-d27-p1-a1-q2		chunk		
bon-brev-p1-c3	5	apparatus:p212-2	p212-2	crossref	chain-continuation	d. 28. q. 1.	bon-sent-I-d28-a1-q1		chunk		
bon-brev-p1-c3	5	apparatus:p212-3	p212-3	crossref	logical	I. Sent. d. 27. p. II. q. 1.	bon-sent-I-d27-p2-a1-q1		chunk		
bon-brev-p1-c3	5	apparatus:p212-3	p212-3	crossref	chain-continuation	d. 31. p. II. a. 1. q. 1.	bon-sent-I-d31-p2-a1-q1		chunk		
bon-brev-p1-c3	5	apparatus:p212-3	p212-3	crossref	chain-continuation	d. 37. p. II. dub. 2.	bon-sent-I-d37-p2-dubia		chunk		
bon-brev-p1-c3	5	apparatus:p212-4	p212-4	crossref	logical	I. Sent. d. 10. a. 1.	bon-sent-I-d10-a1-q1+bon-sent-I-d10-a1-q2+bon-sent-I-d10-a1-q3		articulus		
bon-brev-p1-c3	5	apparatus:p212-4	p212-4	crossref	chain-continuation	d. 18. q. 5.	bon-sent-I-d18-a1-q5		chunk		
bon-brev-p1-c4	5	apparatus:p212-5	p212-5	crossref	logical	I. Sent. d. 22. q. 4	bon-sent-I-d22-a1-q4		chunk		
bon-brev-p1-c4	5	apparatus:p212-5	p212-5	crossref	logical	I. Sent. d. 5. a. 1. q. 1	bon-sent-I-d5-a1-q1		chunk		
bon-brev-p1-c4	5	apparatus:p212-5	p212-5	crossref	chain-continuation	d. 25. a. 1. q. 2.	bon-sent-I-d25-a1-q2		chunk		
bon-brev-p1-c4	5	apparatus:p212-5	p212-5	crossref	chain-continuation	d. 33. q. 2.	bon-sent-I-d33-a1-q2		chunk		
bon-brev-p1-c4	5	apparatus:p212-5	p212-5	crossref	logical	I. Sent. d. 23. a. 1. q. 3	bon-sent-I-d23-a1-q3		chunk		
bon-brev-p1-c4	5	apparatus:p212-5	p212-5	crossref	chain-continuation	d. 26. q. 1.	bon-sent-I-d26-a1-q1		chunk		
bon-brev-p1-c4	5	apparatus:p212-5	p212-5	crossref	logical	I. Sent. d. 22. q. 3.	bon-sent-I-d22-a1-q3		chunk		
bon-brev-p1-c4	5	apparatus:p212-7	p212-7	crossref	logical	I. Sent. d. 26. q. 2	bon-sent-I-d26-a1-q2		chunk		
bon-brev-p1-c4	5	apparatus:p212-7	p212-7	crossref	chain-continuation	d. 27. p. I. q. 3.	bon-sent-I-d27-p1-a1-q3		chunk		
bon-brev-p1-c4	5	apparatus:p212-7	p212-7	crossref	chain-continuation	d. 33. q. 1.	bon-sent-I-d33-a1-q1		chunk		
bon-brev-p1-c4	5	apparatus:p212-7	p212-7	crossref	logical	I. Sent. d. 22. dub. 2	bon-sent-I-d22-dubia		chunk		
bon-brev-p1-c4	5	apparatus:p212-7	p212-7	crossref	chain-continuation	d. 31. p. I. q. 2.	bon-sent-I-d31-p1-a1-q2		chunk		
bon-brev-p1-c4	5	apparatus:p212-7	p212-7	crossref	chain-continuation	d. 24. a. 3. q. 1.	bon-sent-I-d24-a3-q1		chunk		
bon-brev-p1-c4	5	apparatus:p213-2	p213-2	crossref	page	tom. I. pag. 576, nota 1	bon-sent-I-d33-a1-q2+bon-sent-I-d33-a1-q3		page-multi		
bon-brev-p1-c4	5	apparatus:p213-3	p213-3	crossref	logical	I. Sent. d. 23. a. 1. q. 1	bon-sent-I-d23-a1-q1		chunk		
bon-brev-p1-c4	5	apparatus:p213-3	p213-3	crossref	chain-continuation	d. 25. a. 1.	bon-sent-I-d25-a1-q1+bon-sent-I-d25-a1-q2		articulus		
bon-brev-p1-c4	5	apparatus:p213-7	p213-7	crossref	logical	I. Sent. d. 30. q. 1.	bon-sent-I-d30-a1-q1		chunk		
bon-brev-p1-c4	5	apparatus:p213-7	p213-7	crossref	chain-continuation	d. 22. q. 3	bon-sent-I-d22-a1-q3		chunk		
bon-brev-p1-c4	5	apparatus:p213-7	p213-7	crossref	chain-continuation	d. 34. q. 3	bon-sent-I-d34-a1-q3		chunk		
bon-brev-p1-c5	5	apparatus:p214-1	p214-1	crossref	logical	I. Sent. d. 21. dub. 2	bon-sent-I-d21-dubia		chunk		
bon-brev-p1-c5	5	apparatus:p214-1	p214-1	crossref	relative	ibid. d. 14. a. 2. q. 1.	bon-sent-I-d14-a2-q1		chunk		
bon-brev-p1-c5	5	apparatus:p214-1	p214-1	crossref	chain-continuation	d. 15. p. II. q. 1.	bon-sent-I-d15-p2-a1-q1		chunk		
bon-brev-p1-c5	5	apparatus:p214-1	p214-1	crossref	relative	ibid. d. 16.	I:d16		distinctio		
bon-brev-p1-c5	5	apparatus:p214-1	p214-1	crossref	relative	ibid. d. 15. p. I. q. 1	bon-sent-I-d15-p1-a1-q1		chunk		
bon-brev-p1-c5	5	apparatus:p214-3	p214-3	crossref	logical	I. Sent. d. 37. p. I. a. 3. q. 2.	bon-sent-I-d37-p1-a3-q2		chunk		
bon-brev-p1-c5	5	apparatus:p214-5	p214-5	scripture	apparatus-explicit	Ioan. 14, 23	Ioan 14:23	A	verse		
bon-brev-p1-c5	5	apparatus:p214-5	p214-5	scripture	apparatus-explicit	Ioan. 1, 32	Ioan 1:32	A	verse		
bon-brev-p1-c5	5	apparatus:p214-5	p214-5	scripture	apparatus-explicit	Act. 2, 3	Act 2:3	A	verse		
bon-brev-p1-c5	5	apparatus:p214-6	p214-6	crossref	logical	I. Sent. d. 16. q. 3.	bon-sent-I-d16-a1-q3		chunk		
bon-brev-p1-c6	5	apparatus:p214-9	p214-9	crossref	logical	I. Sent. d. 31. p. II. a. 1. q. 3.	bon-sent-I-d31-p2-a1-q3		chunk		
bon-brev-p1-c6	5	apparatus:p214-9	p214-9	crossref	relative-inherited	ibid.	bon-sent-I-d31-p2-a1-q3		chunk		
bon-brev-p1-c6	5	apparatus:p214-9	p214-9	crossref	chain-continuation	d. 34. q. 4.	bon-sent-I-d34-a1-q4		chunk		
bon-brev-p1-c6	5	apparatus:p214-9	p214-9	crossref	chain-continuation	d. 3. p. I. dub. 3.	bon-sent-I-d3-p1-dubia		chunk		
bon-brev-p1-c6	5	apparatus:p215-1	p215-1	crossref	logical	IV. Sent. d. 14. p. II. a. 1. q. 1.	bon-sent-IV-d14-p2-a1-q1		chunk		
bon-brev-p1-c6	5	apparatus:p215-3	p215-3	crossref	page	tom. II. pag. 808, nota 5	bon-sent-II-d34-a1-q2+bon-sent-II-d34-a1-q3		page-multi		
bon-brev-p1-c6	5	apparatus:p215-3	p215-3	crossref	logical	I. Sent. d. 27. p. I. q. 2.	bon-sent-I-d27-p1-a1-q2		chunk		
bon-brev-p1-c6	5	apparatus:p215-3	p215-3	crossref	chain-continuation	d. 6. q. 3	bon-sent-I-d6-a1-q3		chunk		
bon-brev-p1-c6	5	apparatus:p215-3	p215-3	crossref	chain-continuation	d. 27. p. II. q. 2	bon-sent-I-d27-p2-a1-q2		chunk		
bon-brev-p1-c6	5	apparatus:p215-3	p215-3	crossref	chain-continuation	d. 35. q. 1	bon-sent-I-d35-a1-q1		chunk		
bon-brev-p1-c6	5	apparatus:p215-3	p215-3	crossref	chain-continuation	d. 36. dub. 4.	bon-sent-I-d36-dubia		chunk		
bon-brev-p1-c6	5	apparatus:p215-4	p215-4	crossref	anaphor->chain-continuation	ibid.	bon-sent-I-d36-dubia		chunk	yes	d. 36. dub. 4.
bon-brev-p1-c6	5	apparatus:p215-5	p215-5	crossref	page	supra pag. 39, nota 7	tom5:p39		forward		
bon-brev-p1-c7	5	apparatus:p215-6	p215-6	crossref	page	tom. I. pag. 52, nota 4	bon-sent-I-d2-a1-q1+bon-sent-I-d2-a1-q2		page-multi		
bon-brev-p1-c7	5	apparatus:p215-6	p215-6	crossref	logical	I. Sent. d. 42.	I:d42		distinctio		
bon-brev-p1-c7	5	apparatus:p215-6	p215-6	crossref	chain-continuation	d. 43.	I:d43		distinctio		
bon-brev-p1-c7	5	apparatus:p216-1	p216-1	crossref	logical	I. Sent. d. 4. q. 1.	bon-sent-I-d4-a1-q1		chunk		
bon-brev-p1-c7	5	apparatus:p216-3	p216-3	crossref	logical	II. Sent. d. 18. a. 1. q. 2.	bon-sent-II-d18-a1-q2		chunk		
bon-brev-p1-c8	5	apparatus:p216-4	p216-4	crossref	logical	I. Sent. d. 35. dub. 3	bon-sent-I-d35-dubia		chunk		
bon-brev-p1-c8	5	apparatus:p216-4	p216-4	crossref	chain-continuation	d. 36. dub. 3.	bon-sent-I-d36-dubia		chunk		
bon-brev-p1-c8	5	apparatus:p216-4	p216-4	crossref	chain-continuation	d. 38	I:d38		distinctio		
bon-brev-p1-c8	5	apparatus:p216-5	p216-5	crossref	logical	IV. Sent. d. 43. a. 2. q. 1	bon-sent-IV-d43-a2-q1		chunk		
bon-brev-p1-c8	5	apparatus:p216-5	p216-5	crossref	logical	I. Sent. d. 27. p. II. q. 3.	bon-sent-I-d27-p2-a1-q3		chunk		
bon-brev-p1-c8	5	apparatus:p216-5	p216-5	crossref	chain-continuation	d. 35. q. 1.	bon-sent-I-d35-a1-q1		chunk		
bon-brev-p1-c8	5	apparatus:p216-5	p216-5	crossref	chain-continuation	d. 36. a. 2. q. 1.	bon-sent-I-d36-a2-q1		chunk		
bon-brev-p1-c8	5	apparatus:p216-5	p216-5	crossref	work	Quaest. de scientia Christi	work:scientia-christi		work		
bon-brev-p1-c8	5	apparatus:p216-6	p216-6	crossref	logical	I. Sent. d. 39. a. 2. q. 1	bon-sent-I-d39-a2-q1		chunk		
bon-brev-p1-c8	5	apparatus:p216-6	p216-6	crossref	relative	ibid. d. 38. a. 2. q. 1	bon-sent-I-d38-a2-q1		chunk		
bon-brev-p1-c8	5	apparatus:p216-6	p216-6	crossref	chain-continuation	d. 40. a. 2. q. 1.	bon-sent-I-d40-a2-q1		chunk		
bon-brev-p1-c8	5	apparatus:p217-4	p217-4	crossref	work	Quaest. de scientia Christi	work:scientia-christi		work		
bon-brev-p1-c8	5	apparatus:p217-4	p217-4	crossref	logical	I. Sent. d. 35. q. 2.	bon-sent-I-d35-a1-q2		chunk		
bon-brev-p1-c8	5	apparatus:p217-6	p217-6	crossref	logical	I. Sent. d. 8. p. II. q. 4.	bon-sent-I-d8-p2-a1-q4		chunk		
bon-brev-p1-c9	5	apparatus:p217-7	p217-7	crossref	logical	I. Sent. d. 45	I:d45		distinctio		
bon-brev-p1-c9	5	apparatus:p218-1	p218-1	crossref	page	tom. I. pag. 714, nota 3	bon-sent-I-d40-a3-q1		chunk		
bon-brev-p1-c9	5	apparatus:p218-2	p218-2	crossref	logical	I. Sent. d. 48.	I:d48		distinctio		
bon-brev-p1-c9	5	apparatus:p218-3	p218-3	scripture	apparatus-explicit	Ps. 36, 27	Ps 36:27	A	verse		
bon-brev-p1-c9	5	apparatus:p218-4	p218-4	crossref	logical	II. Sent. d. 37. a. 1. q. 1.	bon-sent-II-d37-a1-q1		chunk		
bon-brev-p1-c9	5	apparatus:p218-6	p218-6	crossref	page	tom. IV. pag. 964, nota 3	bon-sent-IV-d46-a2-q2+bon-sent-IV-d46-a2-q3		page-multi		
bon-brev-p1-c9	5	apparatus:p218-6	p218-6	scripture	apparatus-explicit	I. Petr. 4, 11	1Petr 4:11	A	verse		
bon-brev-p1-c9	5	apparatus:p218-7	p218-7	scripture	apparatus-explicit	Rom. 11, 33-36	Rom 11:33-36	A	verse		
bon-brev-p1-c9	5	apparatus:p218-7	p218-7	crossref	logical	I. Sent. d. 41. a. 1. q. 2.	bon-sent-I-d41-a1-q2		chunk		
bon-brev-p2-c1	5	apparatus:p219-1	p219-1	scripture	apparatus-explicit	Sap. 11, 21	Sap 11:21	A	verse		
bon-brev-p2-c1	5	apparatus:p219-1	p219-1	crossref	logical	II. Sent. d. 1. p. I. a. 1.	bon-sent-II-d1-p1-a1-q1+bon-sent-II-d1-p1-a1-q2		articulus		
bon-brev-p2-c1	5	apparatus:p219-1	p219-1	crossref	logical	I. Sent. d. 3. p. I. dub. 3	bon-sent-I-d3-p1-dubia		chunk		
bon-brev-p2-c1	5	apparatus:p219-2	p219-2	crossref	page	supra pag. 12, nota 9	tom5:p12		forward		
bon-brev-p2-c1	5	apparatus:p219-2	p219-2	crossref	page	pag. 19, nota 8	tom5:p19		forward		
bon-brev-p2-c10	5	latin_body		crossref	relative-bare	ibid			unresolvable		
bon-brev-p2-c10	5	apparatus:p228-1	p228-1	scripture	apparatus-explicit	Gen. 2, 7	Gen 2:7	A	verse		
bon-brev-p2-c10	5	apparatus:p228-3	p228-3	scripture	apparatus-explicit	Gen. 2, 9	Gen 2:9	A	verse		
bon-brev-p2-c10	5	apparatus:p228-3	p228-3	crossref	logical	II. Sent. d. 17. a. 2. q. 1	bon-sent-II-d17-a2-q1		chunk		
bon-brev-p2-c10	5	apparatus:p228-3	p228-3	crossref	relative	ibid. d. 18. a. 1. q. 1	bon-sent-II-d18-a1-q1		chunk		
bon-brev-p2-c10	5	apparatus:p228-3	p228-3	crossref	relative	ibid. d. 19. a. 2. q. 1.	bon-sent-II-d19-a2-q1		chunk		
bon-brev-p2-c10	5	apparatus:p228-3	p228-3	crossref	relative	ibid. d. 20.	II:d20		distinctio		
bon-brev-p2-c10	5	apparatus:p228-5	p228-5	crossref	logical	II. Sent. d. 17. a. 2. q. 3.	bon-sent-II-d17-a2-q3		chunk		
bon-brev-p2-c10	5	apparatus:p228-6	p228-6	crossref	page	supra pag. 161, nota 2	tom5:p161		forward		
bon-brev-p2-c10	5	apparatus:p228-7	p228-7	scripture	apparatus-explicit	Eccle. 7, 30	Eccle 7:30	A	verse		
bon-brev-p2-c10	5	apparatus:p228-7	p228-7	crossref	page	supra pag. 225, nota 1	bon-brev-p2-c7+bon-brev-p2-c8		page-multi		
bon-brev-p2-c10	5	apparatus:p228-9	p228-9	crossref	page	tom. I. pag. 316, nota 12	bon-sent-I-d17-p2-a1-q4		chunk		
bon-brev-p2-c11	5	apparatus:p229-1	p229-1	scripture	apparatus-explicit	Gen. 2, 8	Gen 2:8	A	verse		
bon-brev-p2-c11	5	apparatus:p229-1	p229-1	crossref	logical	II. Sent. d. 17. dub. 2	bon-sent-II-d17-dubia		chunk		
bon-brev-p2-c11	5	apparatus:p229-2	p229-2	scripture	apparatus-explicit	Gen. 1, 28	Gen 1:28	A	verse		
bon-brev-p2-c11	5	apparatus:p229-2	p229-2	scripture	anaphor->apparatus-explicit	ibid.	Gen 1:28	A	verse	yes	Gen. 1, 28
bon-brev-p2-c11	5	apparatus:p229-2	p229-2	scripture	apparatus-explicit	Ps. 36, 27	Ps 36:27	A	verse		
bon-brev-p2-c11	5	apparatus:p229-2	p229-2	scripture	anaphor->apparatus-explicit	ibid.	Ps 36:27	A	verse	yes	Ps. 36, 27
bon-brev-p2-c11	5	apparatus:p229-2	p229-2	crossref	relative	ibid. d. 39.			unresolvable		
bon-brev-p2-c11	5	apparatus:p229-2	p229-2	crossref	anaphor->relative	ibid.			unresolvable	yes	ibid. d. 39.
bon-brev-p2-c11	5	apparatus:p229-4	p229-4	scripture	apparatus-explicit	Ezech. 2, 9	Ezech 2:9	A	verse		
bon-brev-p2-c11	5	apparatus:p229-4	p229-4	scripture	apparatus-explicit	Apoc. 5, 1	Apoc 5:1	A	verse		
bon-brev-p2-c11	5	apparatus:p229-5	p229-5	crossref	logical	II. Sent. d. 24. p. II. dub. 3.	bon-sent-II-d24-p2-dubia		chunk		
bon-brev-p2-c11	5	apparatus:p229-5	p229-5	crossref	page	ibid. pag. 604, nota 5	bon-sent-II-d25-p1-a1-q5+bon-sent-II-d25-p1-a1-q6		page-multi		
bon-brev-p2-c11	5	apparatus:p229-6	p229-6	crossref	logical	II. Sent. d. 17. dub. 5	bon-sent-II-d17-dubia		chunk		
bon-brev-p2-c11	5	apparatus:p230-1	p230-1	scripture	apparatus-explicit	Matth. 22, 37	Matth 22:37	A	verse		
bon-brev-p2-c12	5	apparatus:p230-2	p230-2	crossref	logical	I. Sent. d. 3. p. I. q. 2	bon-sent-I-d3-p1-a1-q2		chunk		
bon-brev-p2-c12	5	apparatus:p230-2	p230-2	crossref	logical	II. Sent. d. 16. a. 2. q. 3.	bon-sent-II-d16-a2-q3		chunk		
bon-brev-p2-c12	5	apparatus:p230-3	p230-3	crossref	page	supra pag. 24	tom5:p24		forward		
bon-brev-p2-c12	5	apparatus:p230-4	p230-4	crossref	logical	IV. Sent. d. 49. p. I. q. 5.	bon-sent-IV-d49-p1-a1-q5		chunk		
bon-brev-p2-c12	5	apparatus:p230-5	p230-5	scripture	apparatus-explicit	Gen. 1, 3	Gen 1:3	A	verse		
bon-brev-p2-c12	5	apparatus:p230-5	p230-5	crossref	page	supra pag. 204, nota 9	bon-brev-prol-s2+bon-brev-prol-s3		page-multi		
bon-brev-p2-c12	5	apparatus:p230-7	p230-7	crossref	anaphor->page	loc. cit.	bon-brev-prol-s2+bon-brev-prol-s3		page-multi	yes	supra pag. 204, nota 9
bon-brev-p2-c12	5	apparatus:p230-7	p230-7	crossref	page	supra pag. 225, nota 6	bon-brev-p2-c7+bon-brev-p2-c8		page-multi		
bon-brev-p2-c2	5	apparatus:p219-5	p219-5	scripture	apparatus-explicit	Gen. 1, 1	Gen 1:1	A	verse		
bon-brev-p2-c2	5	apparatus:p219-5	p219-5	scripture	anaphor->apparatus-explicit	ibid.	Gen 1:1	A	verse	yes	Gen. 1, 1
bon-brev-p2-c2	5	apparatus:p219-5	p219-5	scripture	apparatus-explicit	Ioan. 5, 17	Ioan 5:17	A	verse		
bon-brev-p2-c2	5	apparatus:p219-5	p219-5	crossref	logical	II. Sent. d. 12	II:d12		distinctio		
bon-brev-p2-c2	5	apparatus:p219-5	p219-5	crossref	relative	ibid. d. 7. p. II. a. 2. q. 1	bon-sent-II-d7-p2-a2-q1		chunk		
bon-brev-p2-c2	5	apparatus:p219-5	p219-5	crossref	chain-continuation	d. 15. a. 2. q. 3.	bon-sent-II-d15-a2-q3		chunk		
bon-brev-p2-c2	5	apparatus:p219-5	p219-5	crossref	chain-continuation	d. 18. a. 1. q. 2.	bon-sent-II-d18-a1-q2		chunk		
bon-brev-p2-c2	5	apparatus:p220-1	p220-1	crossref	logical	II. Sent. d. 12. a. 2. q. 2	bon-sent-II-d12-a2-q2		chunk		
bon-brev-p2-c2	5	apparatus:p220-1	p220-1	crossref	chain-continuation	d. 1. p. I. dub. 2.	bon-sent-II-d1-p1-dubia		chunk		
bon-brev-p2-c2	5	apparatus:p220-4	p220-4	crossref	anaphor->chain-continuation	ibid.	bon-sent-II-d1-p1-dubia		chunk	yes	d. 1. p. I. dub. 2.
bon-brev-p2-c2	5	apparatus:p220-5	p220-5	scripture	apparatus-explicit	Eccli. 18, 1	Eccli 18:1	A	verse		
bon-brev-p2-c2	5	apparatus:p220-5	p220-5	crossref	logical	II. Sent. d. 12. a. 1. q. 2	bon-sent-II-d12-a1-q2		chunk		
bon-brev-p2-c2	5	apparatus:p220-5	p220-5	crossref	page	pag. 223	bon-brev-p2-c5		chunk		
bon-brev-p2-c3	5	apparatus:p220-6	p220-6	crossref	logical	II. Sent. d. 2. p. II. a. 1. q. 1	bon-sent-II-d2-p2-a1-q1		chunk		
bon-brev-p2-c3	5	apparatus:p220-6	p220-6	crossref	chain-continuation	d. 14. p. I. a. 1. q. 1.	bon-sent-II-d14-p1-a1-q1		chunk		
bon-brev-p2-c3	5	apparatus:p220-6	p220-6	crossref	page	ibid. pag. 321, nota 4	bon-sent-II-d13-a2-q2		chunk		
bon-brev-p2-c3	5	apparatus:p221-1	p221-1	crossref	logical	II. Sent. d. 14. p. I. a. 1. q. 2.	bon-sent-II-d14-p1-a1-q2		chunk		
bon-brev-p2-c3	5	apparatus:p221-1	p221-1	crossref	chain-continuation	d. 17. a. 2. q. 2.	bon-sent-II-d17-a2-q2		chunk		
bon-brev-p2-c3	5	apparatus:p221-1	p221-1	crossref	relative-inherited	ibid.	bon-sent-II-d14-p1-a1-q2		chunk		
bon-brev-p2-c3	5	apparatus:p221-3	p221-3	crossref	work	Quaest. de scientia Christi	work:scientia-christi		work		
bon-brev-p2-c4	5	apparatus:p221-4	p221-4	scripture	apparatus-explicit	Gen. 1, 14	Gen 1:14	A	verse		
bon-brev-p2-c4	5	apparatus:p221-4	p221-4	crossref	logical	II. Sent. d. 2. p. II. a. 1. q. 2.	bon-sent-II-d2-p2-a1-q2		chunk		
bon-brev-p2-c4	5	apparatus:p221-4	p221-4	crossref	chain-continuation	d. 14. p. II. a. 2. q. 2.	bon-sent-II-d14-p2-a2-q2		chunk		
bon-brev-p2-c4	5	apparatus:p221-5	p221-5	crossref	logical	II. Sent. d. 14. p. II. dub. 4.	bon-sent-II-d14-p2-dubia		chunk		
bon-brev-p2-c4	5	apparatus:p221-6	p221-6	crossref	logical	II. Sent. d. 15. a. 1. q. 3.	bon-sent-II-d15-a1-q3		chunk		
bon-brev-p2-c4	5	apparatus:p221-6	p221-6	crossref	chain-continuation	d. 17. a. 2. q. 2.	bon-sent-II-d17-a2-q2		chunk		
bon-brev-p2-c4	5	apparatus:p221-7	p221-7	scripture	apparatus-explicit	Rom. 8, 19	Rom 8:19	A	verse		
bon-brev-p2-c4	5	apparatus:p221-7	p221-7	crossref	page	tom. II. pag. 421, nota 4	bon-sent-II-d17-a2-q2		chunk		
bon-brev-p2-c4	5	apparatus:p222-1	p222-1	crossref	logical	II. Sent. d. 15. a. 2. q. 1.	bon-sent-II-d15-a2-q1		chunk		
bon-brev-p2-c4	5	apparatus:p222-1	p222-1	crossref	chain-continuation	d. 16. a. 1. q. 1.	bon-sent-II-d16-a1-q1		chunk		
bon-brev-p2-c4	5	apparatus:p222-2	p222-2	scripture	apparatus-explicit	II. Cor. 5, 1	2Cor 5:1	A	verse		
bon-brev-p2-c4	5	apparatus:p222-2	p222-2	crossref	page	tom. IV. pag. 979, nota 6	bon-sent-IV-d47-a2-q3+bon-sent-IV-d47-a2-q4		page-multi		
bon-brev-p2-c5	5	apparatus:p222-4	p222-4	crossref	logical	I. Sent. d. 20. a. 2. q. 1.	bon-sent-I-d20-a2-q1		chunk		
bon-brev-p2-c5	5	apparatus:p222-4	p222-4	crossref	chain-continuation	d. 19. p. I. q. 4.	bon-sent-I-d19-p1-a1-q4		chunk		
bon-brev-p2-c5	5	apparatus:p222-5	p222-5	scripture	apparatus-explicit	Gen. 1, 1	Gen 1:1	A	verse		
bon-brev-p2-c5	5	apparatus:p222-5	p222-5	scripture	anaphor->apparatus-explicit	ibid.	Gen 1:1	A	verse	yes	Gen. 1, 1
bon-brev-p2-c5	5	apparatus:p223-1	p223-1	scripture	apparatus-explicit	Eccli. 18, 1	Eccli 18:1	A	verse		
bon-brev-p2-c5	5	apparatus:p223-2	p223-2	scripture	apparatus-explicit	Gen. 1, 2	Gen 1:2	A	verse		
bon-brev-p2-c5	5	apparatus:p223-2	p223-2	crossref	logical	II. Sent. d. 12. a. 1. q. 3.	bon-sent-II-d12-a1-q3		chunk		
bon-brev-p2-c5	5	apparatus:p223-5	p223-5	scripture	apparatus-explicit	Gen. 1, 6	Gen 1:6	A	verse		
bon-brev-p2-c5	5	apparatus:p223-5	p223-5	crossref	logical	II. Sent. d. 14. p. I. a. 1. q. 1	bon-sent-II-d14-p1-a1-q1		chunk		
bon-brev-p2-c5	5	apparatus:p223-5	p223-5	crossref	page	pag. 338, nota 3	bon-hex-c2		chunk		
bon-brev-p2-c5	5	apparatus:p223-8	p223-8	crossref	anaphor->page	ibid.	bon-hex-c2		chunk	yes	pag. 338, nota 3
bon-brev-p2-c5	5	apparatus:p223-9	p223-9	crossref	logical	II. Sent. d. 12. a. 1. q. 2.	bon-sent-II-d12-a1-q2		chunk		
bon-brev-p2-c5	5	apparatus:p223-9	p223-9	crossref	chain-continuation	d. 13. a. 1. q. 1	bon-sent-II-d13-a1-q1		chunk		
bon-brev-p2-c6	5	apparatus:p224-4	p224-4	crossref	logical	II. Sent. d. 3. p. I. a. 1. q. 1.	bon-sent-II-d3-p1-a1-q1		chunk		
bon-brev-p2-c6	5	apparatus:p224-5	p224-5	crossref	logical	I. Sent. d. 25. a. 1. q. 2.	bon-sent-I-d25-a1-q2		chunk		
bon-brev-p2-c6	5	apparatus:p224-5	p224-5	crossref	logical	II. Sent. d. 25. p. I. q. 1.	bon-sent-II-d25-p1-a1-q1		chunk		
bon-brev-p2-c6	5	apparatus:p224-6	p224-6	crossref	page	supra pag. 215, nota 4	bon-brev-p1-c6+bon-brev-p1-c7		page-multi		
bon-brev-p2-c6	5	apparatus:p224-7	p224-7	crossref	page	tom. II. pag. 50, nota 1	bon-sent-II-d1-p2-a3-q2		chunk		
bon-brev-p2-c6	5	apparatus:p224-7	p224-7	crossref	page	pag. 177, nota 5	bon-sent-II-d7-p1-a1-q1		chunk		
bon-brev-p2-c7	5	apparatus:p224-8	p224-8	crossref	logical	II. Sent. d. 3. p. II. a. 1.	bon-sent-II-d3-p2-a1-q1+bon-sent-II-d3-p2-a1-q2		articulus		
bon-brev-p2-c7	5	apparatus:p224-8	p224-8	crossref	relative	ibid. d. 5. a. 1.	bon-sent-II-d5-a1-q1+bon-sent-II-d5-a1-q2		articulus		
bon-brev-p2-c7	5	apparatus:p224-8	p224-8	crossref	relative	ibid. d. 6. a. 2.	bon-sent-II-d6-a2-q1+bon-sent-II-d6-a2-q2		articulus		
bon-brev-p2-c7	5	apparatus:p224-8	p224-8	crossref	relative	ibid. d. 8. p. II.	II:d8		distinctio		
bon-brev-p2-c7	5	apparatus:p225-1	p225-1	crossref	page	tom. II. pag. 113, nota 7	bon-sent-II-d3-p2-a1-q1		chunk		
bon-brev-p2-c7	5	apparatus:p225-4	p225-4	crossref	page	tom. III. pag. 493, nota 1	bon-sent-III-d23-a2-q3		chunk		
bon-brev-p2-c8	5	apparatus:p225-6	p225-6	scripture	apparatus-explicit	Hebr. 1, 14	Hebr 1:14	A	verse		
bon-brev-p2-c8	5	apparatus:p225-6	p225-6	crossref	page	tom. II. pag. 127, nota 2	bon-sent-II-d3-p2-a3-q1+bon-sent-II-d3-p2-a3-q2		page-multi		
bon-brev-p2-c8	5	apparatus:p225-6	p225-6	crossref	page	pag. 267, nota 4	bon-sent-II-d10-a2-q2+bon-sent-II-d10-a3-q1		page-multi		
bon-brev-p2-c8	5	apparatus:p225-6	p225-6	crossref	anaphor->page	ibid.	bon-sent-II-d10-a2-q2+bon-sent-II-d10-a3-q1		page-multi	yes	pag. 267, nota 4
bon-brev-p2-c8	5	apparatus:p225-7	p225-7	crossref	page	supra pag. 224, nota 7	bon-brev-p2-c5+bon-brev-p2-c6+bon-brev-p2-c7		page-multi		
bon-brev-p2-c8	5	apparatus:p226-1	p226-1	crossref	page	tom. II. pag. 141, nota 5	bon-sent-II-d4-a3-q1+bon-sent-II-d4-a3-q2		page-multi		
bon-brev-p2-c8	5	apparatus:p226-1	p226-1	crossref	logical	II. Sent. d. 8. p. I.	II:d8		distinctio		
bon-brev-p2-c8	5	apparatus:p226-2	p226-2	scripture	apparatus-explicit	I. Cor. 13, 12	1Cor 13:12	A	verse		
bon-brev-p2-c8	5	apparatus:p226-3	p226-3	crossref	logical	II. Sent. d. 9.	II:d9		distinctio		
bon-brev-p2-c8	5	apparatus:p226-3	p226-3	crossref	relative-inherited	ibid.	II:d9		distinctio		
bon-brev-p2-c8	5	apparatus:p226-4	p226-4	crossref	logical	II. Sent. d. 9	II:d9		distinctio		
bon-brev-p2-c8	5	apparatus:p226-5	p226-5	crossref	logical	II. Sent. d. 9. q. 4.	bon-sent-II-d9-a1-q4		chunk		
bon-brev-p2-c9	5	apparatus:p226-8	p226-8	crossref	logical	I. Sent. d. 3. p. II. a. 1. q. 1.	bon-sent-I-d3-p2-a1-q1		chunk		
bon-brev-p2-c9	5	apparatus:p226-9	p226-9	crossref	page	tom. II. pag. 28, nota 3	bon-sent-II-d1-p1-a2-q1+bon-sent-II-d1-p1-a2-q2		page-multi		
bon-brev-p2-c9	5	apparatus:p227-1	p227-1	scripture	apparatus-explicit	Ioan. 8, 34	Ioan 8:34	A	verse		
bon-brev-p2-c9	5	apparatus:p227-1	p227-1	crossref	page	tom. III. pag. 350, nota 9	bon-sent-III-d16-a1-q3		chunk		
bon-brev-p2-c9	5	apparatus:p227-1	p227-1	crossref	page	pag. 381, nota 1	bon-sent-III-d18-a1-q1		chunk		
bon-brev-p2-c9	5	apparatus:p227-3	p227-3	crossref	page	tom. IV. pag. 273, nota 3	bon-sent-IV-d12-p1-a1-q2+bon-sent-IV-d12-p1-a1-q3		page-multi		
bon-brev-p2-c9	5	apparatus:p227-3	p227-3	crossref	logical	II. Sent. d. 15. a. 1. q. 1.	bon-sent-II-d15-a1-q1		chunk		
bon-brev-p2-c9	5	apparatus:p227-3	p227-3	crossref	chain-continuation	d. 17. a. 1. q. 2.	bon-sent-II-d17-a1-q2		chunk		
bon-brev-p2-c9	5	apparatus:p227-5	p227-5	crossref	page	tom. II. pag. 319, nota 8	bon-sent-II-d13-a2-q1+bon-sent-II-d13-a2-q2		page-multi		
bon-brev-p2-c9	5	apparatus:p227-6	p227-6	crossref	page	tom. III. pag. 579, nota 9	bon-sent-III-d26-a2-q5		chunk		
bon-brev-p2-c9	5	apparatus:p227-7	p227-7	crossref	logical	II. Sent. d. 24. p. I. a. 2. q. 1.	bon-sent-II-d24-p1-a2-q1		chunk		
bon-brev-p2-c9	5	apparatus:p227-8	p227-8	crossref	logical	II. Sent. d. 24. p. I. a. 2. q. 3.	bon-sent-II-d24-p1-a2-q3		chunk		
bon-brev-p2-c9	5	apparatus:p227-9	p227-9	crossref	logical	II. Sent. d. 25. p. I. q. 3.	bon-sent-II-d25-p1-a1-q3		chunk		
bon-brev-p3-c1	5	apparatus:p231-1	p231-1	crossref	logical	II. Sent. d. 25. p. II. q. 3	bon-sent-II-d25-p2-a1-q3		chunk		
bon-brev-p3-c1	5	apparatus:p231-1	p231-1	crossref	chain-continuation	d. 34.	II:d34		distinctio		
bon-brev-p3-c1	5	apparatus:p231-3	p231-3	crossref	logical	I. Sent. d. 3. p. I. dub. 3.	bon-sent-I-d3-p1-dubia		chunk		
bon-brev-p3-c1	5	apparatus:p231-5	p231-5	crossref	logical	II. Sent. d. 35. dub. 6	bon-sent-II-d35-dubia		chunk		
bon-brev-p3-c1	5	apparatus:p231-5	p231-5	crossref	page	supra pag. 188, nota 6	tom5:p188		forward		
bon-brev-p3-c1	5	apparatus:p231-6	p231-6	crossref	logical	II. Sent. d. 1. p. I. a. 2. q. 1.	bon-sent-II-d1-p1-a2-q1		chunk		
bon-brev-p3-c1	5	apparatus:p231-6	p231-6	crossref	chain-continuation	d. 34. a. 2. q. 1.	bon-sent-II-d34-a2-q1		chunk		
bon-brev-p3-c10	5	apparatus:p239-1	p239-1	scripture	apparatus-explicit	Rom. 1, 28	Rom 1:28	A	verse		
bon-brev-p3-c10	5	apparatus:p239-1	p239-1	scripture	anaphor->apparatus-explicit	ibid.	Rom 1:28	A	verse	yes	Rom. 1, 28
bon-brev-p3-c10	5	apparatus:p239-2	p239-2	scripture	apparatus-explicit	Rom. 1, 26	Rom 1:26	A	verse		
bon-brev-p3-c10	5	apparatus:p239-3	p239-3	crossref	page	tom. II. pag. 826, nota 4	bon-sent-II-d35-a1-q2+bon-sent-II-d35-a1-q3		page-multi		
bon-brev-p3-c10	5	apparatus:p239-3	p239-3	crossref	logical	II. Sent. d. 36.	II:d36		distinctio		
bon-brev-p3-c10	5	apparatus:p239-4	p239-4	crossref	logical	II. Sent. d. 35.	II:d35		distinctio		
bon-brev-p3-c10	5	apparatus:p239-6	p239-6	crossref	page	tom. II. pag. 825, nota 4	bon-sent-II-d35-a1-q2		chunk		
bon-brev-p3-c11	5	apparatus:p240-1	p240-1	scripture	apparatus-explicit	Matth. 12, 32	Matth 12:32	A	verse		
bon-brev-p3-c11	5	apparatus:p240-1	p240-1	scripture	anaphor->apparatus-explicit	ibid.	Matth 12:32	A	verse	yes	Matth. 12, 32
bon-brev-p3-c11	5	apparatus:p240-1	p240-1	crossref	logical	II. Sent. d. 43.	II:d43		distinctio		
bon-brev-p3-c11	5	apparatus:p240-5	p240-5	crossref	logical	II. Sent. d. 22. a. 2. q. 3.	bon-sent-II-d22-a2-q3		chunk		
bon-brev-p3-c11	5	apparatus:p240-7	p240-7	scripture	apparatus-explicit	Ioan. 1, 17	Ioan 1:17	A	verse		
bon-brev-p3-c11	5	apparatus:p240-8	p240-8	scripture	apparatus-explicit	Psalm. 24, 10	Ps 24:10	A	verse		
bon-brev-p3-c11	5	apparatus:p240-8	p240-8	crossref	logical	IV. Sent. d. 46. a. 2. q. 3.	bon-sent-IV-d46-a2-q3		chunk		
bon-brev-p3-c11	5	apparatus:p241-2	p241-2	scripture	apparatus-explicit	I. Tim. 1, 17	1Tim 1:17	A	verse		
bon-brev-p3-c2	5	apparatus:p232-1	p232-1	scripture	apparatus-explicit	Gen. 3, 1	Gen 3:1	A	verse		
bon-brev-p3-c2	5	apparatus:p232-1	p232-1	scripture	anaphor->apparatus-explicit	ibid.	Gen 3:1	A	verse	yes	Gen. 3, 1
bon-brev-p3-c2	5	apparatus:p232-2	p232-2	crossref	page	supra pag. 218, nota 5	bon-brev-p1-c9		chunk		
bon-brev-p3-c2	5	apparatus:p232-5	p232-5	scripture	apparatus-explicit	Gen. 3, 3	Gen 3:3	A	verse		
bon-brev-p3-c2	5	apparatus:p232-6	p232-6	crossref	logical	II. Sent. d. 25. p. I. q. 6.	bon-sent-II-d25-p1-a1-q6		chunk		
bon-brev-p3-c2	5	apparatus:p232-7	p232-7	scripture	apparatus-explicit	I. Ioan. 2, 16	1Ioan 2:16	A	verse		
bon-brev-p3-c2	5	apparatus:p232-7	p232-7	scripture	apparatus-explicit	Gen. 3, 5	Gen 3:5	A	verse		
bon-brev-p3-c2	5	apparatus:p232-7	p232-7	crossref	logical	II. Sent. d. 21. a. 2.	bon-sent-II-d21-a2-q1+bon-sent-II-d21-a2-q2+bon-sent-II-d21-a2-q3		articulus		
bon-brev-p3-c3	5	apparatus:p233-2	p233-2	scripture	apparatus-explicit	I. Tim. 2, 14	1Tim 2:14	A	verse		
bon-brev-p3-c4	5	apparatus:p233-4	p233-4	scripture	apparatus-explicit	Gen. 3, 7	Gen 3:7	A	verse		
bon-brev-p3-c4	5	apparatus:p233-4	p233-4	scripture	anaphor->apparatus-explicit	ibid.	Gen 3:7	A	verse	yes	Gen. 3, 7
bon-brev-p3-c4	5	apparatus:p233-5	p233-5	crossref	page	supra pag. 224, nota 8	bon-brev-p2-c5+bon-brev-p2-c6+bon-brev-p2-c7		page-multi		
bon-brev-p3-c4	5	apparatus:p233-5	p233-5	crossref	logical	I. Sent. d. 46. q. 5.	bon-sent-I-d46-a1-q5		chunk		
bon-brev-p3-c4	5	apparatus:p234-2	p234-2	crossref	page	supra pag. 224, nota 8	bon-brev-p2-c5+bon-brev-p2-c6+bon-brev-p2-c7		page-multi		
bon-brev-p3-c5	5	apparatus:p234-4	p234-4	scripture	apparatus-explicit	Eph. 2, 3	Eph 2:3	A	verse		
bon-brev-p3-c5	5	apparatus:p234-4	p234-4	crossref	logical	II. Sent. d. 30. a. 2. q. 1.	bon-sent-II-d30-a2-q1		chunk		
bon-brev-p3-c5	5	apparatus:p234-4	p234-4	crossref	relative	ibid. d. 22. dub. 2.	bon-sent-II-d22-dubia		chunk		
bon-brev-p3-c5	5	apparatus:p234-5	p234-5	crossref	logical	II. Sent. d. 33. a. 3. q. 1.	bon-sent-II-d33-a3-q1		chunk		
bon-brev-p3-c5	5	apparatus:p234-6	p234-6	scripture	apparatus-explicit	Psalm. 24, 10	Ps 24:10	A	verse		
bon-brev-p3-c5	5	apparatus:p234-7	p234-7	crossref	logical	II. Sent. d. 30. a. 1. q. 1.	bon-sent-II-d30-a1-q1		chunk		
bon-brev-p3-c5	5	apparatus:p234-8	p234-8	crossref	page	supra pag. 231, nota 5	bon-brev-p3-c1+bon-brev-p3-c2		page-multi		
bon-brev-p3-c5	5	apparatus:p235-1	p235-1	crossref	logical	II. Sent. d. 33. a. 3. q. 1.	bon-sent-II-d33-a3-q1		chunk		
bon-brev-p3-c6	5	apparatus:p235-2	p235-2	crossref	logical	II. Sent. d. 31.	II:d31		distinctio		
bon-brev-p3-c6	5	apparatus:p235-2	p235-2	crossref	relative	ibid. d. 30. a. 1. q. 2	bon-sent-II-d30-a1-q2		chunk		
bon-brev-p3-c6	5	apparatus:p235-2	p235-2	crossref	relative	ibid. d. 32. a. 3.	bon-sent-II-d32-a3-q1+bon-sent-II-d32-a3-q2		articulus		
bon-brev-p3-c6	5	apparatus:p235-4	p235-4	crossref	logical	II. Sent. d. 30. a. 2. q. 1	bon-sent-II-d30-a2-q1		chunk		
bon-brev-p3-c6	5	apparatus:p235-7	p235-7	crossref	page	supra pag. 170, nota 3	tom5:p170		forward		
bon-brev-p3-c7	5	apparatus:p236-2	p236-2	crossref	logical	III. Sent. d. 3. p. I.	III:d3		distinctio		
bon-brev-p3-c7	5	apparatus:p236-2	p236-2	crossref	logical	II. Sent. d. 32. a. 1.	bon-sent-II-d32-a1-q1+bon-sent-II-d32-a1-q2		articulus		
bon-brev-p3-c8	5	latin_body	p236-7	scripture	body-ordinal	Iacobi primo	Iac 1:14	B	verse		
bon-brev-p3-c8	5	apparatus:p237-1	p237-1	scripture	anaphor->body-ordinal	loc. cit.	Iac 1:14	B	verse	yes	Iacobi primo
bon-brev-p3-c8	5	apparatus:p237-2	p237-2	crossref	logical	II. Sent. d. 41. a. 2. q. 2.	bon-sent-II-d41-a2-q2		chunk		
bon-brev-p3-c8	5	apparatus:p237-3	p237-3	crossref	page	tom. II. pag. 633, nota 5	bon-sent-II-d26-a1-q2		chunk		
bon-brev-p3-c8	5	apparatus:p237-5	p237-5	crossref	page	tom. II. pag. 976, nota 8	bon-sent-II-d42-dubia		chunk		
bon-brev-p3-c8	5	apparatus:p237-5	p237-5	scripture	apparatus-explicit	Ps. 36, 27	Ps 36:27	A	verse		
bon-brev-p3-c8	5	apparatus:p237-6	p237-6	crossref	logical	II. Sent. d. 42. a. 2. q. 1.	bon-sent-II-d42-a2-q1		chunk		
bon-brev-p3-c8	5	apparatus:p237-7	p237-7	crossref	logical	II. Sent. d. 21. dub. 4.	bon-sent-II-d21-dubia		chunk		
bon-brev-p3-c8	5	apparatus:p237-7	p237-7	crossref	chain-continuation	d. 41. a. 2. q. 1.	bon-sent-II-d41-a2-q1		chunk		
bon-brev-p3-c9	5	apparatus:p238-2	p238-2	scripture	apparatus-explicit	Eccli. 10, 15	Eccli 10:15	A	verse		
bon-brev-p3-c9	5	apparatus:p238-2	p238-2	scripture	apparatus-explicit	I. Ioan. 2, 16	1Ioan 2:16	A	verse		
bon-brev-p3-c9	5	apparatus:p238-2	p238-2	crossref	page	tom. II. pag. 146, nota 7	bon-sent-II-d5-a1-q1		chunk		
bon-brev-p3-c9	5	apparatus:p238-2	p238-2	crossref	logical	II. Sent. d. 42. dub. 3.	bon-sent-II-d42-dubia		chunk		
bon-brev-p3-c9	5	apparatus:p238-4	p238-4	crossref	page	tom. III. pag. 766, nota 5	bon-sent-III-d34-p2-a2-q3		chunk		
bon-brev-p4-c1	5	apparatus:p241-3	p241-3	crossref	logical	III. Sent. d. 1. a. 2. q. 1.	bon-sent-III-d1-a2-q1		chunk		
bon-brev-p4-c1	5	apparatus:p241-3	p241-3	crossref	chain-continuation	d. 20. q. 1.	bon-sent-III-d20-a1-q1		chunk		
bon-brev-p4-c1	5	apparatus:p241-4	p241-4	crossref	page	tom. III. pag. 28, nota 2	bon-sent-III-d1-a2-q2+bon-sent-III-d1-a2-q3		page-multi		
bon-brev-p4-c1	5	apparatus:p241-5	p241-5	scripture	apparatus-explicit	Ioan. 1, 3	Ioan 1:3	A	verse		
bon-brev-p4-c1	5	apparatus:p241-5	p241-5	crossref	page	tom. III. pag. 30, nota 5	bon-sent-III-d1-a2-q3		chunk		
bon-brev-p4-c1	5	apparatus:p241-6	p241-6	crossref	page	tom. III. pag. 19, nota 2	bon-sent-III-d1-a2-q1		chunk		
bon-brev-p4-c1	5	apparatus:p241-7	p241-7	scripture	apparatus-explicit	Phil. 2, 7	Phil 2:7	A	verse		
bon-brev-p4-c1	5	apparatus:p241-9	p241-9	scripture	apparatus-explicit	Ioan. 1, 14	Ioan 1:14	A	verse		
bon-brev-p4-c1	5	apparatus:p241-10	p241-10	crossref	page	supra pag. 183, nota 3	tom5:p183		forward		
bon-brev-p4-c1	5	apparatus:p242-2	p242-2	crossref	work	Itinerar. c. 4.	bon-itin-c4		chunk		
bon-brev-p4-c10	5	apparatus:p251-1	p251-1	scripture	apparatus-explicit	Marc. 16, 19	Marc 16:19	A	verse		
bon-brev-p4-c10	5	apparatus:p251-1	p251-1	scripture	apparatus-explicit	Act. 1, 1	Act 1:1	A	verse		
bon-brev-p4-c10	5	apparatus:p251-1	p251-1	scripture	anaphor->apparatus-explicit	ibid.	Act 1:1	A	verse	yes	Act. 1, 1
bon-brev-p4-c10	5	apparatus:p251-1	p251-1	crossref	page	tom. III. pag. 395, nota 7	bon-sent-III-d18-dubia		chunk		
bon-brev-p4-c10	5	apparatus:p251-1	p251-1	crossref	logical	II. Sent. d. 2. p. II. dub. 2.	bon-sent-II-d2-p2-dubia		chunk		
bon-brev-p4-c10	5	apparatus:p251-1	p251-1	crossref	logical	III. Sent. d. 22. q. 4	bon-sent-III-d22-a1-q4		chunk		
bon-brev-p4-c10	5	apparatus:p251-3	p251-3	scripture	apparatus-explicit	Ps. 67, 19	Ps 67:19	A	verse		
bon-brev-p4-c10	5	apparatus:p251-3	p251-3	scripture	apparatus-explicit	Eph. 4, 8	Eph 4:8	A	verse		
bon-brev-p4-c10	5	apparatus:p251-3	p251-3	crossref	logical	II. Sent. d. 9. q. 7.	bon-sent-II-d9-a1-q7		chunk		
bon-brev-p4-c10	5	apparatus:p251-4	p251-4	scripture	apparatus-explicit	Gen. 3, 24	Gen 3:24	A	verse		
bon-brev-p4-c10	5	apparatus:p251-4	p251-4	scripture	apparatus-explicit	Eccli. 21, 4	Eccli 21:4	A	verse		
bon-brev-p4-c10	5	apparatus:p251-4	p251-4	scripture	apparatus-explicit	Apoc. 2, 12	Apoc 2:12	A	verse		
bon-brev-p4-c10	5	apparatus:p251-4	p251-4	crossref	logical	III. Sent. d. 18. a. 2. q. 3.	bon-sent-III-d18-a2-q3		chunk		
bon-brev-p4-c10	5	apparatus:p251-5	p251-5	scripture	apparatus-explicit	I. Cor. 15, 4	1Cor 15:4	A	verse		
bon-brev-p4-c10	5	apparatus:p251-6	p251-6	scripture	apparatus-explicit	I. Cor. 15, 5	1Cor 15:5	A	verse		
bon-brev-p4-c10	5	apparatus:p251-6	p251-6	scripture	apparatus-explicit	I. Thess. 4, 12	1Thess 4:12	A	verse		
bon-brev-p4-c10	5	apparatus:p251-7	p251-7	crossref	page	tom. III. pag. 463, nota 9	bon-sent-III-d22-a1-q6		chunk		
bon-brev-p4-c10	5	apparatus:p251-7	p251-7	crossref	page	Ibid. pag. 458, nota 2	bon-sent-III-d22-a1-q3+bon-sent-III-d22-a1-q4		page-multi		
bon-brev-p4-c10	5	apparatus:p252-1	p252-1	scripture	apparatus-explicit	I. Cor. 12, 8-11	1Cor 12:8-11	A	verse		
bon-brev-p4-c2	5	apparatus:p242-4	p242-4	crossref	logical	Sent. d. 1. a. 1. q. 2			unresolvable		
bon-brev-p4-c2	5	apparatus:p242-4	p242-4	crossref	chain-continuation	d. 2. a. 2			unresolvable		
bon-brev-p4-c2	5	apparatus:p242-4	p242-4	crossref	chain-continuation	d. 5			unresolvable		
bon-brev-p4-c2	5	apparatus:p242-4	p242-4	crossref	chain-continuation	d. 11. a. 2. q. 3.			unresolvable		
bon-brev-p4-c2	5	apparatus:p242-5	p242-5	crossref	page	pag. 205, nota 7	bon-brev-prol-s3+bon-brev-prol-s4		page-multi		
bon-brev-p4-c2	5	apparatus:p242-5	p242-5	crossref	logical	I. Sent. d. 8. p. II. q. 2	bon-sent-I-d8-p2-a1-q2		chunk		
bon-brev-p4-c2	5	apparatus:p242-6	p242-6	crossref	page	tom. III. pag. 268, nota 2	bon-sent-III-d12-a2-q1+bon-sent-III-d12-a2-q2		page-multi		
bon-brev-p4-c2	5	apparatus:p243-1	p243-1	crossref	logical	I. Sent. d. 27. p. II. q. 4.	bon-sent-I-d27-p2-a1-q4		chunk		
bon-brev-p4-c2	5	apparatus:p243-2	p243-2	crossref	logical	III. Sent. d. 1. a. 2. q. 3.	bon-sent-III-d1-a2-q3		chunk		
bon-brev-p4-c3	5	apparatus:p243-4	p243-4	scripture	apparatus-explicit	Luc. 1, 26	Luc 1:26	A	verse		
bon-brev-p4-c3	5	apparatus:p243-4	p243-4	crossref	logical	III. Sent. d. 3	III:d3		distinctio		
bon-brev-p4-c3	5	apparatus:p243-7	p243-7	crossref	page	tom. IV. pag. 37, nota 4	bon-sent-IV-d1-p2-a1-q3+bon-sent-IV-d1-p2-a2-q1		page-multi		
bon-brev-p4-c3	5	apparatus:p243-8	p243-8	scripture	apparatus-explicit	Col. 1, 20	Col 1:20	A	verse		
bon-brev-p4-c3	5	apparatus:p243-8	p243-8	crossref	logical	III. Sent. d. 2. dub. 4.	bon-sent-III-d2-dubia		chunk		
bon-brev-p4-c3	5	apparatus:p243-9	p243-9	crossref	logical	III. Sent. d. 4. a. 1. q. 1.	bon-sent-III-d4-a1-q1		chunk		
bon-brev-p4-c3	5	apparatus:p244-1	p244-1	crossref	logical	III. Sent. d. 2. a. 3. q. 1.	bon-sent-III-d2-a3-q1		chunk		
bon-brev-p4-c4	5	apparatus:p244-3	p244-3	scripture	apparatus-explicit	Gal. 4, 4	Gal 4:4	A	verse		
bon-brev-p4-c4	5	apparatus:p244-3	p244-3	crossref	logical	III. Sent. d. 1. a. 2. q. 4.	bon-sent-III-d1-a2-q4		chunk		
bon-brev-p4-c4	5	apparatus:p244-5	p244-5	crossref	logical	IV. Sent. d. 1. p. I. q. 5.	bon-sent-IV-d1-p1-a1-q5		chunk		
bon-brev-p4-c4	5	apparatus:p244-7	p244-7	crossref	page	tom. II. pag. 330, nota 5	bon-sent-II-d13-a3-q2+bon-sent-II-d13-dubia		page-multi		
bon-brev-p4-c4	5	apparatus:p245-1	p245-1	scripture	apparatus-explicit	I. Cor. 15, 47	1Cor 15:47	A	verse		
bon-brev-p4-c4	5	apparatus:p245-2	p245-2	crossref	logical	I. Sent. d. 2. q. 4.	bon-sent-I-d2-a1-q4		chunk		
bon-brev-p4-c4	5	apparatus:p245-4	p245-4	scripture	apparatus-explicit	Psalm. 83, 8	Ps 83:8	A	verse		
bon-brev-p4-c4	5	apparatus:p245-4	p245-4	scripture	apparatus-explicit	Phil. 3, 14	Phil 3:14	A	verse		
bon-brev-p4-c5	5	apparatus:p245-7	p245-7	scripture	apparatus-explicit	Marc. 11, 9	Marc 11:9	A	verse		
bon-brev-p4-c5	5	apparatus:p245-7	p245-7	scripture	apparatus-explicit	Matth. 21, 9	Matth 21:9	A	verse		
bon-brev-p4-c5	5	apparatus:p245-7	p245-7	crossref	logical	III. Sent. d. 12. a. 2. q. 1	bon-sent-III-d12-a2-q1		chunk		
bon-brev-p4-c5	5	apparatus:p245-7	p245-7	crossref	relative	ibid. d. 13.	III:d13		distinctio		
bon-brev-p4-c5	5	apparatus:p245-7	p245-7	crossref	relative	ibid. d. 9. a. 1. q. 1.	bon-sent-III-d9-a1-q1		chunk		
bon-brev-p4-c5	5	apparatus:p246-1	p246-1	scripture	apparatus-explicit	Rom. 9, 5	Rom 9:5	A	verse		
bon-brev-p4-c5	5	apparatus:p246-2	p246-2	scripture	apparatus-explicit	Ioan. 1, 14	Ioan 1:14	A	verse		
bon-brev-p4-c5	5	apparatus:p246-4	p246-4	scripture	apparatus-explicit	I. Cor. 6, 15	1Cor 6:15	A	verse		
bon-brev-p4-c5	5	apparatus:p246-5	p246-5	scripture	apparatus-explicit	Col. 1, 18	Col 1:18	A	verse		
bon-brev-p4-c6	5	apparatus:p246-6	p246-6	scripture	apparatus-explicit	Col. 2, 3	Col 2:3	A	verse		
bon-brev-p4-c6	5	apparatus:p246-8	p246-8	scripture	apparatus-explicit	Hebr. 5, 8	Hebr 5:8	A	verse		
bon-brev-p4-c6	5	apparatus:p246-8	p246-8	crossref	work	Quaest. de scientia Christi	work:scientia-christi		work		
bon-brev-p4-c6	5	apparatus:p246-8	p246-8	crossref	logical	III. Sent. d. 14.	III:d14		distinctio		
bon-brev-p4-c6	5	apparatus:p246-9	p246-9	crossref	page	supra pag. 230, nota 5	bon-brev-p2-c11+bon-brev-p2-c12		page-multi		
bon-brev-p4-c6	5	apparatus:p247-2	p247-2	crossref	page	supra pag. 21, nota 10	tom5:p21		forward		
bon-brev-p4-c6	5	apparatus:p247-5	p247-5	crossref	logical	II. Sent. d. 8. p. I. a. 3. q. 2.	bon-sent-II-d8-p1-a3-q2		chunk		
bon-brev-p4-c6	5	apparatus:p247-5	p247-5	crossref	page	tom. III. pag. 342, nota 7	bon-sent-III-d15-dubia		chunk		
bon-brev-p4-c6	5	apparatus:p247-5	p247-5	crossref	page	pag. 738, nota 4	bon-sent-III-d34-p1-a1-q1		chunk		
bon-brev-p4-c7	5	apparatus:p247-8	p247-8	crossref	logical	III. Sent. d. 18.	III:d18		distinctio		
bon-brev-p4-c7	5	apparatus:p247-8	p247-8	crossref	chain-continuation	d. 17. a. 2. q. 1	bon-sent-III-d17-a2-q1		chunk		
bon-brev-p4-c7	5	apparatus:p248-2	p248-2	scripture	apparatus-explicit	I. Cor. 1, 26	1Cor 1:26	A	verse		
bon-brev-p4-c7	5	apparatus:p248-4	p248-4	scripture	apparatus-explicit	Rom. 3, 24	Rom 3:24	A	verse		
bon-brev-p4-c7	5	apparatus:p248-5	p248-5	scripture	apparatus-explicit	Isai. 26, 12	Isai 26:12	A	verse		
bon-brev-p4-c7	5	apparatus:p248-5	p248-5	scripture	apparatus-explicit	Ps. 15, 2	Ps 15:2	A	verse		
bon-brev-p4-c7	5	apparatus:p248-5	p248-5	crossref	logical	III. Sent. d. 20. q. 3.	bon-sent-III-d20-a1-q3		chunk		
bon-brev-p4-c7	5	apparatus:p248-5	p248-5	crossref	logical	IV. Sent. d. 15. p. I. q. 1.	bon-sent-IV-d15-p1-a1-q1		chunk		
bon-brev-p4-c8	5	apparatus:p248-7	p248-7	scripture	apparatus-explicit	Matth. 26, 39	Matth 26:39	A	verse		
bon-brev-p4-c8	5	apparatus:p248-7	p248-7	crossref	logical	III. Sent. d. 15	III:d15		distinctio		
bon-brev-p4-c8	5	apparatus:p248-8	p248-8	scripture	apparatus-explicit	I. Tim. 2, 5	1Tim 2:5	A	verse		
bon-brev-p4-c8	5	apparatus:p248-8	p248-8	crossref	logical	III. Sent. d. 19. a. 2. q. 2	bon-sent-III-d19-a2-q2		chunk		
bon-brev-p4-c8	5	apparatus:p249-1	p249-1	crossref	logical	III. Sent. d. 12. a. 2. q. 1.	bon-sent-III-d12-a2-q1		chunk		
bon-brev-p4-c8	5	apparatus:p249-1	p249-1	crossref	chain-continuation	d. 16. a. 1. q. 3.	bon-sent-III-d16-a1-q3		chunk		
bon-brev-p4-c8	5	apparatus:p249-2	p249-2	crossref	page	supra pag. 234, nota 4	bon-brev-p3-c4+bon-brev-p3-c5		page-multi		
bon-brev-p4-c8	5	apparatus:p249-3	p249-3	crossref	page	supra pag. 228, nota 7	bon-brev-p2-c10		chunk		
bon-brev-p4-c8	5	apparatus:p249-5	p249-5	scripture	apparatus-explicit	Matth. 26, 39	Matth 26:39	A	verse		
bon-brev-p4-c8	5	apparatus:p249-5	p249-5	scripture	anaphor->apparatus-explicit	ibid.	Matth 26:39	A	verse	yes	Matth. 26, 39
bon-brev-p4-c8	5	apparatus:p249-5	p249-5	scripture	apparatus-explicit	Luc. 22, 42	Luc 22:42	A	verse		
bon-brev-p4-c8	5	apparatus:p249-6	p249-6	crossref	logical	I. Sent. d. 48. a. 2. q. 2.	bon-sent-I-d48-a2-q2		chunk		
bon-brev-p4-c8	5	apparatus:p249-6	p249-6	crossref	logical	III. Sent. d. 17. a. 1. q. 3.	bon-sent-III-d17-a1-q3		chunk		
bon-brev-p4-c9	5	apparatus:p249-7	p249-7	scripture	apparatus-explicit	Isai. 53, 12	Isai 53:12	A	verse		
bon-brev-p4-c9	5	apparatus:p249-7	p249-7	scripture	apparatus-explicit	Marc. 15, 28	Marc 15:28	A	verse		
bon-brev-p4-c9	5	apparatus:p249-7	p249-7	scripture	apparatus-explicit	Luc. 22, 37	Luc 22:37	A	verse		
bon-brev-p4-c9	5	apparatus:p249-7	p249-7	crossref	logical	III. Sent. d. 16.	III:d16		distinctio		
bon-brev-p4-c9	5	apparatus:p249-7	p249-7	crossref	relative	ibid. d. 21.	III:d21		distinctio		
bon-brev-p4-c9	5	apparatus:p249-8	p249-8	crossref	logical	III. Sent. d. 20. q. 5.	bon-sent-III-d20-a1-q5		chunk		
bon-brev-p4-c9	5	apparatus:p250-1	p250-1	scripture	apparatus-explicit	I. Ioan. 3, 16	1Ioan 3:16	A	verse		
bon-brev-p4-c9	5	apparatus:p250-1	p250-1	scripture	apparatus-explicit	Rom. 8, 32	Rom 8:32	A	verse		
bon-brev-p4-c9	5	apparatus:p250-2	p250-2	crossref	logical	IV. Sent. d. 15. p. I. q. 1.	bon-sent-IV-d15-p1-a1-q1		chunk		
bon-brev-p4-c9	5	apparatus:p250-3	p250-3	scripture	apparatus-explicit	Phil. 2, 6-8	Phil 2:6-8	A	verse		
bon-brev-p4-c9	5	apparatus:p250-3	p250-3	scripture	apparatus-explicit	Ps. 68, 5	Ps 68:5	A	verse		
bon-brev-p4-c9	5	apparatus:p250-4	p250-4	crossref	page	supra pag. 123, nota 4	tom5:p123		forward		
bon-brev-p4-c9	5	apparatus:p250-8	p250-8	crossref	logical	III. Sent. d. 22. q. 1.	bon-sent-III-d22-a1-q1		chunk		
bon-brev-p4-c9	5	apparatus:p250-9	p250-9	scripture	apparatus-explicit	I. Cor. 15, 54	1Cor 15:54	A	verse		
bon-brev-p4-c9	5	apparatus:p250-9	p250-9	crossref	logical	III. Sent. d. 19. a. 1.	bon-sent-III-d19-a1-q1+bon-sent-III-d19-a1-q2+bon-sent-III-d19-a1-q3+bon-sent-III-d19-a1-q4		articulus		
bon-brev-p5-c1	5	apparatus:p252-2	p252-2	scripture	apparatus-explicit	Iac. 1, 17	Iac 1:17	A	verse		
bon-brev-p5-c1	5	apparatus:p252-2	p252-2	scripture	apparatus-explicit	Apoc. 22, 1	Apoc 22:1	A	verse		
bon-brev-p5-c1	5	apparatus:p252-3	p252-3	crossref	page	supra pag. 225, nota 6	bon-brev-p2-c7+bon-brev-p2-c8		page-multi		
bon-brev-p5-c1	5	apparatus:p252-4	p252-4	crossref	logical	II. Sent. d. 26. q. 1.	bon-sent-II-d26-a1-q1		chunk		
bon-brev-p5-c1	5	apparatus:p253-1	p253-1	crossref	logical	II. Sent. d. 26. q. 3.	bon-sent-II-d26-a1-q3		chunk		
bon-brev-p5-c1	5	apparatus:p253-1	p253-1	crossref	logical	I. Sent. d. 14. a. 2. q. 2.	bon-sent-I-d14-a2-q2		chunk		
bon-brev-p5-c1	5	apparatus:p253-2	p253-2	crossref	logical	I. Sent. d. 14. a. 2. q. 1.	bon-sent-I-d14-a2-q1		chunk		
bon-brev-p5-c1	5	apparatus:p253-3	p253-3	crossref	logical	II. Sent. d. 29. a. 1. q. 1.	bon-sent-II-d29-a1-q1		chunk		
bon-brev-p5-c10	5	apparatus:p263-7	p263-7	scripture	apparatus-explicit	Rom. 8, 26	Rom 8:26	A	verse		
bon-brev-p5-c10	5	apparatus:p263-8	p263-8	scripture	apparatus-explicit	Iac. 1, 17	Iac 1:17	A	verse		
bon-brev-p5-c10	5	apparatus:p264-1	p264-1	crossref	logical	IV. Sent. d. 15. p. II. a. 2. q. 3.	bon-sent-IV-d15-p2-a2-q3		chunk		
bon-brev-p5-c10	5	apparatus:p264-1	p264-1	crossref	relative	ibid. d. 45. a. 3. q. 1.	bon-sent-IV-d45-a3-q1		chunk		
bon-brev-p5-c10	5	apparatus:p264-2	p264-2	scripture	apparatus-explicit	Matth. 6, 9	Matth 6:9	A	verse		
bon-brev-p5-c10	5	apparatus:p264-2	p264-2	scripture	apparatus-explicit	Luc. 11, 2	Luc 11:2	A	verse		
bon-brev-p5-c10	5	apparatus:p264-2	p264-2	scripture	apparatus-explicit	Matth. 5, 8	Matth 5:8	A	verse		
bon-brev-p5-c10	5	apparatus:p264-6	p264-6	scripture	apparatus-explicit	Psalm. 118, 164	Ps 118:164	A	verse		
bon-brev-p5-c2	5	apparatus:p253-5	p253-5	crossref	page	supra pag. 209	tom5:p209		forward		
bon-brev-p5-c2	5	apparatus:p253-7	p253-7	crossref	relative	ibid. d. 27. dub. 1			unresolvable		
bon-brev-p5-c2	5	apparatus:p253-7	p253-7	crossref	anaphor->relative	ibid.			unresolvable	yes	ibid. d. 27. dub. 1
bon-brev-p5-c2	5	apparatus:p253-8	p253-8	crossref	logical	I. Sent. d. 37. p. I. a. 1. q. 1.	bon-sent-I-d37-p1-a1-q1		chunk		
bon-brev-p5-c2	5	apparatus:p253-8	p253-8	crossref	logical	II. Sent. d. 37. a. 1. q. 1.	bon-sent-II-d37-a1-q1		chunk		
bon-brev-p5-c2	5	apparatus:p253-9	p253-9	scripture	apparatus-explicit	Psalm. 15, 2	Ps 15:2	A	verse		
bon-brev-p5-c2	5	apparatus:p253-9	p253-9	scripture	apparatus-explicit	Gen. 15, 1	Gen 15:1	A	verse		
bon-brev-p5-c2	5	apparatus:p254-1	p254-1	crossref	logical	II. Sent. d. 36. dub. 5.	bon-sent-II-d36-dubia		chunk		
bon-brev-p5-c2	5	apparatus:p254-1	p254-1	crossref	chain-continuation	d. 41. a. 1. q. 1.	bon-sent-II-d41-a1-q1		chunk		
bon-brev-p5-c2	5	apparatus:p254-2	p254-2	crossref	page	tom. IV. pag. 19, nota 9	bon-sent-IV-d1-p1-a1-q4		chunk		
bon-brev-p5-c2	5	apparatus:p254-2	p254-2	crossref	logical	II. Sent. d. 26. q. 5.	bon-sent-II-d26-a1-q5		chunk		
bon-brev-p5-c2	5	apparatus:p254-3	p254-3	scripture	apparatus-explicit	Gen. 4, 4	Gen 4:4	A	verse		
bon-brev-p5-c2	5	apparatus:p254-4	p254-4	crossref	logical	II. Sent. d. 27. a. 2. q. 2.	bon-sent-II-d27-a2-q2		chunk		
bon-brev-p5-c3	5	apparatus:p254-5	p254-5	crossref	page	tom. II. pag. 115, nota 6	bon-sent-II-d3-p2-a1-q2		chunk		
bon-brev-p5-c3	5	apparatus:p254-5	p254-5	crossref	logical	II. Sent. d. 28.	II:d28		distinctio		
bon-brev-p5-c3	5	apparatus:p254-6	p254-6	crossref	logical	IV. Sent. d. 17. p. I.	IV:d17		distinctio		
bon-brev-p5-c3	5	apparatus:p255-1	p255-1	crossref	page	supra pag. 237, nota 4	bon-brev-p3-c8+bon-brev-p3-c9		page-multi		
bon-brev-p5-c3	5	apparatus:p255-3	p255-3	scripture	apparatus-explicit	I. Tim. 2, 5	1Tim 2:5	A	verse		
bon-brev-p5-c3	5	apparatus:p255-3	p255-3	crossref	page	supra pag. 241, nota 4	bon-brev-p3-c11+bon-brev-p4-c1		page-multi		
bon-brev-p5-c3	5	apparatus:p255-4	p255-4	crossref	logical	II. Sent. d. 26. q. 4.	bon-sent-II-d26-a1-q4		chunk		
bon-brev-p5-c3	5	apparatus:p255-5	p255-5	crossref	page	supra pag. 218, nota 5	bon-brev-p1-c9		chunk		
bon-brev-p5-c3	5	apparatus:p255-5	p255-5	crossref	logical	II. Sent. d. 25. p. II. q. 5	bon-sent-II-d25-p2-a1-q5		chunk		
bon-brev-p5-c3	5	apparatus:p255-6	p255-6	crossref	logical	IV. Sent. d. 4. p. I. dub. 2.	bon-sent-IV-d4-p1-dubia		chunk		
bon-brev-p5-c3	5	apparatus:p255-8	p255-8	crossref	page	tom. IV. pag. 327, nota 2	bon-sent-IV-d14-p1-a2-q2+bon-sent-IV-d14-p1-a2-q3		page-multi		
bon-brev-p5-c3	5	apparatus:p255-8	p255-8	scripture	apparatus-explicit	Rom. 9, 16	Rom 9:16	A	verse		
bon-brev-p5-c3	5	apparatus:p255-8	p255-8	crossref	page	tom. II. pag. 698, nota 3	bon-sent-II-d29-a1-q2		chunk		
bon-brev-p5-c3	5	apparatus:p255-9	p255-9	scripture	apparatus-explicit	I. Cor. 1, 31	1Cor 1:31	A	verse		
bon-brev-p5-c3	5	apparatus:p255-10	p255-10	crossref	page	tom. II. pag. 600, nota 6	bon-sent-II-d25-p1-a1-q3+bon-sent-II-d25-p1-a1-q4		page-multi		
bon-brev-p5-c3	5	apparatus:p255-10	p255-10	crossref	relative	ibid. d. 26. q. 6.			unresolvable		
bon-brev-p5-c4	5	apparatus:p256-2	p256-2	crossref	logical	II. Sent. d. 27. a. 1. q. 1.	bon-sent-II-d27-a1-q1		chunk		
bon-brev-p5-c4	5	apparatus:p256-2	p256-2	crossref	logical	III. Sent. d. 23	III:d23		distinctio		
bon-brev-p5-c4	5	apparatus:p256-2	p256-2	crossref	relative	ibid. d. 36.	III:d36		distinctio		
bon-brev-p5-c4	5	apparatus:p256-3	p256-3	crossref	page	supra pag. 69, nota 8	tom5:p69		forward		
bon-brev-p5-c4	5	apparatus:p256-4	p256-4	crossref	logical	III. Sent. d. 34. p. I. a. 1. q. 1.	bon-sent-III-d34-p1-a1-q1		chunk		
bon-brev-p5-c4	5	apparatus:p256-5	p256-5	crossref	logical	III. Sent. d. 36. a. 1. q. 1.	bon-sent-III-d36-a1-q1		chunk		
bon-brev-p5-c4	5	apparatus:p256-6	p256-6	crossref	page	tom. III. pag. 720, nota 11	bon-sent-III-d33-a1-q4		chunk		
bon-brev-p5-c4	5	apparatus:p257-1	p257-1	crossref	logical	III. Sent. d. 23. a. 2. q. 5.	bon-sent-III-d23-a2-q5		chunk		
bon-brev-p5-c5	5	apparatus:p257-2	p257-2	crossref	logical	III. Sent. d. 34.	III:d34		distinctio		
bon-brev-p5-c5	5	apparatus:p257-3	p257-3	crossref	page	tom. III. pag. 736, nota 7	bon-sent-III-d34-p1-a1-q1		chunk		
bon-brev-p5-c5	5	apparatus:p257-5	p257-5	scripture	apparatus-explicit	Phil. 2, 15	Phil 2:15	A	verse		
bon-brev-p5-c5	5	apparatus:p257-6	p257-6	scripture	apparatus-explicit	Ps. 118, 120	Ps 118:120	A	verse		
bon-brev-p5-c5	5	apparatus:p257-7	p257-7	scripture	apparatus-explicit	Sap. 7, 11	Sap 7:11	A	verse		
bon-brev-p5-c5	5	apparatus:p258-1	p258-1	crossref	page	supra pag. 225, nota 6	bon-brev-p2-c7+bon-brev-p2-c8		page-multi		
bon-brev-p5-c5	5	apparatus:p258-1	p258-1	crossref	page	supra pag. 234, nota 4	bon-brev-p3-c4+bon-brev-p3-c5		page-multi		
bon-brev-p5-c5	5	apparatus:p258-2	p258-2	scripture	apparatus-explicit	Gen. 6, 15	Gen 6:15	A	verse		
bon-brev-p5-c5	5	apparatus:p258-2	p258-2	crossref	page	supra pag. 195, nota 7	tom5:p195		forward		
bon-brev-p5-c5	5	apparatus:p258-2	p258-2	scripture	apparatus-explicit	I. Cor. 8, 6	1Cor 8:6	A	verse		
bon-brev-p5-c5	5	apparatus:p258-2	p258-2	scripture	apparatus-explicit	Eph. 4, 4	Eph 4:4	A	verse		
bon-brev-p5-c5	5	apparatus:p258-3	p258-3	crossref	page	supra pag. 210, nota 5	bon-brev-p1-c1+bon-brev-p1-c2		page-multi		
bon-brev-p5-c5	5	apparatus:p258-4	p258-4	scripture	apparatus-explicit	Luc. 1, 79	Luc 1:79	A	verse		
bon-brev-p5-c6	5	latin_body	p259-4	scripture	body-ordinal	Matthaei decimo nono	Matth 19:21	B	verse		
bon-brev-p5-c6	5	apparatus:p258-5	p258-5	scripture	apparatus-explicit	Matth. 5, 3	Matth 5:3	A	verse		
bon-brev-p5-c6	5	apparatus:p258-5	p258-5	scripture	apparatus-explicit	Gal. 5, 22	Gal 5:22	A	verse		
bon-brev-p5-c6	5	apparatus:p258-5	p258-5	crossref	logical	III. Sent. d. 34. p. 1. a. 1. q. 1.	bon-sent-III-d34-p1-a1-q1		chunk		
bon-brev-p5-c6	5	apparatus:p258-5	p258-5	crossref	relative	ibid. d. 36. q. 1.	bon-sent-III-d36-a1-q1		chunk		
bon-brev-p5-c6	5	apparatus:p258-7	p258-7	scripture	apparatus-explicit	Psalm. 24, 10	Ps 24:10	A	verse		
bon-brev-p5-c6	5	apparatus:p259-2	p259-2	scripture	apparatus-explicit	Prov. 20, 28	Prov 20:28	A	verse		
bon-brev-p5-c6	5	apparatus:p259-2	p259-2	scripture	apparatus-explicit	Phil. 4, 7	Phil 4:7	A	verse		
bon-brev-p5-c6	5	apparatus:p259-3	p259-3	scripture	apparatus-explicit	I. Tim. 6, 10	1Tim 6:10	A	verse		
bon-brev-p5-c6	5	apparatus:p259-4	p259-4	scripture	anaphor->apparatus-explicit	ibid.	1Tim 6:10	A	verse	yes	I. Tim. 6, 10
bon-brev-p5-c6	5	apparatus:p259-4	p259-4	scripture	apparatus-explicit	Matth. 16, 24	Matth 16:24	A	verse		
bon-brev-p5-c6	5	apparatus:p259-5	p259-5	scripture	apparatus-explicit	Osee 6, 6	Osee 6:6	A	verse		
bon-brev-p5-c6	5	apparatus:p259-5	p259-5	scripture	apparatus-explicit	Matth. 9, 13	Matth 9:13	A	verse		
bon-brev-p5-c6	5	apparatus:p259-6	p259-6	crossref	page	tom. IV. pag. 972, nota 3	bon-sent-IV-d47-a1-q1+bon-sent-IV-d47-a1-q2		page-multi		
bon-brev-p5-c6	5	apparatus:p259-7	p259-7	scripture	apparatus-explicit	Ioan. 1, 14	Ioan 1:14	A	verse		
bon-brev-p5-c6	5	apparatus:p259-7	p259-7	scripture	apparatus-explicit	Ioan. 13, 1	Ioan 13:1	A	verse		
bon-brev-p5-c6	5	apparatus:p259-9	p259-9	scripture	apparatus-explicit	Gal. 5, 22	Gal 5:22	A	verse		
bon-brev-p5-c6	5	apparatus:p260-1	p260-1	crossref	page	supra pag. 8, nota 4	tom5:p8		forward		
bon-brev-p5-c6	5	apparatus:p260-1	p260-1	crossref	page	tom. III. pag. 503, nota 4	bon-sent-III-d23-dubia		chunk		
bon-brev-p5-c6	5	apparatus:p260-1	p260-1	crossref	work	Itinerar.	work:itinerarium		work		
bon-brev-p5-c6	5	apparatus:p260-2	p260-2	scripture	apparatus-explicit	Gen. 28, 12	Gen 28:12	A	verse		
bon-brev-p5-c6	5	apparatus:p260-2	p260-2	scripture	apparatus-explicit	III. Reg. 10, 18	3Reg 10:18	A	verse		
bon-brev-p5-c6	5	apparatus:p260-2	p260-2	scripture	apparatus-explicit	Cant. 5, 16	Cant 5:16	A	verse		
bon-brev-p5-c6	5	apparatus:p260-2	p260-2	scripture	apparatus-explicit	I. Petr. 1, 12	1Petr 1:12	A	verse		
bon-brev-p5-c6	5	apparatus:p260-2	p260-2	scripture	apparatus-explicit	Ps. 41, 1	Ps 41:1	A	verse		
bon-brev-p5-c6	5	apparatus:p260-3	p260-3	scripture	apparatus-explicit	Cant. 1, 3	Cant 1:3	A	verse		
bon-brev-p5-c6	5	apparatus:p260-3	p260-3	scripture	apparatus-explicit	Ps. 138, 11	Ps 138:11	A	verse		
bon-brev-p5-c6	5	apparatus:p260-3	p260-3	crossref	logical	II. Sent. d. 23. a. 2. q. 3.	bon-sent-II-d23-a2-q3		chunk		
bon-brev-p5-c6	5	apparatus:p260-3	p260-3	crossref	work	Quaest. de scientia Christi	work:scientia-christi		work		
bon-brev-p5-c6	5	apparatus:p260-3	p260-3	crossref	work	Itinerar.	work:itinerarium		work		
bon-brev-p5-c7	5	apparatus:p260-5	p260-5	crossref	logical	III. Sent. d. 23	III:d23		distinctio		
bon-brev-p5-c7	5	apparatus:p260-7	p260-7	scripture	apparatus-explicit	II. Cor. 10, 5	2Cor 10:5	A	verse		
bon-brev-p5-c7	5	apparatus:p260-7	p260-7	crossref	page	supra pag. 52, nota 7	tom5:p52		forward		
bon-brev-p5-c7	5	apparatus:p261-1	p261-1	scripture	apparatus-explicit	Hebr. 1, 3	Hebr 1:3	A	verse		
bon-brev-p5-c7	5	apparatus:p261-1	p261-1	scripture	apparatus-explicit	Ioan. 1, 1	Ioan 1:1	A	verse		
bon-brev-p5-c7	5	apparatus:p261-2	p261-2	scripture	apparatus-explicit	Ioan. 17, 3	Ioan 17:3	A	verse		
bon-brev-p5-c7	5	apparatus:p261-3	p261-3	scripture	apparatus-explicit	Apoc. 1, 12-16	Apoc 1:12-16	A	verse		
bon-brev-p5-c7	5	apparatus:p261-3	p261-3	crossref	logical	III. Sent. d. 25. a. 1. q. 1	bon-sent-III-d25-a1-q1		chunk		
bon-brev-p5-c7	5	apparatus:p261-4	p261-4	crossref	logical	III. Sent. d. 23. a. 1. q. 3	bon-sent-III-d23-a1-q3		chunk		
bon-brev-p5-c7	5	apparatus:p261-4	p261-4	crossref	chain-continuation	d. 24. a. 1. q. 2.	bon-sent-III-d24-a1-q2		chunk		
bon-brev-p5-c7	5	apparatus:p261-4	p261-4	crossref	chain-continuation	d. 25. a. 1. q. 1.	bon-sent-III-d25-a1-q1		chunk		
bon-brev-p5-c7	5	apparatus:p261-5	p261-5	scripture	apparatus-explicit	Ios. 4, 2	Ios 4:2	A	verse		
bon-brev-p5-c8	5	apparatus:p261-6	p261-6	scripture	apparatus-explicit	Gen. 1, 31	Gen 1:31	A	verse		
bon-brev-p5-c8	5	apparatus:p261-7	p261-7	scripture	apparatus-explicit	Matth. 22, 40	Matth 22:40	A	verse		
bon-brev-p5-c8	5	apparatus:p261-7	p261-7	crossref	logical	III. Sent. d. 28.	III:d28		distinctio		
bon-brev-p5-c8	5	apparatus:p261-7	p261-7	crossref	relative	ibid. d. 27. a. 2. q. 5.	bon-sent-III-d27-a2-q5		chunk		
bon-brev-p5-c8	5	apparatus:p261-9	p261-9	crossref	logical	III. Sent. d. 27. a. 1. q. 1	bon-sent-III-d27-a1-q1		chunk		
bon-brev-p5-c8	5	apparatus:p262-1	p262-1	crossref	page	tom. III. pag. 639, nota 3	bon-sent-III-d29-a1-q1		chunk		
bon-brev-p5-c8	5	apparatus:p262-1	p262-1	crossref	page	supra pag. 238, nota 4	bon-brev-p3-c10+bon-brev-p3-c9		page-multi		
bon-brev-p5-c8	5	apparatus:p262-1	p262-1	crossref	logical	III. Sent. d. 27. dub. 2.	bon-sent-III-d27-dubia		chunk		
bon-brev-p5-c8	5	apparatus:p262-3	p262-3	scripture	apparatus-explicit	Ioan. 17, 22	Ioan 17:22	A	verse		
bon-brev-p5-c8	5	apparatus:p262-3	p262-3	scripture	apparatus-explicit	I. Cor. 15, 28	1Cor 15:28	A	verse		
bon-brev-p5-c9	5	apparatus:p262-4	p262-4	scripture	apparatus-explicit	Exod. 31, 18	Exod 31:18	A	verse		
bon-brev-p5-c9	5	apparatus:p262-5	p262-5	scripture	apparatus-explicit	Matth. 19, 21	Matth 19:21	A	verse		
bon-brev-p5-c9	5	apparatus:p262-6	p262-6	crossref	logical	III. Sent. d. 37. a. 1. q. 1.	bon-sent-III-d37-a1-q1		chunk		
bon-brev-p5-c9	5	apparatus:p262-7	p262-7	scripture	apparatus-explicit	Rom. 8, 15	Rom 8:15	A	verse		
bon-brev-p5-c9	5	apparatus:p262-7	p262-7	scripture	apparatus-explicit	Gal. 4, 24	Gal 4:24	A	verse		
bon-brev-p5-c9	5	apparatus:p263-1	p263-1	scripture	apparatus-explicit	II. Cor. 3, 6	2Cor 3:6	A	verse		
bon-brev-p5-c9	5	apparatus:p263-1	p263-1	scripture	apparatus-explicit	Matth. 11, 30	Matth 11:30	A	verse		
bon-brev-p5-c9	5	apparatus:p263-1	p263-1	scripture	apparatus-explicit	Act. 15, 10	Act 15:10	A	verse		
bon-brev-p5-c9	5	apparatus:p263-1	p263-1	crossref	logical	III. Sent. d. 40. q. 1	bon-sent-III-d40-a1-q1		chunk		
bon-brev-p5-c9	5	apparatus:p263-2	p263-2	crossref	page	tom. III. pag. 728, nota 1	bon-sent-III-d33-dubia		chunk		
bon-brev-p5-c9	5	apparatus:p263-4	p263-4	scripture	apparatus-explicit	Exod. 20, 12	Exod 20:12	A	verse		
bon-brev-p5-c9	5	apparatus:p263-4	p263-4	scripture	apparatus-explicit	Deut. 5, 18	Deut 5:18	A	verse		
bon-brev-p5-c9	5	apparatus:p263-4	p263-4	crossref	logical	III. Sent. d. 37. a. 2. q. 1.	bon-sent-III-d37-a2-q1		chunk		
bon-brev-p5-c9	5	apparatus:p263-5	p263-5	scripture	apparatus-explicit	I. Ioan. 2, 16	1Ioan 2:16	A	verse		
bon-brev-p5-c9	5	apparatus:p263-6	p263-6	crossref	page	supra pag. 186, nota 1	tom5:p186		forward		
bon-brev-p6-c1	5	apparatus:p265-1	p265-1	crossref	page	tom. III. pag. 895, nota 5	bon-sent-III-d40-dubia		chunk		
bon-brev-p6-c1	5	apparatus:p265-1	p265-1	crossref	anaphor->page	ibid.	bon-sent-III-d40-dubia		chunk	yes	tom. III. pag. 895, nota 5
bon-brev-p6-c1	5	apparatus:p265-1	p265-1	crossref	logical	IV. Sent. d. 1. p. I.	IV:d1		distinctio		
bon-brev-p6-c1	5	apparatus:p265-6	p265-6	authority	authority:Magister	IV. Sent. d. 1.			excluded		
bon-brev-p6-c10	5	apparatus:p275-6	p275-6	crossref	logical	IV. Sent. d. 14	IV:d14		distinctio		
bon-brev-p6-c10	5	apparatus:p276-3	p276-3	crossref	logical	IV. Sent. d. 14. p. 1. dub. 4	bon-sent-IV-d14-p1-dubia		chunk		
bon-brev-p6-c10	5	apparatus:p276-5	p276-5	crossref	page	tom. IV. pag. 486, nota 5	bon-sent-IV-d18-p2-a1-q1+bon-sent-IV-d18-p2-a1-q2		page-multi		
bon-brev-p6-c11	5	apparatus:p276-6	p276-6	crossref	logical	IV. Sent. d. 23.	IV:d23		distinctio		
bon-brev-p6-c11	5	apparatus:p277-1	p277-1	scripture	apparatus-explicit	I. Tim. 2, 5	1Tim 2:5	A	verse		
bon-brev-p6-c11	5	apparatus:p277-1	p277-1	scripture	apparatus-explicit	Matth. 1, 21	Matth 1:21	A	verse		
bon-brev-p6-c11	5	apparatus:p277-1	p277-1	scripture	apparatus-explicit	Hebr. 1, 9	Hebr 1:9	A	verse		
bon-brev-p6-c11	5	apparatus:p277-4	p277-4	crossref	page	supra pag. 273, nota 4	bon-brev-p6-c8+bon-brev-p6-c9		page-multi		
bon-brev-p6-c12	5	apparatus:p277-7	p277-7	crossref	logical	IV. Sent. d. 24.	IV:d24		distinctio		
bon-brev-p6-c12	5	apparatus:p278-1	p278-1	scripture	apparatus-explicit	Psalm. 15, 5	Ps 15:5	A	verse		
bon-brev-p6-c12	5	apparatus:p278-1	p278-1	crossref	page	tom. IV. pag. 631, nota 1	bon-sent-IV-d24-p2-a2-q1+bon-sent-IV-d24-p2-a2-q2		page-multi		
bon-brev-p6-c12	5	apparatus:p278-2	p278-2	scripture	apparatus-explicit	III. Reg. 10, 18	3Reg 10:18	A	verse		
bon-brev-p6-c12	5	apparatus:p278-2	p278-2	crossref	logical	I. Sent. d. 2. q. 4.	bon-sent-I-d2-a1-q4		chunk		
bon-brev-p6-c12	5	apparatus:p278-3	p278-3	crossref	page	supra pag. 225, nota 6	bon-brev-p2-c7+bon-brev-p2-c8		page-multi		
bon-brev-p6-c12	5	apparatus:p278-3	p278-3	crossref	page	pag. 195, nota 7	tom5:p195		forward		
bon-brev-p6-c12	5	apparatus:p279-1	p279-1	crossref	page	tom. IV. pag. 643, nota 1	bon-sent-IV-d25-a1-q1		chunk		
bon-brev-p6-c13	5	apparatus:p279-2	p279-2	crossref	page	tom. IV. pag. 684, nota 4	bon-sent-IV-d27-a3-q2+bon-sent-IV-d27-dubia		page-multi		
bon-brev-p6-c13	5	apparatus:p279-2	p279-2	scripture	apparatus-explicit	Eph. 5, 22	Eph 5:22	A	verse		
bon-brev-p6-c13	5	apparatus:p279-3	p279-3	crossref	logical	IV. Sent. d. 26	IV:d26		distinctio		
bon-brev-p6-c13	5	apparatus:p279-3	p279-3	authority	authority:Bonav.	IV. Sent. d. 36.			excluded		
bon-brev-p6-c13	5	apparatus:p279-4	p279-4	scripture	apparatus-explicit	Eccli. 1, 5	Eccli 1:5	A	verse		
bon-brev-p6-c13	5	apparatus:p279-6	p279-6	scripture	anaphor->apparatus-explicit	ibid.	Eccli 1:5	A	verse	yes	Eccli. 1, 5
bon-brev-p6-c13	5	apparatus:p279-7	p279-7	crossref	logical	IV. Sent. d. 26. a. 2. q. 2.	bon-sent-IV-d26-a2-q2		chunk		
bon-brev-p6-c13	5	apparatus:p279-7	p279-7	crossref	chain-continuation	d. 31. a. 2. q. 1.	bon-sent-IV-d31-a2-q1		chunk		
bon-brev-p6-c13	5	apparatus:p280-1	p280-1	crossref	logical	IV. Sent. d. 27. a. 2. q. 1.	bon-sent-IV-d27-a2-q1		chunk		
bon-brev-p6-c13	5	apparatus:p280-1	p280-1	scripture	apparatus-explicit	Matth. 19, 6	Matth 19:6	A	verse		
bon-brev-p6-c13	5	apparatus:p280-1	p280-1	scripture	apparatus-explicit	I. Cor. 6, 16	1Cor 6:16	A	verse		
bon-brev-p6-c13	5	apparatus:p280-1	p280-1	crossref	relative	ibid. d. 28. q. 1.	bon-sent-IV-d28-a1-q1		chunk		
bon-brev-p6-c13	5	apparatus:p280-1	p280-1	crossref	logical	IV. Sent. d. 27. dub. 5.	bon-sent-IV-d27-dubia		chunk		
bon-brev-p6-c13	5	apparatus:p280-2	p280-2	scripture	apparatus-explicit	I. Cor. 7, 4	1Cor 7:4	A	verse		
bon-brev-p6-c13	5	apparatus:p280-3	p280-3	crossref	page	supra pag. 240, nota 5	bon-brev-p3-c11		chunk		
bon-brev-p6-c13	5	apparatus:p280-6	p280-6	scripture	apparatus-explicit	Matth. 19, 6	Matth 19:6	A	verse		
bon-brev-p6-c2	5	apparatus:p266-2	p266-2	crossref	logical	IV. Sent. d. 1. p. II.	IV:d1		distinctio		
bon-brev-p6-c2	5	apparatus:p266-2	p266-2	crossref	chain-continuation	d. 2. a. 1. q. 1.	bon-sent-IV-d2-a1-q1		chunk		
bon-brev-p6-c2	5	apparatus:p266-3	p266-3	crossref	page	tom. IV. pag. 50	bon-sent-IV-d2-a1-q1+bon-sent-IV-d2-a1-q2		page-multi		
bon-brev-p6-c2	5	apparatus:p266-5	p266-5	scripture	apparatus-explicit	Ioan. 1, 17	Ioan 1:17	A	verse		
bon-brev-p6-c2	5	apparatus:p267-1	p267-1	crossref	logical	IV. Sent. d. 1. p. I. q. 2.	bon-sent-IV-d1-p1-a1-q2		chunk		
bon-brev-p6-c3	5	apparatus:p267-3	p267-3	crossref	page	supra pag. 203, nota 8	bon-brev-prol-s1+bon-brev-prol-s2		page-multi		
bon-brev-p6-c3	5	apparatus:p267-3	p267-3	crossref	logical	IV. Sent. d. 2. a. 1. q. 3.	bon-sent-IV-d2-a1-q3		chunk		
bon-brev-p6-c3	5	apparatus:p267-3	p267-3	scripture	apparatus-explicit	Gen. 2, 21	Gen 2:21	A	verse		
bon-brev-p6-c3	5	apparatus:p267-4	p267-4	scripture	apparatus-explicit	I. Cor. 1, 24	1Cor 1:24	A	verse		
bon-brev-p6-c3	5	apparatus:p267-5	p267-5	crossref	page	tom. III. pag. 750, nota 11	bon-sent-III-d34-p1-a2-q3		chunk		
bon-brev-p6-c3	5	apparatus:p267-6	p267-6	crossref	page	tom. IV. pag. 52, nota 9	bon-sent-IV-d2-a1-q2+bon-sent-IV-d2-a1-q3		page-multi		
bon-brev-p6-c3	5	apparatus:p267-8	p267-8	scripture	apparatus-explicit	Cantic. 6, 3	Cant 6:3	A	verse		
bon-brev-p6-c3	5	apparatus:p268-1	p268-1	scripture	apparatus-explicit	Eph. 5, 32	Eph 5:32	A	verse		
bon-brev-p6-c4	5	apparatus:p268-2	p268-2	scripture	apparatus-explicit	Hebr. 9, 15	Hebr 9:15	A	verse		
bon-brev-p6-c4	5	apparatus:p268-3	p268-3	crossref	logical	IV. Sent. d. 3. p. II. a. 1. q. 1	bon-sent-IV-d3-p2-a1-q1		chunk		
bon-brev-p6-c4	5	apparatus:p268-3	p268-3	crossref	chain-continuation	d. 7. a. 1. q. 1.	bon-sent-IV-d7-a1-q1		chunk		
bon-brev-p6-c4	5	apparatus:p268-3	p268-3	crossref	chain-continuation	d. 8. p. I. a. 2. q. 1	bon-sent-IV-d8-p1-a2-q1		chunk		
bon-brev-p6-c4	5	apparatus:p268-3	p268-3	crossref	chain-continuation	d. 17. p. II. a. 1. q. 1	bon-sent-IV-d17-p2-a1-q1		chunk		
bon-brev-p6-c4	5	apparatus:p268-3	p268-3	crossref	chain-continuation	d. 23. a. 1. q. 2	bon-sent-IV-d23-a1-q2		chunk		
bon-brev-p6-c4	5	apparatus:p268-3	p268-3	crossref	chain-continuation	d. 26. a. 1. q. 1.	bon-sent-IV-d26-a1-q1		chunk		
bon-brev-p6-c4	5	apparatus:p268-4	p268-4	scripture	apparatus-explicit	Ioan. 14, 6	Ioan 14:6	A	verse		
bon-brev-p6-c4	5	apparatus:p268-6	p268-6	scripture	apparatus-explicit	Ioan. 1, 14	Ioan 1:14	A	verse		
bon-brev-p6-c4	5	apparatus:p268-6	p268-6	crossref	page	tom. III. pag. 529, nota 9	bon-sent-III-d24-a3-q2+bon-sent-III-d24-dubia		page-multi		
bon-brev-p6-c4	5	apparatus:p268-7	p268-7	crossref	logical	IV. Sent. d. 1. p. I. q. 2.	bon-sent-IV-d1-p1-a1-q2		chunk		
bon-brev-p6-c4	5	apparatus:p268-7	p268-7	crossref	chain-continuation	d. 4. p. I. a. 2. q. 2.	bon-sent-IV-d4-p1-a2-q2		chunk		
bon-brev-p6-c4	5	apparatus:p268-8	p268-8	scripture	apparatus-explicit	Matth. 4, 17	Matth 4:17	A	verse		
bon-brev-p6-c4	5	apparatus:p268-8	p268-8	scripture	apparatus-explicit	Marc. 1, 14	Marc 1:14	A	verse		
bon-brev-p6-c4	5	apparatus:p268-8	p268-8	scripture	apparatus-explicit	Ioan. 2, 1	Ioan 2:1	A	verse		
bon-brev-p6-c4	5	apparatus:p268-8	p268-8	scripture	apparatus-explicit	Matth. 19, 4	Matth 19:4	A	verse		
bon-brev-p6-c4	5	apparatus:p269-1	p269-1	scripture	apparatus-explicit	Matth. 19, 13	Matth 19:13	A	verse		
bon-brev-p6-c4	5	apparatus:p269-1	p269-1	scripture	apparatus-explicit	Luc. 18, 15	Luc 18:15	A	verse		
bon-brev-p6-c4	5	apparatus:p269-1	p269-1	scripture	apparatus-explicit	Act. 1, 5	Act 1:5	A	verse		
bon-brev-p6-c4	5	apparatus:p269-2	p269-2	scripture	apparatus-explicit	Matth. 3, 13	Matth 3:13	A	verse		
bon-brev-p6-c4	5	apparatus:p269-2	p269-2	scripture	apparatus-explicit	Marc. 16, 15	Marc 16:15	A	verse		
bon-brev-p6-c4	5	apparatus:p269-2	p269-2	scripture	apparatus-explicit	Ioan. 3, 5	Ioan 3:5	A	verse		
bon-brev-p6-c4	5	apparatus:p269-2	p269-2	scripture	apparatus-explicit	Ioan. 20, 22	Ioan 20:22	A	verse		
bon-brev-p6-c4	5	apparatus:p269-2	p269-2	scripture	apparatus-explicit	Luc. 22, 19	Luc 22:19	A	verse		
bon-brev-p6-c4	5	apparatus:p269-2	p269-2	scripture	apparatus-explicit	I. Cor. 11, 24	1Cor 11:24	A	verse		
bon-brev-p6-c4	5	apparatus:p269-2	p269-2	scripture	apparatus-explicit	Ioan. 12, 24	Ioan 12:24	A	verse		
bon-brev-p6-c4	5	apparatus:p269-2	p269-2	scripture	apparatus-explicit	Matth. 18, 18	Matth 18:18	A	verse		
bon-brev-p6-c5	5	apparatus:p269-4	p269-4	crossref	logical	IV. Sent. d. 6. p. II. a. 2	bon-sent-IV-d6-p2-a2-q1+bon-sent-IV-d6-p2-a2-q2		articulus		
bon-brev-p6-c5	5	apparatus:p269-4	p269-4	crossref	chain-continuation	d. 5. a. 1.	bon-sent-IV-d5-a1-q1+bon-sent-IV-d5-a1-q2		articulus		
bon-brev-p6-c5	5	apparatus:p269-4	p269-4	crossref	chain-continuation	d. 7. a. 1. q. 3.	bon-sent-IV-d7-a1-q3		chunk		
bon-brev-p6-c5	5	apparatus:p269-4	p269-4	crossref	chain-continuation	d. 13. a. 1. q. 1.	bon-sent-IV-d13-a1-q1		chunk		
bon-brev-p6-c5	5	apparatus:p269-4	p269-4	crossref	chain-continuation	d. 17. p. III. a. 1.	bon-sent-IV-d17-p3-a1-q1+bon-sent-IV-d17-p3-a1-q2+bon-sent-IV-d17-p3-a1-q3		articulus		
bon-brev-p6-c5	5	apparatus:p269-4	p269-4	crossref	chain-continuation	d. 19.	IV:d19		distinctio		
bon-brev-p6-c5	5	apparatus:p269-4	p269-4	crossref	chain-continuation	d. 23. a. 2. q. 1.	bon-sent-IV-d23-a2-q1		chunk		
bon-brev-p6-c5	5	apparatus:p269-4	p269-4	crossref	chain-continuation	d. 25. a. 1.	bon-sent-IV-d25-a1-q1+bon-sent-IV-d25-a1-q2+bon-sent-IV-d25-a1-q3+bon-sent-IV-d25-a1-q4		articulus		
bon-brev-p6-c5	5	apparatus:p269-4	p269-4	crossref	chain-continuation	d. 27. a. 2. q. 1.	bon-sent-IV-d27-a2-q1		chunk		
bon-brev-p6-c5	5	apparatus:p269-4	p269-4	crossref	chain-continuation	d. 28. q. 5.	bon-sent-IV-d28-a1-q5		chunk		
bon-brev-p6-c5	5	apparatus:p269-6	p269-6	scripture	apparatus-explicit	Psalm. 73, 12	Ps 73:12	A	verse		
bon-brev-p6-c5	5	apparatus:p270-1	p270-1	scripture	apparatus-explicit	Eccle. 9, 1	Eccle 9:1	A	verse		
bon-brev-p6-c5	5	apparatus:p270-2	p270-2	scripture	apparatus-explicit	Gen. 2, 8	Gen 2:8	A	verse		
bon-brev-p6-c5	5	apparatus:p270-2	p270-2	scripture	apparatus-explicit	Matth. 16, 18	Matth 16:18	A	verse		
bon-brev-p6-c5	5	apparatus:p270-2	p270-2	scripture	apparatus-explicit	Gal. 4, 22	Gal 4:22	A	verse		
bon-brev-p6-c6	5	apparatus:p270-4	p270-4	crossref	logical	IV. Sent. d. 6. p. I.	IV:d6		distinctio		
bon-brev-p6-c6	5	apparatus:p270-4	p270-4	crossref	chain-continuation	d. 7. a. 3. q. 3	bon-sent-IV-d7-a3-q3		chunk		
bon-brev-p6-c6	5	apparatus:p270-4	p270-4	crossref	chain-continuation	d. 24. p. II. a. 1. q. 1.	bon-sent-IV-d24-p2-a1-q1		chunk		
bon-brev-p6-c6	5	apparatus:p271-4	p271-4	crossref	page	tom. IV. pag. 146, nota 7	bon-sent-IV-d6-p1-a1-q6		chunk		
bon-brev-p6-c7	5	apparatus:p271-6	p271-6	scripture	apparatus-explicit	Matth. 28, 19	Matth 28:19	A	verse		
bon-brev-p6-c7	5	apparatus:p271-7	p271-7	crossref	logical	IV. Sent. d. 3	IV:d3		distinctio		
bon-brev-p6-c7	5	apparatus:p271-7	p271-7	crossref	chain-continuation	d. 6. p. II. a. 3.	bon-sent-IV-d6-p2-a3-q1+bon-sent-IV-d6-p2-a3-q2		articulus		
bon-brev-p6-c7	5	apparatus:p272-1	p272-1	scripture	apparatus-explicit	I. Cor. 15, 4	1Cor 15:4	A	verse		
bon-brev-p6-c7	5	apparatus:p272-2	p272-2	scripture	apparatus-explicit	Act. 2, 38	Act 2:38	A	verse		
bon-brev-p6-c7	5	apparatus:p272-2	p272-2	crossref	logical	IV. Sent. d. 3. p. I. a. 2. q. 2.	bon-sent-IV-d3-p1-a2-q2		chunk		
bon-brev-p6-c7	5	apparatus:p272-3	p272-3	crossref	logical	IV. Sent. d. 5. a. 1. q. 1.	bon-sent-IV-d5-a1-q1		chunk		
bon-brev-p6-c7	5	apparatus:p272-6	p272-6	scripture	apparatus-explicit	Col. 6, 12	Col 6:12	A	chapter-out-of-range		
bon-brev-p6-c7	5	apparatus:p272-7	p272-7	scripture	apparatus-explicit	Col. 1, 13	Col 1:13	A	verse		
bon-brev-p6-c8	5	apparatus:p272-8	p272-8	crossref	logical	IV. Sent. d. 7.	IV:d7		distinctio		
bon-brev-p6-c8	5	apparatus:p273-1	p273-1	crossref	page	tom. I. pag. 707, nota 5	bon-sent-I-d40-a2-q1		chunk		
bon-brev-p6-c8	5	apparatus:p273-2	p273-2	scripture	apparatus-explicit	Marc. 12, 30	Marc 12:30	A	verse		
bon-brev-p6-c8	5	apparatus:p273-2	p273-2	scripture	apparatus-explicit	I. Tim. 1, 5	1Tim 1:5	A	verse		
bon-brev-p6-c8	5	apparatus:p273-4	p273-4	scripture	apparatus-explicit	Matth. 10, 32	Matth 10:32	A	verse		
bon-brev-p6-c8	5	apparatus:p273-4	p273-4	crossref	page	tom. IV. pag. 167, nota 1	bon-sent-IV-d7-a1-q2+bon-sent-IV-d7-a1-q3		page-multi		
bon-brev-p6-c8	5	apparatus:p273-4	p273-4	crossref	page	pag. 593, nota 2	bon-sent-I-d34-a1-q4		chunk		
bon-brev-p6-c8	5	apparatus:p273-6	p273-6	crossref	page	tom. XI. pag. 745	tom11:p745		forward		
bon-brev-p6-c8	5	apparatus:p273-6	p273-6	crossref	page	tom. I. pag. 155			dangling		
bon-brev-p6-c9	5	apparatus:p274-1	p274-1	scripture	apparatus-explicit	I. Cor. 11, 29	1Cor 11:29	A	verse		
bon-brev-p6-c9	5	apparatus:p274-1	p274-1	crossref	logical	IV. Sent. d. 8	IV:d8		distinctio		
bon-brev-p6-c9	5	apparatus:p274-3	p274-3	scripture	apparatus-explicit	Hebr. 9, 10	Hebr 9:10	A	verse		
bon-brev-p6-c9	5	apparatus:p274-5	p274-5	scripture	apparatus-explicit	Matth. 28, 20	Matth 28:20	A	verse		
bon-brev-p6-c9	5	apparatus:p274-5	p274-5	scripture	apparatus-explicit	Tit. 2, 14	Tit 2:14	A	verse		
bon-brev-p6-c9	5	apparatus:p274-6	p274-6	scripture	apparatus-explicit	Ioan. 6, 69	Ioan 6:69	A	verse		
bon-brev-p6-c9	5	apparatus:p275-2	p275-2	crossref	logical	IV. Sent. d. 9. a. 1. q. 2.	bon-sent-IV-d9-a1-q2		chunk		
bon-brev-p6-c9	5	apparatus:p275-3	p275-3	scripture	apparatus-explicit	I. Cor. 11, 29	1Cor 11:29	A	verse		
bon-brev-p7-c1	5	apparatus:p281-1	p281-1	scripture	apparatus-explicit	Matth. 16, 27	Matth 16:27	A	verse		
bon-brev-p7-c1	5	apparatus:p281-1	p281-1	scripture	apparatus-explicit	Apoc. 22, 12	Apoc 22:12	A	verse		
bon-brev-p7-c1	5	apparatus:p281-1	p281-1	scripture	anaphor->apparatus-explicit	ibid.	Apoc 22:12	A	verse	yes	Apoc. 22, 12
bon-brev-p7-c1	5	apparatus:p281-2	p281-2	crossref	page	tom. IV. pag. 987, nota 6	bon-sent-IV-d48-a1-q3		chunk		
bon-brev-p7-c1	5	apparatus:p281-2	p281-2	crossref	logical	IV. Sent. d. 43. a. 2.	bon-sent-IV-d43-a2-q1+bon-sent-IV-d43-a2-q2+bon-sent-IV-d43-a2-q3		articulus		
bon-brev-p7-c1	5	apparatus:p281-2	p281-2	crossref	chain-continuation	d. 48	IV:d48		distinctio		
bon-brev-p7-c1	5	apparatus:p281-4	p281-4	crossref	page	supra pag. 218, nota 5	bon-brev-p1-c9		chunk		
bon-brev-p7-c1	5	apparatus:p281-5	p281-5	scripture	apparatus-explicit	II. Cor. 5, 10	2Cor 5:10	A	verse		
bon-brev-p7-c1	5	apparatus:p282-2	p282-2	scripture	apparatus-explicit	I. Cor. 13, 12	1Cor 13:12	A	verse		
bon-brev-p7-c1	5	apparatus:p282-2	p282-2	scripture	apparatus-explicit	Ioan. 5, 22	Ioan 5:22	A	verse		
bon-brev-p7-c2	5	apparatus:p282-4	p282-4	crossref	logical	IV. Sent. d. 20. p. I.	IV:d20		distinctio		
bon-brev-p7-c2	5	apparatus:p282-5	p282-5	crossref	page	tom. IV. pag. 356, nota 6	bon-sent-IV-d15-p1-a1-q4+bon-sent-IV-d15-p1-a1-q5		page-multi		
bon-brev-p7-c2	5	apparatus:p282-5	p282-5	crossref	page	supra pag. 224, nota 8	bon-brev-p2-c5+bon-brev-p2-c6+bon-brev-p2-c7		page-multi		
bon-brev-p7-c2	5	apparatus:p282-6	p282-6	crossref	logical	IV. Sent. d. 44. p. II. a. 3. q. 2.	bon-sent-IV-d44-p2-a3-q2		chunk		
bon-brev-p7-c2	5	apparatus:p283-2	p283-2	crossref	logical	IV. Sent. d. 21. p. I. a. 2. q. 1.	bon-sent-IV-d21-p1-a2-q1		chunk		
bon-brev-p7-c3	5	apparatus:p283-6	p283-6	crossref	logical	IV. Sent. d. 15. p. II.	IV:d15		distinctio		
bon-brev-p7-c3	5	apparatus:p284-6	p284-6	scripture	apparatus-explicit	Sap. 11, 21	Sap 11:21	A	verse		
bon-brev-p7-c4	5	apparatus:p284-8	p284-8	scripture	apparatus-explicit	I. Cor. 7, 31	1Cor 7:31	A	verse		
bon-brev-p7-c4	5	apparatus:p284-8	p284-8	scripture	apparatus-explicit	Gen. 7, 1	Gen 7:1	A	verse		
bon-brev-p7-c4	5	apparatus:p284-8	p284-8	scripture	apparatus-explicit	II. Petr. 2, 5	2Petr 2:5	A	verse		
bon-brev-p7-c4	5	apparatus:p284-9	p284-9	crossref	logical	IV. Sent. d. 47. a. 2.	bon-sent-IV-d47-a2-q1+bon-sent-IV-d47-a2-q2+bon-sent-IV-d47-a2-q3+bon-sent-IV-d47-a2-q4		articulus		
bon-brev-p7-c4	5	apparatus:p284-9	p284-9	crossref	chain-continuation	d. 48. a. 2.	bon-sent-IV-d48-a2-q1+bon-sent-IV-d48-a2-q2+bon-sent-IV-d48-a2-q3+bon-sent-IV-d48-a2-q4		articulus		
bon-brev-p7-c4	5	apparatus:p285-1	p285-1	crossref	page	tom. IV. pag. 989, nota 7	bon-sent-IV-d48-a1-q4+bon-sent-IV-d48-a2-q1		page-multi		
bon-brev-p7-c4	5	apparatus:p285-2	p285-2	scripture	apparatus-explicit	Sap. 5, 18	Sap 5:18	A	verse		
bon-brev-p7-c4	5	apparatus:p285-2	p285-2	scripture	apparatus-explicit	Matth. 24, 29	Matth 24:29	A	verse		
bon-brev-p7-c4	5	apparatus:p285-4	p285-4	scripture	apparatus-explicit	Matth. 24, 12	Matth 24:12	A	verse		
bon-brev-p7-c4	5	apparatus:p285-5	p285-5	scripture	apparatus-explicit	II. Petr. 3, 10	2Petr 3:10	A	verse		
bon-brev-p7-c4	5	apparatus:p286-1	p286-1	crossref	page	tom. III. pag. 40, nota 8	bon-sent-III-d2-a1-q2		chunk		
bon-brev-p7-c5	5	apparatus:p286-2	p286-2	scripture	apparatus-explicit	Eph. 4, 13	Eph 4:13	A	verse		
bon-brev-p7-c5	5	apparatus:p286-3	p286-3	scripture	apparatus-explicit	Luc. 21, 18	Luc 21:18	A	verse		
bon-brev-p7-c5	5	apparatus:p286-3	p286-3	crossref	logical	IV. Sent. d. 43. a. 1.	bon-sent-IV-d43-a1-q1+bon-sent-IV-d43-a1-q2+bon-sent-IV-d43-a1-q3+bon-sent-IV-d43-a1-q4+bon-sent-IV-d43-a1-q5+bon-sent-IV-d43-a1-q6		articulus		
bon-brev-p7-c5	5	apparatus:p286-3	p286-3	crossref	chain-continuation	d. 44. p. I.	IV:d44		distinctio		
bon-brev-p7-c5	5	apparatus:p286-6	p286-6	scripture	apparatus-explicit	Sap. 5, 21	Sap 5:21	A	verse		
bon-brev-p7-c5	5	apparatus:p286-8	p286-8	scripture	apparatus-explicit	Ioan. 5, 29	Ioan 5:29	A	verse		
bon-brev-p7-c5	5	apparatus:p287-3	p287-3	crossref	page	tom. II. pag. 734, nota 3	bon-sent-II-d30-a3-q1+bon-sent-II-d30-a3-q2		page-multi		
bon-brev-p7-c5	5	apparatus:p287-4	p287-4	crossref	page	supra pag. 271, nota 8	bon-brev-p6-c6+bon-brev-p6-c7		page-multi		
bon-brev-p7-c5	5	apparatus:p287-4	p287-4	crossref	page	tom. IV. pag. 888, nota 2	bon-sent-IV-d43-a1-q4		chunk		
bon-brev-p7-c5	5	apparatus:p287-5	p287-5	crossref	page	supra pag. 227, nota 2	bon-brev-p2-c10+bon-brev-p2-c9		page-multi		
bon-brev-p7-c5	5	apparatus:p287-5	p287-5	crossref	logical	II. Sent. d. 18. a. 1. q. 2.	bon-sent-II-d18-a1-q2		chunk		
bon-brev-p7-c5	5	apparatus:p287-5	p287-5	crossref	page	supra pag. 216, nota 3	bon-brev-p1-c7+bon-brev-p1-c8		page-multi		
bon-brev-p7-c6	5	apparatus:p287-7	p287-7	scripture	apparatus-explicit	Apoc. 14, 11	Apoc 14:11	A	verse		
bon-brev-p7-c6	5	apparatus:p287-7	p287-7	crossref	logical	IV. Sent. d. 44. p. II.	IV:d44		distinctio		
bon-brev-p7-c6	5	apparatus:p287-7	p287-7	crossref	chain-continuation	d. 50. p. II. a. 2.	bon-sent-IV-d50-p2-a2-q1+bon-sent-IV-d50-p2-a2-q2+bon-sent-IV-d50-p2-a2-q3		articulus		
bon-brev-p7-c6	5	apparatus:p287-8	p287-8	scripture	apparatus-explicit	II. Tim. 2, 13	2Tim 2:13	A	verse		
bon-brev-p7-c6	5	apparatus:p287-9	p287-9	scripture	apparatus-explicit	Matth. 5, 26	Matth 5:26	A	verse		
bon-brev-p7-c6	5	apparatus:p287-9	p287-9	crossref	page	supra pag. 224, nota 8	bon-brev-p2-c5+bon-brev-p2-c6+bon-brev-p2-c7		page-multi		
bon-brev-p7-c6	5	apparatus:p288-2	p288-2	crossref	page	tom. IV. pag. 922, nota 1	bon-sent-IV-d44-p2-a1-q1		chunk		
bon-brev-p7-c6	5	apparatus:p288-4	p288-4	scripture	apparatus-explicit	Apoc. 14, 10	Apoc 14:10	A	verse		
bon-brev-p7-c6	5	apparatus:p288-4	p288-4	scripture	apparatus-explicit	Soph. 1, 12	Soph 1:12	A	verse		
bon-brev-p7-c6	5	apparatus:p288-5	p288-5	scripture	apparatus-explicit	I. Cor. 3, 12	1Cor 3:12	A	verse		
bon-brev-p7-c6	5	apparatus:p288-5	p288-5	crossref	logical	II. Sent. d. 31. a. 2. q. 3.	bon-sent-II-d31-a2-q3		chunk		
bon-brev-p7-c6	5	apparatus:p288-6	p288-6	crossref	page	supra pag. 180, nota 6	tom5:p180		forward		
bon-brev-p7-c6	5	apparatus:p288-6	p288-6	crossref	page	pag. 224, nota 8	bon-brev-p2-c5+bon-brev-p2-c6+bon-brev-p2-c7		page-multi		
bon-brev-p7-c7	5	apparatus:p289-1	p289-1	scripture	apparatus-explicit	I. Cor. 13, 12	1Cor 13:12	A	verse		
bon-brev-p7-c7	5	apparatus:p289-2	p289-2	crossref	page	tom. III. pag. 585, nota 8	bon-sent-III-d26-dubia		chunk		
bon-brev-p7-c7	5	apparatus:p289-3	p289-3	crossref	logical	IV. Sent. d. 33. a. 2. q. 3	bon-sent-IV-d33-a2-q3		chunk		
bon-brev-p7-c7	5	apparatus:p289-3	p289-3	crossref	relative	ibid. d. 49. p. I.	IV:d49		distinctio		
bon-brev-p7-c7	5	apparatus:p289-4	p289-4	scripture	apparatus-explicit	Rom. 1, 20	Rom 1:20	A	verse		
bon-brev-p7-c7	5	apparatus:p289-5	p289-5	crossref	page	supra pag. 224, nota 3	bon-brev-p2-c5+bon-brev-p2-c6+bon-brev-p2-c7		page-multi		
bon-brev-p7-c7	5	apparatus:p289-6	p289-6	crossref	work	Quaest. de scientia Christi	work:scientia-christi		work		
bon-brev-p7-c7	5	apparatus:p289-6	p289-6	crossref	logical	II. Sent. d. 10. a. 2. q. 2.	bon-sent-II-d10-a2-q2		chunk		
bon-brev-p7-c7	5	apparatus:p289-8	p289-8	crossref	logical	II. Sent. d. 8. p. II. q. 2.	bon-sent-II-d8-p2-a1-q2		chunk		
bon-brev-p7-c7	5	apparatus:p290-2	p290-2	scripture	apparatus-explicit	Psalm. 132, 2	Ps 132:2	A	verse		
bon-brev-p7-c7	5	apparatus:p290-3	p290-3	scripture	apparatus-explicit	I. Cor. 12, 4	1Cor 12:4	A	verse		
bon-brev-p7-c7	5	apparatus:p290-6	p290-6	scripture	anaphor->apparatus-explicit	loc. cit.	1Cor 12:4	A	verse	yes	I. Cor. 12, 4
bon-brev-p7-c7	5	apparatus:p290-6	p290-6	scripture	apparatus-explicit	I. Cor. 2, 9	1Cor 2:9	A	verse		
bon-brev-p7-c7	5	apparatus:p290-7	p290-7	scripture	apparatus-explicit	Matth. 13, 43	Matth 13:43	A	verse		
bon-brev-p7-c7	5	apparatus:p290-7	p290-7	scripture	apparatus-explicit	Matth. 22, 30	Matth 22:30	A	verse		
bon-brev-p7-c7	5	apparatus:p290-7	p290-7	scripture	apparatus-explicit	I. Cor. 15, 44	1Cor 15:44	A	verse		
bon-brev-p7-c7	5	apparatus:p290-7	p290-7	scripture	apparatus-explicit	Sap. 5, 16	Sap 5:16	A	verse		
bon-brev-p7-c7	5	apparatus:p290-7	p290-7	scripture	apparatus-explicit	Ps. 36, 39	Ps 36:39	A	verse		
bon-brev-p7-c7	5	apparatus:p290-7	p290-7	scripture	apparatus-explicit	Ps. 16, 15	Ps 16:15	A	verse		
bon-brev-p7-c7	5	apparatus:p290-7	p290-7	scripture	apparatus-explicit	Ps. 35, 9	Ps 35:9	A	verse		
bon-brev-p7-c7	5	apparatus:p291-1	p291-1	scripture	apparatus-explicit	Ps. 35, 9	Ps 35:9	A	verse		
bon-brev-p7-c7	5	apparatus:p291-2	p291-2	scripture	apparatus-explicit	Matth. 25, 21	Matth 25:21	A	verse		
bon-brev-p7-c7	5	apparatus:p291-2	p291-2	scripture	anaphor->apparatus-explicit	ibid.	Matth 25:21	A	verse	yes	Matth. 25, 21
bon-brev-p7-c7	5	apparatus:p291-2	p291-2	scripture	apparatus-explicit	Ps. 81, 6	Ps 81:6	A	verse		
bon-brev-p7-c7	5	apparatus:p291-2	p291-2	scripture	apparatus-explicit	Ioan. 10, 34	Ioan 10:34	A	verse		
bon-brev-p7-c7	5	apparatus:p291-2	p291-2	scripture	apparatus-explicit	Rom. 8, 17	Rom 8:17	A	verse		
bon-brev-p7-c7	5	apparatus:p291-4	p291-4	scripture	apparatus-explicit	Matth. 22, 37	Matth 22:37	A	verse		
bon-brev-p7-c7	5	apparatus:p291-5	p291-5	scripture	anaphor->apparatus-explicit	loc. cit.	Matth 22:37	A	verse	yes	Matth. 22, 37
bon-brev-p7-c7	5	apparatus:p291-7	p291-7	scripture	apparatus-explicit	Ioan. 16, 24	Ioan 16:24	A	verse		
bon-brev-p7-c7	5	apparatus:p291-8	p291-8	scripture	apparatus-explicit	Rom. 1, 25	Rom 1:25	A	verse		
bon-brev-p7-c7	5	apparatus:p291-8	p291-8	scripture	apparatus-explicit	Matth. 25, 21	Matth 25:21	A	verse		
bon-brev-prol-s1	5	apparatus:p203-1	p203-1	crossref	anaphor->work	ibid.	work:scientia-christi		work	cross-chunk	bon-brev-prol: Quaest. de scientia Christi
bon-brev-prol-s1	5	apparatus:p203-1	p203-1	crossref	anaphor->work	loc. cit.	work:scientia-christi		work	cross-chunk	bon-brev-prol: Quaest. de scientia Christi
bon-brev-prol-s1	5	apparatus:p203-2	p203-2	crossref	logical	III. Sent. d. 23. a. 1. q. 1.	bon-sent-III-d23-a1-q1		chunk		
bon-brev-prol-s1	5	apparatus:p203-3	p203-3	crossref	page	tom. III. pag. 884, nota 2	bon-sent-III-d40-a1-q1+bon-sent-III-d40-divisio+bon-sent-III-d40-littera		page-multi		
bon-brev-prol-s1	5	apparatus:p203-6	p203-6	scripture	apparatus-explicit	Ioan. 16, 13	Ioan 16:13	A	verse		
bon-brev-prol-s2	5	apparatus:p203-8	p203-8	crossref	page	tom. III. pag. 33, nota 12	bon-sent-III-d1-a2-q4+bon-sent-III-d1-dubia		page-multi		
bon-brev-prol-s2	5	apparatus:p203-8	p203-8	crossref	page	tom. IV. pag. 854, nota 10	bon-sent-IV-d40-dubia		chunk		
bon-brev-prol-s2	5	apparatus:p204-2	p204-2	crossref	logical	II. Sent. d. 15. a. 2. q. 1.	bon-sent-II-d15-a2-q1		chunk		
bon-brev-prol-s2	5	apparatus:p204-3	p204-3	scripture	apparatus-explicit	Gen. 1, 3	Gen 1:3	A	verse		
bon-brev-prol-s2	5	apparatus:p204-3	p204-3	crossref	logical	II. Sent. d. 2. p. I. a. 2. q. 3	bon-sent-II-d2-p1-a2-q3		chunk		
bon-brev-prol-s2	5	apparatus:p204-3	p204-3	crossref	chain-continuation	d. 3. p. II. a. 1. q. 1.	bon-sent-II-d3-p2-a1-q1		chunk		
bon-brev-prol-s2	5	apparatus:p204-3	p204-3	crossref	chain-continuation	d. 12. a. 1.	bon-sent-II-d12-a1-q1+bon-sent-II-d12-a1-q2+bon-sent-II-d12-a1-q3		articulus		
bon-brev-prol-s2	5	apparatus:p204-3	p204-3	scripture	apparatus-explicit	Gen. 7, 1	Gen 7:1	A	verse		
bon-brev-prol-s2	5	apparatus:p204-3	p204-3	scripture	apparatus-explicit	Gen. 12, 1	Gen 12:1	A	verse		
bon-brev-prol-s2	5	apparatus:p204-3	p204-3	scripture	apparatus-explicit	IV. Reg. 17	4Reg 17	C	chapter		
bon-brev-prol-s2	5	apparatus:p204-3	p204-3	scripture	apparatus-explicit	Tob. 1, 1	Tob 1:1	A	verse		
bon-brev-prol-s2	5	apparatus:p204-3	p204-3	scripture	apparatus-explicit	Luc. 2, 1	Luc 2:1	A	verse		
bon-brev-prol-s2	5	apparatus:p204-5	p204-5	scripture	apparatus-explicit	Gen. 2, 2	Gen 2:2	A	verse		
bon-brev-prol-s2	5	apparatus:p204-6	p204-6	scripture	apparatus-explicit	Gen. 7, 21	Gen 7:21	A	verse		
bon-brev-prol-s2	5	apparatus:p204-6	p204-6	scripture	apparatus-explicit	Gen. 11, 6	Gen 11:6	A	verse		
bon-brev-prol-s3	5	apparatus:p204-8	p204-8	crossref	logical	II. Sent. d. 9.	II:d9		distinctio		
bon-brev-prol-s3	5	apparatus:p204-9	p204-9	scripture	apparatus-explicit	Psalm. 138, 6	Ps 138:6	A	verse		
bon-brev-prol-s3	5	apparatus:p204-9	p204-9	crossref	logical	I. Sent. d. 36. a. 2. q. 2.	bon-sent-I-d36-a2-q2		chunk		
bon-brev-prol-s3	5	apparatus:p204-9	p204-9	crossref	logical	II. Sent. d. 3. p. II. a. 2. q. 1.	bon-sent-II-d3-p2-a2-q1		chunk		
bon-brev-prol-s3	5	apparatus:p205-2	p205-2	scripture	apparatus-explicit	Gen. 28, 12	Gen 28:12	A	verse		
bon-brev-prol-s3	5	apparatus:p205-3	p205-3	scripture	apparatus-explicit	Psalm. 132, 2	Ps 132:2	A	verse		
bon-brev-prol-s3	5	apparatus:p205-3	p205-3	crossref	logical	III. Sent. d. 13. a. 2. q. 1	bon-sent-III-d13-a2-q1		chunk		
bon-brev-prol-s4	5	apparatus:p205-7	p205-7	scripture	apparatus-explicit	I. Cor. 1, 24	1Cor 1:24	A	verse		
bon-brev-prol-s4	5	apparatus:p205-8	p205-8	scripture	apparatus-explicit	Ioan. 1, 3	Ioan 1:3	A	verse		
bon-brev-prol-s4	5	apparatus:p205-8	p205-8	scripture	apparatus-explicit	Col. 2, 3	Col 2:3	A	verse		
bon-brev-prol-s4	5	apparatus:p205-8	p205-8	crossref	work	Quaest. de scientia Christi	work:scientia-christi		work		
bon-brev-prol-s4	5	apparatus:p206-1	p206-1	crossref	anaphor->work	ibid.	work:scientia-christi		work	yes	Quaest. de scientia Christi
bon-brev-prol-s4	5	apparatus:p206-2	p206-2	crossref	logical	III. Sent. d. 25. a. 1. q. 3.	bon-sent-III-d25-a1-q3		chunk		
bon-brev-prol-s4	5	apparatus:p206-3	p206-3	scripture	apparatus-explicit	II. Petr. 1, 21	2Petr 1:21	A	verse		
bon-brev-prol-s4	5	apparatus:p206-3	p206-3	crossref	logical	I. Sent. d. 27. p. II. q. 2.	bon-sent-I-d27-p2-a1-q2		chunk		
bon-brev-prol-s4	5	apparatus:p206-4	p206-4	scripture	apparatus-explicit	Luc. 2, 7	Luc 2:7	A	verse		
bon-brev-prol-s4	5	apparatus:p206-5	p206-5	scripture	apparatus-explicit	Ioan. 16, 13	Ioan 16:13	A	verse		
bon-brev-prol-s4	5	apparatus:p206-6	p206-6	crossref	logical	II. Sent. d. 15. a. 2. q. 1.	bon-sent-II-d15-a2-q1		chunk		
bon-brev-prol-s5	5	apparatus:p207-1	p207-1	crossref	anaphor->logical	ibid.	bon-sent-II-d15-a2-q1		chunk	cross-chunk	bon-brev-prol-s4: II. Sent. d. 15. a. 2. q. 1.
bon-brev-prol-s5	5	apparatus:p207-1	p207-1	crossref	logical	III. Sent. d. 24. dub. 3	bon-sent-III-d24-dubia		chunk		
bon-brev-prol-s5	5	apparatus:p207-3	p207-3	scripture	apparatus-explicit	Matth. 24, 35	Matth 24:35	A	verse		
bon-brev-prol-s5	5	apparatus:p207-3	p207-3	scripture	anaphor->apparatus-explicit	ibid.	Matth 24:35	A	verse	yes	Matth. 24, 35
bon-brev-prol-s6	5	latin_body		crossref	relative-bare	ibid			unresolvable		
bon-brev-prol-s6	5	apparatus:p207-5	p207-5	scripture	apparatus-explicit	Iob 28, 11	Iob 28:11	A	verse		
bon-brev-prol-s6	5	apparatus:p207-6	p207-6	scripture	apparatus-explicit	Psalm. 34, 2	Ps 34:2	A	verse		
bon-brev-prol-s6	5	apparatus:p207-6	p207-6	scripture	apparatus-explicit	Ps. 5, 13	Ps 5:13	A	verse		
bon-brev-prol-s6	5	apparatus:p207-6	p207-6	scripture	apparatus-explicit	Ps. 90, 5	Ps 90:5	A	verse		
bon-brev-prol-s6	5	apparatus:p207-8	p207-8	scripture	anaphor->apparatus-explicit	ibid.	Ps 90:5	A	verse	yes	Ps. 90, 5
bon-brev-prol-s6	5	apparatus:p208-1	p208-1	scripture	apparatus-explicit	Cant. 4, 2	Cant 4:2	A	verse		
bon-brev-prol-s6	5	apparatus:p208-1	p208-1	scripture	anaphor->apparatus-explicit	ibid.	Cant 4:2	A	verse	yes	Cant. 4, 2
bon-brev-prol-s6	5	apparatus:p208-2	p208-2	scripture	apparatus-explicit	Exod. 12, 16	Exod 12:16	A	verse		
bon-brev-prol-s6	5	apparatus:p208-2	p208-2	scripture	apparatus-explicit	Exod. 40, 13	Exod 40:13	A	verse		
bon-brev-prol-s6	5	apparatus:p208-2	p208-2	scripture	apparatus-explicit	Num. 25, 13	Num 25:13	A	verse		
bon-brev-prol-s6	5	apparatus:p208-2	p208-2	scripture	apparatus-explicit	Gen. 17, 8	Gen 17:8	A	verse		
bon-brev-prol-s6	5	apparatus:p208-3	p208-3	scripture	apparatus-explicit	Matth. 23, 12	Matth 23:12	A	verse		
bon-brev-prol-s6	5	apparatus:p208-7	p208-7	scripture	apparatus-explicit	I. Tim. 1, 17	1Tim 1:17	A	verse		
bon-brev-prol	5	apparatus:p201-1	p201-1	scripture	apparatus-explicit	Act. 9, 15	Act 9:15	A	verse		
bon-brev-prol	5	apparatus:p201-2	p201-2	scripture	apparatus-explicit	Iac. 1, 17	Iac 1:17	A	verse		
bon-brev-prol	5	apparatus:p201-2	p201-2	scripture	apparatus-explicit	I Cor. 12, 11	1Cor 12:11	A	verse		
bon-brev-prol	5	apparatus:p201-2	p201-2	scripture	anaphor->apparatus-explicit	ibid.	1Cor 12:11	A	verse	yes	I Cor. 12, 11
bon-brev-prol	5	apparatus:p201-3	p201-3	scripture	apparatus-explicit	II. Cor. 5, 6	2Cor 5:6	A	verse		
bon-brev-prol	5	apparatus:p201-4	p201-4	scripture	apparatus-explicit	Rom. 12, 3	Rom 12:3	A	verse		
bon-brev-prol	5	apparatus:p202-3	p202-3	scripture	apparatus-explicit	Ioan. 6, 69	Ioan 6:69	A	verse		
bon-brev-prol	5	apparatus:p202-3	p202-3	scripture	anaphor->apparatus-explicit	ibid.	Ioan 6:69	A	verse	yes	Ioan. 6, 69
bon-brev-prol	5	apparatus:p202-3	p202-3	crossref	page	supra pag. 111, nota 1	tom5:p111		forward		
bon-brev-prol	5	apparatus:p202-3	p202-3	scripture	apparatus-explicit	Eph. 3, 19	Eph 3:19	A	verse		
bon-brev-prol	5	apparatus:p202-6	p202-6	crossref	work	Quaest. de scientia Christi	work:scientia-christi		work		
bon-don-c1	5	apparatus:p457-1	p457-1	scripture	apparatus-explicit	II. Cor. 6, 1	2Cor 6:1	A	verse		
bon-don-c1	5	apparatus:p457-1	p457-1	scripture	apparatus-explicit	Ps. 44, 3	Ps 44:3	A	verse		
bon-don-c1	5	apparatus:p457-1	p457-1	scripture	apparatus-explicit	Hebr. 1, 8	Hebr 1:8	A	verse		
bon-don-c1	5	apparatus:p457-2	p457-2	scripture	apparatus-explicit	Gen. 22, 18	Gen 22:18	A	verse		
bon-don-c1	5	apparatus:p457-3	p457-3	scripture	apparatus-explicit	Ioan. 1, 17	Ioan 1:17	A	verse		
bon-don-c1	5	apparatus:p457-4	p457-4	scripture	anaphor->apparatus-explicit	ibid.	Ioan 1:17	A	verse	yes	Ioan. 1, 17
bon-don-c1	5	apparatus:p457-6	p457-6	scripture	apparatus-explicit	II. Cor. 6, 1	2Cor 6:1	A	verse		
bon-don-c1	5	apparatus:p458-2	p458-2	scripture	apparatus-explicit	Ioan. 1, 16	Ioan 1:16	A	verse		
bon-don-c1	5	apparatus:p458-2	p458-2	scripture	apparatus-explicit	Gen. 1, 26	Gen 1:26	A	verse		
bon-don-c1	5	apparatus:p458-2	p458-2	crossref	logical	II. Sent. d. 29. a. 2. q. 1.	bon-sent-II-d29-a2-q1		chunk		
bon-don-c1	5	apparatus:p458-3	p458-3	scripture	apparatus-explicit	Luc. 1, 28	Luc 1:28	A	verse		
bon-don-c1	5	apparatus:p458-3	p458-3	scripture	apparatus-explicit	Hebr. 4, 16	Hebr 4:16	A	verse		
bon-don-c1	5	apparatus:p458-3	p458-3	scripture	apparatus-explicit	II. Cor. 1, 3	2Cor 1:3	A	verse		
bon-don-c1	5	apparatus:p458-4	p458-4	scripture	apparatus-explicit	Isai. 53, 4	Isai 53:4	A	verse		
bon-don-c1	5	apparatus:p458-4	p458-4	crossref	work	Breviloq. p. III. c. 5	bon-brev-p3-c5		chunk		
bon-don-c1	5	apparatus:p458-5	p458-5	scripture	apparatus-explicit	Osee 13, 14	Osee 13:14	A	verse		
bon-don-c1	5	apparatus:p458-5	p458-5	scripture	apparatus-explicit	Gal. 2, 21	Gal 2:21	A	verse		
bon-don-c1	5	apparatus:p458-6	p458-6	scripture	apparatus-explicit	Ioan. 1, 14	Ioan 1:14	A	verse		
bon-don-c1	5	apparatus:p458-7	p458-7	scripture	apparatus-explicit	Gal. 4, 4	Gal 4:4	A	verse		
bon-don-c1	5	apparatus:p458-7	p458-7	scripture	apparatus-explicit	Tit. 3, 5-7	Tit 3:5-7	A	verse		
bon-don-c1	5	apparatus:p458-8	p458-8	scripture	apparatus-explicit	II. Cor. 13, 13	2Cor 13:13	A	verse		
bon-don-c1	5	apparatus:p459-1	p459-1	scripture	apparatus-explicit	Matth. 4, 1	Matth 4:1	A	verse		
bon-don-c1	5	apparatus:p459-2	p459-2	scripture	apparatus-explicit	Gal. 1, 15	Gal 1:15	A	verse		
bon-don-c1	5	apparatus:p459-6	p459-6	scripture	apparatus-explicit	Deut. 32, 27	Deut 32:27	A	verse		
bon-don-c1	5	apparatus:p459-8	p459-8	scripture	apparatus-explicit	I. Cor. 15, 10	1Cor 15:10	A	verse		
bon-don-c1	5	apparatus:p459-9	p459-9	scripture	apparatus-explicit	Iudic. 16, 19	Iudic 16:19	A	verse		
bon-don-c1	5	apparatus:p459-9	p459-9	scripture	apparatus-explicit	Dan. 8, 24	Dan 8:24	A	verse		
bon-don-c1	5	apparatus:p459-10	p459-10	scripture	apparatus-explicit	Phil. 4, 13	Phil 4:13	A	verse		
bon-don-c1	5	apparatus:p459-10	p459-10	scripture	apparatus-explicit	Ioan. 15, 5	Ioan 15:5	A	verse		
bon-don-c1	5	apparatus:p460-1	p460-1	scripture	apparatus-explicit	Act. 8, 20	Act 8:20	A	verse		
bon-don-c1	5	apparatus:p460-1	p460-1	scripture	apparatus-explicit	I. Petr. 4, 10	1Petr 4:10	A	verse		
bon-don-c1	5	apparatus:p460-3	p460-3	scripture	apparatus-explicit	I. Ioan. 3, 17	1Ioan 3:17	A	verse		
bon-don-c1	5	apparatus:p460-3	p460-3	scripture	apparatus-explicit	Iac. 2, 15	Iac 2:15	A	verse		
bon-don-c1	5	apparatus:p460-5	p460-5	scripture	apparatus-explicit	Rom. 2, 23	Rom 2:23	A	verse		
bon-don-c1	5	apparatus:p460-5	p460-5	crossref	page	supra pag. 335, nota 2	bon-hex-c1		chunk		
bon-don-c1	5	apparatus:p460-6	p460-6	crossref	logical	IV. Sent. d. 44. p. II. a. 1. q. 1.	bon-sent-IV-d44-p2-a1-q1		chunk		
bon-don-c1	5	apparatus:p460-6	p460-6	crossref	relative	ibid. d. 15. p. I. q. 1.	bon-sent-IV-d15-p1-a1-q1		chunk		
bon-don-c1	5	apparatus:p460-6	p460-6	crossref	logical	III. Sent. d. 20. q. 3.	bon-sent-III-d20-a1-q3		chunk		
bon-don-c1	5	apparatus:p460-7	p460-7	scripture	apparatus-explicit	Rom. 6, 16	Rom 6:16	A	verse		
bon-don-c1	5	apparatus:p460-8	p460-8	crossref	page	supra pag. 121, nota 3	tom5:p121		forward		
bon-don-c1	5	apparatus:p460-8	p460-8	crossref	page	tom. III. pag. 728, nota 2	bon-sent-III-d33-dubia		chunk		
bon-don-c1	5	apparatus:p460-8	p460-8	scripture	apparatus-explicit	Ps. 36, 27	Ps 36:27	A	verse		
bon-don-c1	5	apparatus:p460-10	p460-10	scripture	apparatus-explicit	Matth. 5, 43	Matth 5:43	A	verse		
bon-don-c1	5	apparatus:p461-1	p461-1	scripture	apparatus-explicit	Matth. 5, 46	Matth 5:46	A	verse		
bon-don-c1	5	apparatus:p461-3	p461-3	scripture	apparatus-explicit	Gen. 2, 9	Gen 2:9	A	verse		
bon-don-c1	5	apparatus:p461-4	p461-4	crossref	logical	IV. Sent. d. 1. p. I. q. 6.	bon-sent-IV-d1-p1-a1-q6		chunk		
bon-don-c1	5	apparatus:p461-4	p461-4	crossref	work	Breviloq. p. VI. c. 3.	bon-brev-p6-c3		chunk		
bon-don-c1	5	apparatus:p461-5	p461-5	scripture	apparatus-explicit	Eccli. 30, 24	Eccli 30:24	A	verse		
bon-don-c1	5	apparatus:p461-5	p461-5	scripture	apparatus-explicit	Matth. 25, 35	Matth 25:35	A	verse		
bon-don-c1	5	apparatus:p461-6	p461-6	crossref	work	Breviloq. p. V. c. 4.	bon-brev-p5-c4		chunk		
bon-don-c1	5	apparatus:p461-7	p461-7	scripture	apparatus-explicit	Matth. 5, 3	Matth 5:3	A	verse		
bon-don-c1	5	apparatus:p461-7	p461-7	crossref	work	Breviloq. p. V. c. 6.	bon-brev-p5-c6		chunk		
bon-don-c2	5	apparatus:p462-1	p462-1	scripture	apparatus-explicit	Psalm. 33, 12	Ps 33:12	A	verse		
bon-don-c2	5	apparatus:p462-1	p462-1	scripture	apparatus-explicit	Eccli. 32, 9	Eccli 32:9	A	verse		
bon-don-c2	5	apparatus:p462-2	p462-2	scripture	apparatus-explicit	Prov. 22, 20	Prov 22:20	A	verse		
bon-don-c2	5	apparatus:p462-3	p462-3	scripture	apparatus-explicit	Iac. 1, 17	Iac 1:17	A	verse		
bon-don-c2	5	apparatus:p462-4	p462-4	crossref	page	supra pag. 406, nota 4	bon-hex-c16		chunk		
bon-don-c2	5	apparatus:p462-5	p462-5	scripture	apparatus-explicit	Isai. 11, 2	Isai 11:2	A	verse		
bon-don-c2	5	apparatus:p462-5	p462-5	scripture	apparatus-explicit	Apoc. 5, 6	Apoc 5:6	A	verse		
bon-don-c2	5	apparatus:p462-5	p462-5	crossref	work	Breviloq. p. V. c. 6.	bon-brev-p5-c6		chunk		
bon-don-c2	5	apparatus:p462-5	p462-5	crossref	logical	III. Sent. d. 34. p. I. a. 2. q. 1.	bon-sent-III-d34-p1-a2-q1		chunk		
bon-don-c2	5	apparatus:p463-1	p463-1	scripture	apparatus-explicit	Matth. 5, 3	Matth 5:3	A	verse		
bon-don-c2	5	apparatus:p463-1	p463-1	crossref	logical	III. Sent. d. 36. q. 1.	bon-sent-III-d36-a1-q1		chunk		
bon-don-c2	5	apparatus:p463-2	p463-2	scripture	apparatus-explicit	Matth. 6, 9-13	Matth 6:9-13	A	verse		
bon-don-c2	5	apparatus:p463-2	p463-2	scripture	apparatus-explicit	Luc. 11, 2-4	Luc 11:2-4	A	verse		
bon-don-c2	5	apparatus:p463-3	p463-3	scripture	apparatus-explicit	Psalm. 103, 15	Ps 103:15	A	verse		
bon-don-c2	5	apparatus:p463-5	p463-5	scripture	apparatus-explicit	Iac. 2, 13	Iac 2:13	A	verse		
bon-don-c2	5	apparatus:p463-6	p463-6	scripture	apparatus-explicit	Psalm. 103, 15	Ps 103:15	A	verse		
bon-don-c2	5	apparatus:p463-7	p463-7	scripture	apparatus-explicit	Psalm. 33, 12	Ps 33:12	A	verse		
bon-don-c2	5	apparatus:p463-7	p463-7	crossref	logical	III. Sent. d. 34. p. II.	III:d34		distinctio		
bon-don-c2	5	apparatus:p463-8	p463-8	scripture	apparatus-explicit	Tob. 1, 10	Tob 1:10	A	verse		
bon-don-c2	5	apparatus:p464-2	p464-2	scripture	apparatus-explicit	Sap. 11, 23	Sap 11:23	A	verse		
bon-don-c2	5	apparatus:p464-3	p464-3	scripture	apparatus-explicit	Ier. 5, 21	Ierem 5:21	A	verse		
bon-don-c2	5	apparatus:p464-3	p464-3	crossref	page	supra pag. 356, nota 11	bon-hex-c5		chunk		
bon-don-c2	5	apparatus:p464-4	p464-4	scripture	apparatus-explicit	Hebr. 4, 13	Hebr 4:13	A	verse		
bon-don-c2	5	apparatus:p464-4	p464-4	scripture	apparatus-explicit	I. Reg. 16, 7	1Reg 16:7	A	verse		
bon-don-c2	5	apparatus:p464-5	p464-5	scripture	apparatus-explicit	Psalm. 103, 32	Ps 103:32	A	verse		
bon-don-c2	5	apparatus:p464-6	p464-6	scripture	apparatus-explicit	Esther 15, 16	Esth 15:16	A	verse		
bon-don-c2	5	apparatus:p464-7	p464-7	scripture	apparatus-explicit	Matth. 25, 41	Matth 25:41	A	verse		
bon-don-c2	5	apparatus:p465-1	p465-1	scripture	apparatus-explicit	Psalm. 118, 120	Ps 118:120	A	verse		
bon-don-c2	5	apparatus:p465-2	p465-2	crossref	page	tom. II. pag. 506, nota 3	bon-sent-II-d21-a3-q2		chunk		
bon-don-c2	5	apparatus:p465-2	p465-2	crossref	page	ibid. pag. 700, nota 1	bon-sent-II-d29-a2-q1		chunk		
bon-don-c2	5	apparatus:p465-3	p465-3	scripture	apparatus-explicit	Act. 12, 6	Act 12:6	A	verse		
bon-don-c2	5	apparatus:p465-4	p465-4	scripture	apparatus-explicit	Isai. 5, 20	Isai 5:20	A	verse		
bon-don-c2	5	apparatus:p465-5	p465-5	scripture	apparatus-explicit	Iob 41, 15	Iob 41:15	A	verse		
bon-don-c2	5	apparatus:p465-5	p465-5	scripture	apparatus-explicit	Gen. 19, 26	Gen 19:26	A	verse		
bon-don-c2	5	apparatus:p465-6	p465-6	scripture	apparatus-explicit	Psalm. 70, 9	Ps 70:9	A	verse		
bon-don-c2	5	apparatus:p465-7	p465-7	scripture	apparatus-explicit	Eph. 4, 19	Eph 4:19	A	verse		
bon-don-c2	5	apparatus:p465-8	p465-8	scripture	apparatus-explicit	Hebr. 10, 27	Hebr 10:27	A	verse		
bon-don-c2	5	apparatus:p465-10	p465-10	scripture	apparatus-explicit	Psalm. 138, 8-10	Ps 138:8-10	A	verse		
bon-don-c2	5	apparatus:p465-11	p465-11	scripture	apparatus-explicit	Luc. 12, 4	Luc 12:4	A	verse		
bon-don-c2	5	apparatus:p465-11	p465-11	scripture	apparatus-explicit	Matth. 10, 28	Matth 10:28	A	verse		
bon-don-c2	5	apparatus:p465-12	p465-12	scripture	apparatus-explicit	Hebr. 10, 31	Hebr 10:31	A	verse		
bon-don-c2	5	apparatus:p466-2	p466-2	scripture	apparatus-explicit	Ps. 146, 10	Ps 146:10	A	verse		
bon-don-c2	5	apparatus:p466-2	p466-2	scripture	apparatus-explicit	Phil. 2, 12	Phil 2:12	A	verse		
bon-don-c2	5	apparatus:p466-3	p466-3	scripture	apparatus-explicit	Psalm. 102, 17	Ps 102:17	A	verse		
bon-don-c2	5	apparatus:p466-3	p466-3	scripture	apparatus-explicit	Rom. 11, 20	Rom 11:20	A	verse		
bon-don-c2	5	apparatus:p466-3	p466-3	scripture	apparatus-explicit	Prov. 28, 14	Prov 28:14	A	verse		
bon-don-c2	5	apparatus:p466-4	p466-4	scripture	apparatus-explicit	Matth. 12, 45	Matth 12:45	A	verse		
bon-don-c2	5	apparatus:p466-6	p466-6	scripture	anaphor->apparatus-explicit	ibid.	Matth 12:45	A	verse	yes	Matth. 12, 45
bon-don-c2	5	apparatus:p466-6	p466-6	scripture	apparatus-explicit	Ps. 2, 11	Ps 2:11	A	verse		
bon-don-c2	5	apparatus:p466-7	p466-7	scripture	apparatus-explicit	Prov. 9, 10	Prov 9:10	A	verse		
bon-don-c2	5	apparatus:p466-7	p466-7	scripture	anaphor->apparatus-explicit	ibid.	Prov 9:10	A	verse	yes	Prov. 9, 10
bon-don-c2	5	apparatus:p466-7	p466-7	scripture	apparatus-explicit	Ps. 110, 10	Ps 110:10	A	verse		
bon-don-c2	5	apparatus:p466-7	p466-7	scripture	apparatus-explicit	Eccli. 1, 16	Eccli 1:16	A	verse		
bon-don-c2	5	apparatus:p466-8	p466-8	scripture	anaphor->apparatus-explicit	ibid.	Eccli 1:16	A	verse	yes	Eccli. 1, 16
bon-don-c2	5	apparatus:p466-8	p466-8	scripture	apparatus-explicit	Eccli. 1, 16	Eccli 1:16	A	verse		
bon-don-c2	5	apparatus:p466-10	p466-10	scripture	apparatus-explicit	Prov. 14, 27	Prov 14:27	A	verse		
bon-don-c2	5	apparatus:p466-10	p466-10	scripture	apparatus-explicit	Ier. 2, 19	Ierem 2:19	A	verse		
bon-don-c2	5	apparatus:p466-11	p466-11	scripture	apparatus-explicit	Psalm. 13, 3	Ps 13:3	A	verse		
bon-don-c2	5	apparatus:p467-2	p467-2	scripture	apparatus-explicit	Eccli. 2, 20	Eccli 2:20	A	verse		
bon-don-c2	5	apparatus:p467-4	p467-4	crossref	page	tom. IV. pag. 561, nota 8	bon-sent-IV-d21-p2-a1-q1		chunk		
bon-don-c2	5	apparatus:p467-5	p467-5	scripture	book-unnamed	Libr. II. 19, 7			unresolvable		
bon-don-c2	5	apparatus:p467-5	p467-5	scripture	apparatus-explicit	Eccle. 7, 19	Eccle 7:19	A	verse		
bon-don-c2	5	apparatus:p467-6	p467-6	scripture	apparatus-explicit	Iac. 2, 10	Iac 2:10	A	verse		
bon-don-c2	5	apparatus:p467-6	p467-6	scripture	apparatus-explicit	Deut. 10, 12	Deut 10:12	A	verse		
bon-don-c2	5	apparatus:p467-6	p467-6	scripture	apparatus-explicit	Eccle. 12, 13	Eccle 12:13	A	verse		
bon-don-c2	5	apparatus:p467-7	p467-7	scripture	apparatus-explicit	Psalm. 90, 5	Ps 90:5	A	verse		
bon-don-c2	5	apparatus:p467-7	p467-7	scripture	apparatus-explicit	Prov. 14, 26	Prov 14:26	A	verse		
bon-don-c2	5	apparatus:p467-8	p467-8	scripture	apparatus-explicit	Psalm. 30, 20	Ps 30:20	A	verse		
bon-don-c2	5	apparatus:p467-8	p467-8	scripture	apparatus-explicit	Eccli. 1, 13	Eccli 1:13	A	verse		
bon-don-c3	5	apparatus:p468-1	p468-1	crossref	logical	III. Sent. d. 35. q. 6.	bon-sent-III-d35-a1-q6		chunk		
bon-don-c3	5	apparatus:p468-2	p468-2	crossref	page	supra pag. 421, nota 1	bon-hex-c19		chunk		
bon-don-c3	5	apparatus:p468-3	p468-3	scripture	apparatus-explicit	Eccle. 1, 8	Eccle 1:8	A	verse		
bon-don-c3	5	apparatus:p468-4	p468-4	scripture	apparatus-explicit	III. Reg. 11, 31	3Reg 11:31	A	verse		
bon-don-c3	5	apparatus:p468-4	p468-4	scripture	apparatus-explicit	IV. Reg. 21, 1	4Reg 21:1	A	verse		
bon-don-c3	5	apparatus:p468-4	p468-4	scripture	anaphor->apparatus-explicit	ibid.	4Reg 21:1	A	verse	yes	IV. Reg. 21, 1
bon-don-c3	5	apparatus:p469-1	p469-1	crossref	logical	III. Sent. d. 9. a. 2. q. 1.	bon-sent-III-d9-a2-q1		chunk		
bon-don-c3	5	apparatus:p469-3	p469-3	scripture	apparatus-explicit	I. Ioan. 1, 5	1Ioan 1:5	A	verse		
bon-don-c3	5	apparatus:p469-4	p469-4	scripture	apparatus-explicit	Eccle. 1, 7	Eccle 1:7	A	verse		
bon-don-c3	5	apparatus:p469-5	p469-5	crossref	work	Breviloq. p. II. c. 12.	bon-brev-p2-c12		chunk		
bon-don-c3	5	apparatus:p469-6	p469-6	scripture	apparatus-explicit	I. Tim. 2, 1	1Tim 2:1	A	verse		
bon-don-c3	5	apparatus:p469-8	p469-8	scripture	apparatus-explicit	Deut. 4, 9	Deut 4:9	A	verse		
bon-don-c3	5	apparatus:p469-9	p469-9	scripture	apparatus-explicit	Psalm. 10, 6	Ps 10:6	A	verse		
bon-don-c3	5	apparatus:p469-9	p469-9	scripture	apparatus-explicit	Eccli. 30, 24	Eccli 30:24	A	verse		
bon-don-c3	5	apparatus:p469-10	p469-10	scripture	apparatus-explicit	Matth. 23, 27	Matth 23:27	A	verse		
bon-don-c3	5	apparatus:p469-11	p469-11	scripture	apparatus-explicit	II. Tim. 3, 1	2Tim 3:1	A	verse		
bon-don-c3	5	apparatus:p470-1	p470-1	scripture	apparatus-explicit	Ioan. 17, 12	Ioan 17:12	A	verse		
bon-don-c3	5	apparatus:p470-1	p470-1	scripture	apparatus-explicit	II. Thess. 2, 3	2Thess 2:3	A	verse		
bon-don-c3	5	apparatus:p470-1	p470-1	scripture	apparatus-explicit	Isai. 11, 4	Isai 11:4	A	verse		
bon-don-c3	5	apparatus:p470-3	p470-3	scripture	apparatus-explicit	Gen. 6	Gen 6	C	chapter		
bon-don-c3	5	apparatus:p470-3	p470-3	scripture	anaphor->apparatus-explicit	ibid.	Gen 6	C	chapter	yes	Gen. 6
bon-don-c3	5	apparatus:p470-4	p470-4	scripture	apparatus-explicit	Exod. 32, 31	Exod 32:31	A	verse		
bon-don-c3	5	apparatus:p470-5	p470-5	scripture	apparatus-explicit	I. Reg. 12, 23	1Reg 12:23	A	verse		
bon-don-c3	5	apparatus:p470-6	p470-6	scripture	apparatus-explicit	I. Reg. 24, 5	1Reg 24:5	A	verse		
bon-don-c3	5	apparatus:p470-6	p470-6	scripture	anaphor->apparatus-explicit	ibid.	1Reg 24:5	A	verse	yes	I. Reg. 24, 5
bon-don-c3	5	apparatus:p470-6	p470-6	crossref	page	supra pag. 416, nota 9	bon-hex-c18		chunk		
bon-don-c3	5	apparatus:p471-1	p471-1	scripture	apparatus-explicit	Eccli. 2, 13	Eccli 2:13	A	verse		
bon-don-c3	5	apparatus:p471-2	p471-2	scripture	apparatus-explicit	Psalm. 102, 13	Ps 102:13	A	verse		
bon-don-c3	5	apparatus:p471-2	p471-2	scripture	apparatus-explicit	Isai. 54, 8	Isai 54:8	A	verse		
bon-don-c3	5	apparatus:p471-3	p471-3	crossref	page	tom. I. pag. 540, nota 1	bon-sent-I-d31-p1-a1-q3+bon-sent-I-d31-p1-dubia+bon-sent-I-d31-p2-divisio		page-multi		
bon-don-c3	5	apparatus:p471-3	p471-3	scripture	apparatus-explicit	Eccli. 4, 10	Eccli 4:10	A	verse		
bon-don-c3	5	apparatus:p471-5	p471-5	scripture	apparatus-explicit	Hebr. 2, 17	Hebr 2:17	A	verse		
bon-don-c3	5	apparatus:p471-7	p471-7	scripture	apparatus-explicit	Col. 3, 12	Col 3:12	A	verse		
bon-don-c3	5	apparatus:p471-8	p471-8	scripture	apparatus-explicit	Tit. 2, 11	Tit 2:11	A	verse		
bon-don-c3	5	apparatus:p471-8	p471-8	scripture	apparatus-explicit	Rom. 12, 5	Rom 12:5	A	verse		
bon-don-c3	5	apparatus:p471-8	p471-8	scripture	apparatus-explicit	I. Cor. 12, 12	1Cor 12:12	A	verse		
bon-don-c3	5	apparatus:p471-9	p471-9	scripture	apparatus-explicit	I. Cor. 12, 26	1Cor 12:26	A	verse		
bon-don-c3	5	apparatus:p471-10	p471-10	crossref	logical	III. Sent. d. 31. a. 3. q. 3.	bon-sent-III-d31-a3-q3		chunk		
bon-don-c3	5	apparatus:p471-10	p471-10	crossref	work	Breviloq. p. VII. c. 7.	bon-brev-p7-c7		chunk		
bon-don-c3	5	apparatus:p472-1	p472-1	scripture	apparatus-explicit	Psalm. 132, 1	Ps 132:1	A	verse		
bon-don-c3	5	apparatus:p472-1	p472-1	crossref	page	supra pag. 441, nota 9	bon-hex-c22		chunk		
bon-don-c3	5	apparatus:p472-2	p472-2	scripture	apparatus-explicit	Psalm. 132, 2	Ps 132:2	A	verse		
bon-don-c3	5	apparatus:p472-2	p472-2	scripture	apparatus-explicit	IV. Reg. 4, 1	4Reg 4:1	A	verse		
bon-don-c3	5	apparatus:p472-4	p472-4	scripture	book-unnamed	Libr. II. 3, 1			unresolvable		
bon-don-c3	5	apparatus:p472-4	p472-4	scripture	anaphor->book-unnamed	ibid.			unresolvable	yes	Libr. II. 3, 1
bon-don-c3	5	apparatus:p472-8	p472-8	scripture	apparatus-explicit	I. Tim. 4, 8	1Tim 4:8	A	verse		
bon-don-c3	5	apparatus:p472-8	p472-8	crossref	page	supra pag. 468, nota 1	bon-don-c3		chunk		
bon-don-c3	5	apparatus:p473-2	p473-2	scripture	apparatus-explicit	Prov. 18, 3	Prov 18:3	A	verse		
bon-don-c3	5	apparatus:p473-3	p473-3	scripture	apparatus-explicit	Psalm. 5, 11	Ps 5:11	A	verse		
bon-don-c3	5	apparatus:p473-3	p473-3	scripture	apparatus-explicit	Ps. 31, 5	Ps 31:5	A	verse		
bon-don-c3	5	apparatus:p473-4	p473-4	scripture	apparatus-explicit	Psalm. 1, 1	Ps 1:1	A	verse		
bon-don-c3	5	apparatus:p473-5	p473-5	scripture	book-unnamed	Libr. II. 12, 45			unresolvable		
bon-don-c4	5	apparatus:p473-6	p473-6	scripture	apparatus-explicit	II. Cor. 4, 6	2Cor 4:6	A	verse		
bon-don-c4	5	apparatus:p473-6	p473-6	scripture	apparatus-explicit	Ps. 93, 10	Ps 93:10	A	verse		
bon-don-c4	5	apparatus:p473-6	p473-6	crossref	logical	III. Sent. d. 35. q. 2.	bon-sent-III-d35-a1-q2		chunk		
bon-don-c4	5	apparatus:p473-8	p473-8	scripture	apparatus-explicit	III. Reg. 3, 7	3Reg 3:7	A	verse		
bon-don-c4	5	apparatus:p474-1	p474-1	crossref	page	supra pag. 365, nota 4	bon-hex-c7		chunk		
bon-don-c4	5	apparatus:p474-4	p474-4	scripture	apparatus-explicit	Psalm. 138, 6	Ps 138:6	A	verse		
bon-don-c4	5	apparatus:p474-5	p474-5	scripture	book-unnamed	Libr. I. 2, 3			unresolvable		
bon-don-c4	5	apparatus:p474-5	p474-5	scripture	apparatus-explicit	Iob 37, 16	Iob 37:16	A	verse		
bon-don-c4	5	apparatus:p474-6	p474-6	scripture	apparatus-explicit	Prov. 22, 20	Prov 22:20	A	verse		
bon-don-c4	5	apparatus:p474-7	p474-7	crossref	page	supra pag. 19, nota 7	tom5:p19		forward		
bon-don-c4	5	apparatus:p474-8	p474-8	scripture	apparatus-explicit	III. Reg. 4, 33	3Reg 4:33	A	verse		
bon-don-c4	5	apparatus:p475-1	p475-1	crossref	logical	IV. Sent. d. 14. p. II. a. 1. q. 1	bon-sent-IV-d14-p2-a1-q1		chunk		
bon-don-c4	5	apparatus:p475-2	p475-2	crossref	page	supra pag. 344, nota 5	bon-hex-c3		chunk		
bon-don-c4	5	apparatus:p475-6	p475-6	scripture	apparatus-explicit	Sap. 7, 18	Sap 7:18	A	verse		
bon-don-c4	5	apparatus:p475-8	p475-8	scripture	apparatus-explicit	Eccli. 10, 2	Eccli 10:2	A	verse		
bon-don-c4	5	apparatus:p475-8	p475-8	scripture	apparatus-explicit	I. Tim. 3, 2	1Tim 3:2	A	verse		
bon-don-c4	5	apparatus:p475-10	p475-10	scripture	apparatus-explicit	Ier. 10, 14	Ierem 10:14	A	verse		
bon-don-c4	5	apparatus:p476-2	p476-2	scripture	apparatus-explicit	Matth. 16, 26	Matth 16:26	A	verse		
bon-don-c4	5	apparatus:p476-4	p476-4	scripture	apparatus-explicit	Rom. 1, 21	Rom 1:21	A	verse		
bon-don-c4	5	apparatus:p476-4	p476-4	scripture	apparatus-explicit	Sap. 13, 9	Sap 13:9	A	verse		
bon-don-c4	5	apparatus:p476-5	p476-5	scripture	apparatus-explicit	I. Tim. 6, 16	1Tim 6:16	A	verse		
bon-don-c4	5	apparatus:p476-5	p476-5	crossref	page	supra pag. 309, nota 2	bon-itin-c5		chunk		
bon-don-c4	5	apparatus:p476-5	p476-5	crossref	page	supra pag. 345, nota 1	bon-hex-c3		chunk		
bon-don-c4	5	apparatus:p476-6	p476-6	scripture	apparatus-explicit	Apoc. 21, 14	Apoc 21:14	A	verse		
bon-don-c4	5	apparatus:p476-6	p476-6	scripture	apparatus-explicit	Isai. 11, 9	Isai 11:9	A	verse		
bon-don-c4	5	apparatus:p476-10	p476-10	crossref	page	supra pag. 389, nota 6	bon-hex-c13		chunk		
bon-don-c4	5	apparatus:p476-11	p476-11	scripture	apparatus-explicit	Psalm. 23, 2	Ps 23:2	A	verse		
bon-don-c4	5	apparatus:p476-11	p476-11	scripture	apparatus-explicit	Ps. 103, 5	Ps 103:5	A	verse		
bon-don-c4	5	apparatus:p476-11	p476-11	scripture	anaphor->apparatus-explicit	ibid.	Ps 103:5	A	verse	yes	Ps. 103, 5
bon-don-c4	5	apparatus:p477-1	p477-1	scripture	apparatus-explicit	Isai. 40, 12	Isai 40:12	A	verse		
bon-don-c4	5	apparatus:p477-1	p477-1	scripture	apparatus-explicit	I. Tim. 3, 14	1Tim 3:14	A	verse		
bon-don-c4	5	apparatus:p477-2	p477-2	scripture	apparatus-explicit	Psalm. 81, 5	Ps 81:5	A	verse		
bon-don-c4	5	apparatus:p477-5	p477-5	scripture	apparatus-explicit	Matth. 15, 14	Matth 15:14	A	verse		
bon-don-c4	5	apparatus:p477-7	p477-7	scripture	apparatus-explicit	Luc. 11, 52	Luc 11:52	A	verse		
bon-don-c4	5	apparatus:p477-8	p477-8	scripture	apparatus-explicit	Luc. 12, 47	Luc 12:47	A	verse		
bon-don-c4	5	apparatus:p477-9	p477-9	scripture	apparatus-explicit	Exod. 21, 23	Exod 21:23	A	verse		
bon-don-c4	5	apparatus:p477-10	p477-10	scripture	apparatus-explicit	Exod. 8, 19	Exod 8:19	A	verse		
bon-don-c4	5	apparatus:p477-10	p477-10	crossref	page	supra pag. 341, nota 7	bon-hex-c2		chunk		
bon-don-c4	5	apparatus:p477-10	p477-10	crossref	page	pag. 375, nota 2	bon-hex-c9		chunk		
bon-don-c4	5	apparatus:p477-12	p477-12	scripture	apparatus-explicit	Ioan. 17, 17	Ioan 17:17	A	verse		
bon-don-c4	5	apparatus:p478-2	p478-2	scripture	anaphor->apparatus-explicit	ibid.	Ioan 17:17	A	verse	yes	Ioan. 17, 17
bon-don-c4	5	apparatus:p478-2	p478-2	crossref	page	supra pag. 420, nota 9	bon-hex-c19		chunk		
bon-don-c4	5	apparatus:p478-3	p478-3	scripture	apparatus-explicit	Ps. 4, 3-5	Ps 4:3-5	A	verse		
bon-don-c4	5	apparatus:p478-5	p478-5	scripture	apparatus-explicit	Osee 6, 6	Osee 6:6	A	verse		
bon-don-c4	5	apparatus:p478-5	p478-5	scripture	apparatus-explicit	Isai. 53, 2	Isai 53:2	A	verse		
bon-don-c4	5	apparatus:p478-5	p478-5	scripture	apparatus-explicit	I. Cor. 12, 26	1Cor 12:26	A	verse		
bon-don-c4	5	apparatus:p478-5	p478-5	crossref	page	supra pag. 471, nota 9	bon-don-c3		chunk		
bon-don-c4	5	apparatus:p478-5	p478-5	scripture	apparatus-explicit	II. Reg. 18, 33	2Reg 18:33	A	verse		
bon-don-c4	5	apparatus:p478-6	p478-6	scripture	book-unnamed	Libr. II. 6, 30			unresolvable		
bon-don-c4	5	apparatus:p478-7	p478-7	scripture	apparatus-explicit	Psalm. 118, 125	Ps 118:125	A	verse		
bon-don-c4	5	apparatus:p478-7	p478-7	scripture	apparatus-explicit	I. Cor. 8, 2	1Cor 8:2	A	verse		
bon-don-c4	5	apparatus:p478-8	p478-8	scripture	apparatus-explicit	I. Cor. 8, 1	1Cor 8:1	A	verse		
bon-don-c4	5	apparatus:p478-8	p478-8	scripture	apparatus-explicit	Eph. 3, 17-19	Eph 3:17-19	A	verse		
bon-don-c5	5	apparatus:p479-2	p479-2	scripture	apparatus-explicit	Prov. 31, 10	Prov 31:10	A	verse		
bon-don-c5	5	apparatus:p479-2	p479-2	scripture	apparatus-explicit	Cant. 4, 4	Cant 4:4	A	verse		
bon-don-c5	5	apparatus:p479-3	p479-3	scripture	anaphor->apparatus-explicit	ibid.	Cant 4:4	A	verse	yes	Cant. 4, 4
bon-don-c5	5	apparatus:p479-5	p479-5	scripture	apparatus-explicit	Sap. 8, 1	Sap 8:1	A	verse		
bon-don-c5	5	apparatus:p479-5	p479-5	crossref	page	supra pag. 435, nota 1	bon-hex-c21		chunk		
bon-don-c5	5	apparatus:p479-6	p479-6	scripture	apparatus-explicit	III. Reg. 10, 24	3Reg 10:24	A	verse		
bon-don-c5	5	apparatus:p479-6	p479-6	scripture	apparatus-explicit	II. Paral. 9, 23	2Par 9:23	A	verse		
bon-don-c5	5	apparatus:p480-1	p480-1	scripture	apparatus-explicit	Isai. 52, 1	Isai 52:1	A	verse		
bon-don-c5	5	apparatus:p480-2	p480-2	scripture	book-unnamed	Libr. I. 3, 19			unresolvable		
bon-don-c5	5	apparatus:p480-2	p480-2	scripture	apparatus-explicit	Ps. 67, 36	Ps 67:36	A	verse		
bon-don-c5	5	apparatus:p480-3	p480-3	crossref	logical	III. Sent. d. 35. q. 5.	bon-sent-III-d35-a1-q5		chunk		
bon-don-c5	5	apparatus:p480-4	p480-4	crossref	anaphor->logical	ibid.	bon-sent-III-d35-a1-q5		chunk	yes	III. Sent. d. 35. q. 5.
bon-don-c5	5	apparatus:p480-7	p480-7	scripture	apparatus-explicit	Luc. 11, 21	Luc 11:21	A	verse		
bon-don-c5	5	apparatus:p480-7	p480-7	scripture	apparatus-explicit	I. Cor. 1, 25	1Cor 1:25	A	verse		
bon-don-c5	5	apparatus:p480-9	p480-9	scripture	apparatus-explicit	Isai. 11, 2	Isai 11:2	A	verse		
bon-don-c5	5	apparatus:p480-9	p480-9	scripture	apparatus-explicit	Matth. 26, 69	Matth 26:69	A	verse		
bon-don-c5	5	apparatus:p480-9	p480-9	scripture	apparatus-explicit	Act. 4, 5	Act 4:5	A	verse		
bon-don-c5	5	apparatus:p480-10	p480-10	scripture	apparatus-explicit	Iudic. 13, 3	Iudic 13:3	A	verse		
bon-don-c5	5	apparatus:p480-11	p480-11	scripture	apparatus-explicit	Iudic. 16, 7	Iudic 16:7	A	verse		
bon-don-c5	5	apparatus:p480-11	p480-11	scripture	anaphor->apparatus-explicit	ibid.	Iudic 16:7	A	verse	yes	Iudic. 16, 7
bon-don-c5	5	apparatus:p481-1	p481-1	crossref	page	supra pag. 459, nota 9	bon-don-c1		chunk		
bon-don-c5	5	apparatus:p481-2	p481-2	scripture	apparatus-explicit	Eph. 6, 16	Eph 6:16	A	verse		
bon-don-c5	5	apparatus:p481-3	p481-3	scripture	apparatus-explicit	I. Ioan. 2, 16	1Ioan 2:16	A	verse		
bon-don-c5	5	apparatus:p481-4	p481-4	scripture	apparatus-explicit	Prov. 23, 31	Prov 23:31	A	verse		
bon-don-c5	5	apparatus:p481-5	p481-5	scripture	apparatus-explicit	Psalm. 90, 5	Ps 90:5	A	verse		
bon-don-c5	5	apparatus:p481-5	p481-5	scripture	apparatus-explicit	I. Petr. 5, 8	1Petr 5:8	A	verse		
bon-don-c5	5	apparatus:p481-5	p481-5	scripture	apparatus-explicit	II. Paral. 16, 9	2Par 16:9	A	verse		
bon-don-c5	5	apparatus:p481-6	p481-6	scripture	apparatus-explicit	Isai. 40, 31	Isai 40:31	A	verse		
bon-don-c5	5	apparatus:p481-8	p481-8	scripture	apparatus-explicit	Isai. 40, 29	Isai 40:29	A	verse		
bon-don-c5	5	apparatus:p481-8	p481-8	crossref	page	supra pag. 354, nota 4	bon-hex-c5		chunk		
bon-don-c5	5	apparatus:p481-8	p481-8	crossref	page	pag. 355, nota 11	bon-hex-c5		chunk		
bon-don-c5	5	apparatus:p482-1	p482-1	scripture	apparatus-explicit	Rom. 8, 35	Rom 8:35	A	verse		
bon-don-c5	5	apparatus:p482-2	p482-2	scripture	apparatus-explicit	Psalm. 17, 2	Ps 17:2	A	verse		
bon-don-c5	5	apparatus:p482-2	p482-2	crossref	page	tom. IV. pag. 979, nota 1	bon-sent-IV-d47-a2-q3+bon-sent-IV-d47-a2-q4		page-multi		
bon-don-c5	5	apparatus:p482-5	p482-5	scripture	book-unnamed	Libr. III. 1, 42			unresolvable		
bon-don-c5	5	apparatus:p482-5	p482-5	scripture	apparatus-explicit	Isai. 40, 9	Isai 40:9	A	verse		
bon-don-c5	5	apparatus:p482-5	p482-5	scripture	apparatus-explicit	Act. 1, 1	Act 1:1	A	verse		
bon-don-c5	5	apparatus:p482-6	p482-6	scripture	apparatus-explicit	I. Mach. 2, 66	1Mach 2:66	A	verse		
bon-don-c5	5	apparatus:p482-7	p482-7	scripture	apparatus-explicit	Thren. 1, 6	Thren 1:6	A	verse		
bon-don-c5	5	apparatus:p482-8	p482-8	scripture	apparatus-explicit	Eccli. 46, 11	Eccli 46:11	A	verse		
bon-don-c5	5	apparatus:p482-9	p482-9	scripture	apparatus-explicit	Num. 13, 7	Num 13:7	A	verse		
bon-don-c5	5	apparatus:p482-10	p482-10	scripture	book-unnamed	Libr. II. 6, 26			unresolvable		
bon-don-c5	5	apparatus:p483-1	p483-1	scripture	apparatus-explicit	Ioan. 14, 6	Ioan 14:6	A	verse		
bon-don-c5	5	apparatus:p483-1	p483-1	scripture	apparatus-explicit	Prov. 31, 17	Prov 31:17	A	verse		
bon-don-c5	5	apparatus:p483-1	p483-1	scripture	apparatus-explicit	Habac. 3, 19	Habac 3:19	A	verse		
bon-don-c5	5	apparatus:p483-2	p483-2	crossref	page	supra pag. 418, nota 1	bon-hex-c18		chunk		
bon-don-c6	5	apparatus:p483-3	p483-3	scripture	apparatus-explicit	Prov. 31, 10	Prov 31:10	A	verse		
bon-don-c6	5	apparatus:p483-3	p483-3	scripture	apparatus-explicit	Iudith 8, 29	Iudith 8:29	A	verse		
bon-don-c6	5	apparatus:p483-3	p483-3	scripture	apparatus-explicit	Luc. 1, 28	Luc 1:28	A	verse		
bon-don-c6	5	apparatus:p483-5	p483-5	scripture	apparatus-explicit	I. Cor. 1, 24	1Cor 1:24	A	verse		
bon-don-c6	5	apparatus:p483-6	p483-6	scripture	apparatus-explicit	Isai. 11, 2	Isai 11:2	A	verse		
bon-don-c6	5	apparatus:p483-7	p483-7	scripture	apparatus-explicit	Ps. 18, 7	Ps 18:7	A	verse		
bon-don-c6	5	apparatus:p484-1	p484-1	scripture	apparatus-explicit	I. Cor. 6, 20	1Cor 6:20	A	verse		
bon-don-c6	5	apparatus:p484-1	p484-1	scripture	apparatus-explicit	I. Petr. 1, 18	1Petr 1:18	A	verse		
bon-don-c6	5	apparatus:p484-1	p484-1	crossref	work	Breviloq. p. IV. c. 1.	bon-brev-p4-c1		chunk		
bon-don-c6	5	apparatus:p484-1	p484-1	crossref	logical	III. Sent. d. 20. q. 3.	bon-sent-III-d20-a1-q3		chunk		
bon-don-c6	5	apparatus:p484-2	p484-2	scripture	apparatus-explicit	Matth. 1, 23	Matth 1:23	A	verse		
bon-don-c6	5	apparatus:p484-3	p484-3	scripture	apparatus-explicit	Gen. 1, 26	Gen 1:26	A	verse		
bon-don-c6	5	apparatus:p484-4	p484-4	scripture	apparatus-explicit	Luc. 1, 28	Luc 1:28	A	verse		
bon-don-c6	5	apparatus:p484-4	p484-4	scripture	apparatus-explicit	I. Cor. 7, 34	1Cor 7:34	A	verse		
bon-don-c6	5	apparatus:p484-5	p484-5	scripture	apparatus-explicit	Luc. 1, 26	Luc 1:26	A	verse		
bon-don-c6	5	apparatus:p484-7	p484-7	scripture	apparatus-explicit	Ps. 86, 1	Ps 86:1	A	verse		
bon-don-c6	5	apparatus:p484-8	p484-8	scripture	apparatus-explicit	Matth. 7, 25	Matth 7:25	A	verse		
bon-don-c6	5	apparatus:p485-1	p485-1	scripture	apparatus-explicit	Luc. 1, 28-35	Luc 1:28-35	A	verse		
bon-don-c6	5	apparatus:p485-1	p485-1	crossref	logical	III. Sent. d. 27. a. 1. q. 4.	bon-sent-III-d27-a1-q4		chunk		
bon-don-c6	5	apparatus:p485-1	p485-1	crossref	chain-continuation	d. 34. p. II. a. 1. q. 1.	bon-sent-III-d34-p2-a1-q1		chunk		
bon-don-c6	5	apparatus:p485-2	p485-2	scripture	apparatus-explicit	Exod. 3, 2	Exod 3:2	A	verse		
bon-don-c6	5	apparatus:p485-3	p485-3	scripture	apparatus-explicit	Num. 17, 3	Num 17:3	A	verse		
bon-don-c6	5	apparatus:p485-3	p485-3	scripture	apparatus-explicit	Hebr. 9, 4	Hebr 9:4	A	verse		
bon-don-c6	5	apparatus:p485-3	p485-3	scripture	apparatus-explicit	Iudic. 6, 37	Iudic 6:37	A	verse		
bon-don-c6	5	apparatus:p485-3	p485-3	scripture	apparatus-explicit	Ps. 71, 6	Ps 71:6	A	verse		
bon-don-c6	5	apparatus:p485-5	p485-5	scripture	apparatus-explicit	Isai. 7, 14	Isai 7:14	A	verse		
bon-don-c6	5	apparatus:p485-5	p485-5	scripture	apparatus-explicit	Luc. 2, 12	Luc 2:12	A	verse		
bon-don-c6	5	apparatus:p485-7	p485-7	scripture	apparatus-explicit	Matth. 16, 26	Matth 16:26	A	verse		
bon-don-c6	5	apparatus:p486-1	p486-1	scripture	apparatus-explicit	Gen. 3, 1	Gen 3:1	A	verse		
bon-don-c6	5	apparatus:p486-3	p486-3	scripture	apparatus-explicit	Eccli. 9, 11	Eccli 9:11	A	verse		
bon-don-c6	5	apparatus:p486-4	p486-4	scripture	apparatus-explicit	Matth. 5, 28	Matth 5:28	A	verse		
bon-don-c6	5	apparatus:p486-5	p486-5	scripture	apparatus-explicit	Prov. 6, 27	Prov 6:27	A	verse		
bon-don-c6	5	apparatus:p486-6	p486-6	scripture	apparatus-explicit	I. Cor. 7, 1	1Cor 7:1	A	verse		
bon-don-c6	5	apparatus:p486-6	p486-6	scripture	apparatus-explicit	Eccli. 42, 13	Eccli 42:13	A	verse		
bon-don-c6	5	apparatus:p486-9	p486-9	scripture	apparatus-explicit	I. Reg. 1, 18	1Reg 1:18	A	verse		
bon-don-c6	5	apparatus:p486-9	p486-9	scripture	apparatus-explicit	Gen. 22, 9	Gen 22:9	A	verse		
bon-don-c6	5	apparatus:p486-9	p486-9	scripture	apparatus-explicit	Marc. 12, 41	Marc 12:41	A	verse		
bon-don-c6	5	apparatus:p486-9	p486-9	scripture	apparatus-explicit	Luc. 21, 1	Luc 21:1	A	verse		
bon-don-c6	5	apparatus:p487-2	p487-2	scripture	apparatus-explicit	Gen. 3, 16	Gen 3:16	A	verse		
bon-don-c6	5	apparatus:p487-3	p487-3	scripture	apparatus-explicit	Thren. 1, 12	Thren 1:12	A	verse		
bon-don-c6	5	apparatus:p487-4	p487-4	scripture	apparatus-explicit	Hebr. 6, 6	Hebr 6:6	A	verse		
bon-don-c6	5	apparatus:p487-7	p487-7	scripture	apparatus-explicit	Matth. 19, 5	Matth 19:5	A	verse		
bon-don-c6	5	apparatus:p487-7	p487-7	scripture	apparatus-explicit	Marc. 10, 7	Marc 10:7	A	verse		
bon-don-c6	5	apparatus:p487-7	p487-7	scripture	apparatus-explicit	Gen. 2, 24	Gen 2:24	A	verse		
bon-don-c6	5	apparatus:p487-7	p487-7	scripture	apparatus-explicit	Eph. 5, 32	Eph 5:32	A	verse		
bon-don-c6	5	apparatus:p487-7	p487-7	crossref	page	supra pag. 406, nota 7	bon-hex-c16		chunk		
bon-don-c6	5	apparatus:p487-8	p487-8	scripture	apparatus-explicit	Ioan. 19, 34	Ioan 19:34	A	verse		
bon-don-c6	5	apparatus:p487-9	p487-9	scripture	apparatus-explicit	Marc. 14, 3	Marc 14:3	A	verse		
bon-don-c6	5	apparatus:p487-9	p487-9	scripture	apparatus-explicit	Ioan. 12, 2	Ioan 12:2	A	verse		
bon-don-c6	5	apparatus:p488-1	p488-1	scripture	apparatus-explicit	Eccli. 42, 14	Eccli 42:14	A	verse		
bon-don-c6	5	apparatus:p488-2	p488-2	scripture	apparatus-explicit	I. Cor. 6, 20	1Cor 6:20	A	verse		
bon-don-c6	5	apparatus:p488-2	p488-2	scripture	anaphor->apparatus-explicit	ibid.	1Cor 6:20	A	verse	yes	I. Cor. 6, 20
bon-don-c6	5	apparatus:p488-4	p488-4	scripture	apparatus-explicit	Ps. 136, 9	Ps 136:9	A	verse		
bon-don-c6	5	apparatus:p488-5	p488-5	scripture	apparatus-explicit	Luc. 2, 35	Luc 2:35	A	verse		
bon-don-c6	5	apparatus:p488-6	p488-6	scripture	apparatus-explicit	Iudic. 4, 21	Iudic 4:21	A	verse		
bon-don-c6	5	apparatus:p488-7	p488-7	scripture	apparatus-explicit	Ps. 20, 4	Ps 20:4	A	verse		
bon-don-c6	5	apparatus:p488-8	p488-8	scripture	apparatus-explicit	Isai. 28, 16	Isai 28:16	A	verse		
bon-don-c6	5	apparatus:p488-8	p488-8	crossref	page	supra pag. 373, nota 5	bon-hex-c9		chunk		
bon-don-c6	5	apparatus:p488-9	p488-9	scripture	apparatus-explicit	Apoc. 12, 1	Apoc 12:1	A	verse		
bon-don-c6	5	apparatus:p489-1	p489-1	scripture	apparatus-explicit	Iac. 1, 12	Iac 1:12	A	verse		
bon-don-c6	5	apparatus:p489-1	p489-1	scripture	apparatus-explicit	Apoc. 2, 10	Apoc 2:10	A	verse		
bon-don-c7	5	apparatus:p489-2	p489-2	scripture	apparatus-explicit	Prov. 31, 10	Prov 31:10	A	verse		
bon-don-c7	5	apparatus:p489-2	p489-2	scripture	apparatus-explicit	Iob 28, 12	Iob 28:12	A	verse		
bon-don-c7	5	apparatus:p489-3	p489-3	scripture	apparatus-explicit	Iob 28, 18	Iob 28:18	A	verse		
bon-don-c7	5	apparatus:p489-4	p489-4	scripture	apparatus-explicit	Prov. 31, 13	Prov 31:13	A	verse		
bon-don-c7	5	apparatus:p490-1	p490-1	scripture	apparatus-explicit	Prov. 31, 13	Prov 31:13	A	verse		
bon-don-c7	5	apparatus:p490-1	p490-1	crossref	logical	III. Sent. d. 35. q. 4.	bon-sent-III-d35-a1-q4		chunk		
bon-don-c7	5	apparatus:p490-4	p490-4	scripture	apparatus-explicit	I. Cor. 6, 12	1Cor 6:12	A	verse		
bon-don-c7	5	apparatus:p490-4	p490-4	scripture	apparatus-explicit	Prov. 15, 22	Prov 15:22	A	verse		
bon-don-c7	5	apparatus:p490-6	p490-6	scripture	apparatus-explicit	Ps. 19, 5	Ps 19:5	A	verse		
bon-don-c7	5	apparatus:p490-7	p490-7	crossref	page	supra pag. 323, nota 6	bon-red		chunk		
bon-don-c7	5	apparatus:p491-1	p491-1	scripture	apparatus-explicit	Ps. 118, 24	Ps 118:24	A	verse		
bon-don-c7	5	apparatus:p491-1	p491-1	scripture	apparatus-explicit	Exod. 25, 18	Exod 25:18	A	verse		
bon-don-c7	5	apparatus:p491-1	p491-1	crossref	page	supra pag. 375, nota 3	bon-hex-c9		chunk		
bon-don-c7	5	apparatus:p491-1	p491-1	crossref	page	pag. 391, nota 2	bon-hex-c13		chunk		
bon-don-c7	5	apparatus:p491-2	p491-2	scripture	apparatus-explicit	Ps. 36, 4	Ps 36:4	A	verse		
bon-don-c7	5	apparatus:p491-2	p491-2	scripture	apparatus-explicit	Ps. 36, 6	Ps 36:6	A	verse		
bon-don-c7	5	apparatus:p491-3	p491-3	scripture	apparatus-explicit	Isai. 59, 5	Isai 59:5	A	verse		
bon-don-c7	5	apparatus:p491-4	p491-4	scripture	apparatus-explicit	Eccli. 37, 17	Eccli 37:17	A	verse		
bon-don-c7	5	apparatus:p491-5	p491-5	scripture	apparatus-explicit	Isai. 9, 6	Isai 9:6	A	verse		
bon-don-c7	5	apparatus:p491-6	p491-6	scripture	apparatus-explicit	Ps. 32, 11	Ps 32:11	A	verse		
bon-don-c7	5	apparatus:p491-7	p491-7	scripture	apparatus-explicit	I. Cor. 7, 40	1Cor 7:40	A	verse		
bon-don-c7	5	apparatus:p491-7	p491-7	scripture	apparatus-explicit	II. Cor. 8, 9	2Cor 8:9	A	verse		
bon-don-c7	5	apparatus:p491-7	p491-7	scripture	apparatus-explicit	I. Cor. 7, 25	1Cor 7:25	A	verse		
bon-don-c7	5	apparatus:p492-1	p492-1	crossref	page	supra pag. 126, nota 2	tom5:p126		forward		
bon-don-c7	5	apparatus:p492-1	p492-1	scripture	apparatus-explicit	Matth. 8, 20	Matth 8:20	A	verse		
bon-don-c7	5	apparatus:p492-1	p492-1	scripture	apparatus-explicit	Luc. 12, 33	Luc 12:33	A	verse		
bon-don-c7	5	apparatus:p492-1	p492-1	scripture	apparatus-explicit	Matth. 11, 29	Matth 11:29	A	verse		
bon-don-c7	5	apparatus:p492-3	p492-3	scripture	apparatus-explicit	Apoc. 4, 5	Apoc 4:5	A	verse		
bon-don-c7	5	apparatus:p492-3	p492-3	scripture	apparatus-explicit	Ps. 88, 8	Ps 88:8	A	verse		
bon-don-c7	5	apparatus:p492-4	p492-4	scripture	apparatus-explicit	Eccli. 37, 9	Eccli 37:9	A	verse		
bon-don-c7	5	apparatus:p492-4	p492-4	scripture	anaphor->apparatus-explicit	ibid.	Eccli 37:9	A	verse	yes	Eccli. 37, 9
bon-don-c7	5	apparatus:p492-5	p492-5	scripture	apparatus-explicit	Luc. 7, 30	Luc 7:30	A	verse		
bon-don-c7	5	apparatus:p492-6	p492-6	scripture	apparatus-explicit	I. Tim. 4, 8	1Tim 4:8	A	verse		
bon-don-c7	5	apparatus:p492-7	p492-7	crossref	page	supra pag. 125, nota 2	tom5:p125		forward		
bon-don-c7	5	apparatus:p492-7	p492-7	scripture	apparatus-explicit	Matth. 19, 27	Matth 19:27	A	verse		
bon-don-c7	5	apparatus:p492-7	p492-7	scripture	apparatus-explicit	I. Cor. 9, 27	1Cor 9:27	A	verse		
bon-don-c7	5	apparatus:p492-7	p492-7	scripture	apparatus-explicit	Ps. 65, 15	Ps 65:15	A	verse		
bon-don-c7	5	apparatus:p492-9	p492-9	scripture	apparatus-explicit	Psalm. 20, 12	Ps 20:12	A	verse		
bon-don-c7	5	apparatus:p493-1	p493-1	scripture	apparatus-explicit	Luc. 9, 62	Luc 9:62	A	verse		
bon-don-c7	5	apparatus:p493-1	p493-1	scripture	apparatus-explicit	II. Petri 2, 21	2Petr 2:21	A	verse		
bon-don-c7	5	apparatus:p493-3	p493-3	scripture	apparatus-explicit	II. Cor. 11, 26	2Cor 11:26	A	verse		
bon-don-c7	5	apparatus:p493-3	p493-3	scripture	apparatus-explicit	II. Petr. 2, 21	2Petr 2:21	A	verse		
bon-don-c7	5	apparatus:p493-4	p493-4	scripture	book-unnamed	Libr. I. 5, 3			unresolvable		
bon-don-c7	5	apparatus:p493-5	p493-5	scripture	apparatus-explicit	Eccli. 15, 14	Eccli 15:14	A	verse		
bon-don-c7	5	apparatus:p493-5	p493-5	scripture	apparatus-explicit	Iac. 1, 8	Iac 1:8	A	verse		
bon-don-c8	5	apparatus:p493-7	p493-7	scripture	apparatus-explicit	Psalm. 15, 7	Ps 15:7	A	verse		
bon-don-c8	5	apparatus:p493-7	p493-7	scripture	apparatus-explicit	Prov. 1, 5	Prov 1:5	A	verse		
bon-don-c8	5	apparatus:p494-1	p494-1	scripture	apparatus-explicit	Psalm. 118, 130	Ps 118:130	A	verse		
bon-don-c8	5	apparatus:p494-2	p494-2	scripture	apparatus-explicit	Matth. 11, 25	Matth 11:25	A	verse		
bon-don-c8	5	apparatus:p494-3	p494-3	crossref	logical	III. Sent. d. 35. q. 3.	bon-sent-III-d35-a1-q3		chunk		
bon-don-c8	5	apparatus:p494-4	p494-4	scripture	apparatus-explicit	Hebr. 5, 12	Hebr 5:12	A	verse		
bon-don-c8	5	apparatus:p494-6	p494-6	crossref	page	pag. 154	tom5:p154		forward		
bon-don-c8	5	apparatus:p494-6	p494-6	crossref	page	supra pag. 449, nota 1	bon-hex-c23		chunk		
bon-don-c8	5	apparatus:p494-7	p494-7	scripture	apparatus-explicit	Num. 12, 3	Num 12:3	A	verse		
bon-don-c8	5	apparatus:p494-8	p494-8	crossref	page	supra pag. 306, nota 1	bon-itin-c3+bon-itin-c4		page-multi		
bon-don-c8	5	apparatus:p494-9	p494-9	scripture	apparatus-explicit	II. Cor. 10, 5	2Cor 10:5	A	verse		
bon-don-c8	5	apparatus:p495-2	p495-2	scripture	apparatus-explicit	Psalm. 31, 8	Ps 31:8	A	verse		
bon-don-c8	5	apparatus:p495-3	p495-3	scripture	apparatus-explicit	Psalm. 48, 13	Ps 48:13	A	verse		
bon-don-c8	5	apparatus:p495-4	p495-4	scripture	apparatus-explicit	Prov. 2, 3-5	Prov 2:3-5	A	verse		
bon-don-c8	5	apparatus:p495-5	p495-5	scripture	apparatus-explicit	Psalm. 110, 9	Ps 110:9	A	verse		
bon-don-c8	5	apparatus:p495-5	p495-5	scripture	apparatus-explicit	Iob 28, 28	Iob 28:28	A	verse		
bon-don-c8	5	apparatus:p495-6	p495-6	scripture	apparatus-explicit	Prov. 14, 8	Prov 14:8	A	verse		
bon-don-c8	5	apparatus:p495-6	p495-6	scripture	apparatus-explicit	Eccli. 5, 14	Eccli 5:14	A	verse		
bon-don-c8	5	apparatus:p495-6	p495-6	scripture	apparatus-explicit	Sap. 1, 5	Sap 1:5	A	verse		
bon-don-c8	5	apparatus:p495-7	p495-7	scripture	apparatus-explicit	Eccle. 8, 6	Eccle 8:6	A	verse		
bon-don-c8	5	apparatus:p495-10	p495-10	scripture	apparatus-explicit	Prov. 3, 16	Prov 3:16	A	verse		
bon-don-c8	5	apparatus:p495-10	p495-10	scripture	apparatus-explicit	Ps. 35, 10	Ps 35:10	A	verse		
bon-don-c8	5	apparatus:p496-1	p496-1	scripture	apparatus-explicit	Deut. 32, 28	Deut 32:28	A	verse		
bon-don-c8	5	apparatus:p496-1	p496-1	crossref	page	supra pag. 90, nota 1	tom5:p90		forward		
bon-don-c8	5	apparatus:p496-2	p496-2	scripture	apparatus-explicit	Psalm. 31, 8	Ps 31:8	A	verse		
bon-don-c8	5	apparatus:p496-3	p496-3	crossref	page	supra pag. 356, nota 2	bon-hex-c5		chunk		
bon-don-c8	5	apparatus:p496-6	p496-6	crossref	page	supra pag. 227, nota 3	bon-brev-p2-c10+bon-brev-p2-c9		page-multi		
bon-don-c8	5	apparatus:p496-7	p496-7	scripture	apparatus-explicit	Gen. 2, 19	Gen 2:19	A	verse		
bon-don-c8	5	apparatus:p496-7	p496-7	scripture	anaphor->apparatus-explicit	ibid.	Gen 2:19	A	verse	yes	Gen. 2, 19
bon-don-c8	5	apparatus:p496-7	p496-7	scripture	apparatus-explicit	Ps. 4, 7	Ps 4:7	A	verse		
bon-don-c8	5	apparatus:p496-8	p496-8	crossref	page	supra pag. 49, nota 1	tom5:p49		forward		
bon-don-c8	5	apparatus:p496-8	p496-8	crossref	page	supra pag. 303, nota 6	bon-itin-c2+bon-itin-c3		page-multi		
bon-don-c8	5	apparatus:p496-8	p496-8	crossref	work	de Scientia Christi q. 4.	bon-sci-q4		forward		
bon-don-c8	5	apparatus:p496-9	p496-9	crossref	page	supra pag. 21, nota 10	tom5:p21		forward		
bon-don-c8	5	apparatus:p496-10	p496-10	scripture	apparatus-explicit	II. Cor. 4, 6	2Cor 4:6	A	verse		
bon-don-c8	5	apparatus:p496-10	p496-10	scripture	apparatus-explicit	Ioan. 1, 9	Ioan 1:9	A	verse		
bon-don-c8	5	apparatus:p496-11	p496-11	crossref	page	supra pag. 17, nota 10	tom5:p17		forward		
bon-don-c8	5	apparatus:p496-11	p496-11	crossref	page	pag. 23, nota 6	tom5:p23		forward		
bon-don-c8	5	apparatus:p497-1	p497-1	crossref	page	supra pag. 348, nota 7	bon-hex-c3+bon-hex-c4		page-multi		
bon-don-c8	5	apparatus:p497-1	p497-1	crossref	page	supra pag. 324, nota 2	bon-red		chunk		
bon-don-c8	5	apparatus:p497-1	p497-1	crossref	page	pag. 331, nota 6	bon-hex-c1		chunk		
bon-don-c8	5	apparatus:p497-1	p497-1	crossref	page	supra pag. 338, nota 2	bon-hex-c2		chunk		
bon-don-c8	5	apparatus:p497-2	p497-2	scripture	apparatus-explicit	Act. 17, 27	Act 17:27	A	verse		
bon-don-c8	5	apparatus:p497-2	p497-2	scripture	apparatus-explicit	Rom. 11, 36	Rom 11:36	A	verse		
bon-don-c8	5	apparatus:p497-2	p497-2	crossref	page	supra pag. 349, nota 8	bon-hex-c4		chunk		
bon-don-c8	5	apparatus:p497-6	p497-6	scripture	apparatus-explicit	Gen. 1, 1	Gen 1:1	A	verse		
bon-don-c8	5	apparatus:p498-1	p498-1	crossref	work	Breviloq. p. II. c. 1.	bon-brev-p2-c1		chunk		
bon-don-c8	5	apparatus:p498-2	p498-2	scripture	book-unnamed	Libr. II. 7, 28			unresolvable		
bon-don-c8	5	apparatus:p498-3	p498-3	crossref	logical	II. Sent. d. 14. p. II. a. 2. q. 3.	bon-sent-II-d14-p2-a2-q3		chunk		
bon-don-c8	5	apparatus:p498-4	p498-4	crossref	logical	II. Sent. d. 18. a. 2. q. 1.	bon-sent-II-d18-a2-q1		chunk		
bon-don-c8	5	apparatus:p498-4	p498-4	crossref	anaphor->logical	loc. cit.	bon-sent-II-d18-a2-q1		chunk	yes	II. Sent. d. 18. a. 2. q. 1.
bon-don-c8	5	apparatus:p498-5	p498-5	crossref	page	supra pag. 215, nota 4	bon-brev-p1-c6+bon-brev-p1-c7		page-multi		
bon-don-c8	5	apparatus:p498-6	p498-6	crossref	logical	II. Sent. d. 3. p. II. a. 2. q. 1.	bon-sent-II-d3-p2-a2-q1		chunk		
bon-don-c8	5	apparatus:p498-7	p498-7	crossref	page	supra pag. 299, nota 5	bon-itin-c1+bon-itin-c2		page-multi		
bon-don-c8	5	apparatus:p498-8	p498-8	scripture	apparatus-explicit	Sap. 9, 15	Sap 9:15	A	verse		
bon-don-c8	5	apparatus:p498-8	p498-8	crossref	page	supra pag. 309, nota 2	bon-itin-c5		chunk		
bon-don-c8	5	apparatus:p498-8	p498-8	crossref	logical	II. Sent. d. 24. p. I. a. 2. q. 4.	bon-sent-II-d24-p1-a2-q4		chunk		
bon-don-c9	5	apparatus:p499-1	p499-1	scripture	apparatus-explicit	Col. 3, 1	Col 3:1	A	verse		
bon-don-c9	5	apparatus:p499-1	p499-1	scripture	apparatus-explicit	Eccli. 1, 33	Eccli 1:33	A	verse		
bon-don-c9	5	apparatus:p499-1	p499-1	crossref	logical	III. Sent. d. 35. q. 1.	bon-sent-III-d35-a1-q1		chunk		
bon-don-c9	5	apparatus:p499-2	p499-2	scripture	apparatus-explicit	Sap. 7, 7	Sap 7:7	A	verse		
bon-don-c9	5	apparatus:p499-3	p499-3	scripture	apparatus-explicit	Eccli. 51, 23	Eccli 51:23	A	verse		
bon-don-c9	5	apparatus:p499-3	p499-3	scripture	apparatus-explicit	Ier. 9, 23	Ierem 9:23	A	verse		
bon-don-c9	5	apparatus:p499-3	p499-3	scripture	apparatus-explicit	Ezech. 28, 12	Ezech 28:12	A	verse		
bon-don-c9	5	apparatus:p499-5	p499-5	scripture	apparatus-explicit	Col. 3	Col 3	C	chapter		
bon-don-c9	5	apparatus:p499-6	p499-6	scripture	apparatus-explicit	I. Tim. 6, 10	1Tim 6:10	A	verse		
bon-don-c9	5	apparatus:p499-7	p499-7	scripture	apparatus-explicit	Isai. 29, 14	Isai 29:14	A	verse		
bon-don-c9	5	apparatus:p499-7	p499-7	scripture	apparatus-explicit	Ier. 4, 22	Ierem 4:22	A	verse		
bon-don-c9	5	apparatus:p499-7	p499-7	scripture	apparatus-explicit	I. Cor. 1, 20	1Cor 1:20	A	verse		
bon-don-c9	5	apparatus:p499-7	p499-7	scripture	anaphor->apparatus-explicit	ibid.	1Cor 1:20	A	verse	yes	I. Cor. 1, 20
bon-don-c9	5	apparatus:p500-1	p500-1	scripture	apparatus-explicit	Sap. 2, 20	Sap 2:20	A	verse		
bon-don-c9	5	apparatus:p500-2	p500-2	scripture	apparatus-explicit	II. Cor. 1, 12	2Cor 1:12	A	verse		
bon-don-c9	5	apparatus:p500-2	p500-2	scripture	apparatus-explicit	I. Cor. 3, 18	1Cor 3:18	A	verse		
bon-don-c9	5	apparatus:p500-2	p500-2	scripture	apparatus-explicit	Phil. 3, 18	Phil 3:18	A	verse		
bon-don-c9	5	apparatus:p500-2	p500-2	scripture	anaphor->apparatus-explicit	ibid.	Phil 3:18	A	verse	yes	Phil. 3, 18
bon-don-c9	5	apparatus:p500-3	p500-3	scripture	apparatus-explicit	Iac. 1, 17	Iac 1:17	A	verse		
bon-don-c9	5	apparatus:p500-5	p500-5	crossref	page	supra pag. 382, nota 7	bon-hex-c11		chunk		
bon-don-c9	5	apparatus:p500-5	p500-5	crossref	page	pag. 387, nota 1	bon-hex-c12+bon-hex-c13		page-multi		
bon-don-c9	5	apparatus:p500-5	p500-5	crossref	logical	I. Sent. d. 1. a. 3. q. 2.	bon-sent-I-d1-a3-q2		chunk		
bon-don-c9	5	apparatus:p500-6	p500-6	crossref	anaphor->logical	ibid.	bon-sent-I-d1-a3-q2		chunk	yes	I. Sent. d. 1. a. 3. q. 2.
bon-don-c9	5	apparatus:p500-7	p500-7	scripture	apparatus-explicit	Sap. 10, 16	Sap 10:16	A	verse		
bon-don-c9	5	apparatus:p500-7	p500-7	scripture	anaphor->apparatus-explicit	ibid.	Sap 10:16	A	verse	yes	Sap. 10, 16
bon-don-c9	5	apparatus:p500-8	p500-8	scripture	apparatus-explicit	Prov. 9, 1	Prov 9:1	A	verse		
bon-don-c9	5	apparatus:p500-8	p500-8	scripture	anaphor->apparatus-explicit	ibid.	Prov 9:1	A	verse	yes	Prov. 9, 1
bon-don-c9	5	apparatus:p501-3	p501-3	scripture	apparatus-explicit	Prov. 11, 2	Prov 11:2	A	verse		
bon-don-c9	5	apparatus:p501-4	p501-4	scripture	apparatus-explicit	Prov. 20, 1	Prov 20:1	A	verse		
bon-don-c9	5	apparatus:p501-4	p501-4	scripture	apparatus-explicit	Eccli. 19, 2	Eccli 19:2	A	verse		
bon-don-c9	5	apparatus:p501-4	p501-4	scripture	anaphor->apparatus-explicit	ibid.	Eccli 19:2	A	verse	yes	Eccli. 19, 2
bon-don-c9	5	apparatus:p501-4	p501-4	scripture	apparatus-explicit	III. Reg. 11, 1	3Reg 11:1	A	verse		
bon-don-c9	5	apparatus:p501-5	p501-5	scripture	apparatus-explicit	Eccli. 3, 1	Eccli 3:1	A	verse		
bon-don-c9	5	apparatus:p501-6	p501-6	scripture	apparatus-explicit	Iac. 3, 13	Iac 3:13	A	verse		
bon-don-c9	5	apparatus:p501-7	p501-7	scripture	apparatus-explicit	Eccle. 8, 6	Eccle 8:6	A	verse		
bon-don-c9	5	apparatus:p502-1	p502-1	scripture	apparatus-explicit	Prov. 17, 28	Prov 17:28	A	verse		
bon-don-c9	5	apparatus:p502-1	p502-1	scripture	apparatus-explicit	Eccli. 28, 29	Eccli 28:29	A	verse		
bon-don-c9	5	apparatus:p502-2	p502-2	scripture	apparatus-explicit	Eccle. 10, 12	Eccle 10:12	A	verse		
bon-don-c9	5	apparatus:p502-2	p502-2	scripture	apparatus-explicit	Eph. 4, 29	Eph 4:29	A	verse		
bon-don-c9	5	apparatus:p502-3	p502-3	scripture	apparatus-explicit	Prov. 18, 21	Prov 18:21	A	verse		
bon-don-c9	5	apparatus:p502-3	p502-3	scripture	apparatus-explicit	Gen. 3, 1	Gen 3:1	A	verse		
bon-don-c9	5	apparatus:p502-3	p502-3	crossref	page	supra pag. 494, nota 6	bon-don-c8		chunk		
bon-don-c9	5	apparatus:p502-3	p502-3	crossref	page	pag. 50	tom5:p50		forward		
bon-don-c9	5	apparatus:p502-4	p502-4	scripture	apparatus-explicit	Iob 31, 14	Iob 31:14	A	verse		
bon-don-c9	5	apparatus:p502-5	p502-5	scripture	apparatus-explicit	Sap. 1, 6	Sap 1:6	A	verse		
bon-don-c9	5	apparatus:p502-5	p502-5	scripture	apparatus-explicit	Prov. 25, 12	Prov 25:12	A	verse		
bon-don-c9	5	apparatus:p502-6	p502-6	scripture	apparatus-explicit	Eccle. 7, 6	Eccle 7:6	A	verse		
bon-don-c9	5	apparatus:p502-7	p502-7	scripture	apparatus-explicit	Matth. 7, 16	Matth 7:16	A	verse		
bon-don-c9	5	apparatus:p502-7	p502-7	scripture	apparatus-explicit	Prov. 31, 20	Prov 31:20	A	verse		
bon-don-c9	5	apparatus:p502-7	p502-7	scripture	apparatus-explicit	Sap. 3, 15	Sap 3:15	A	verse		
bon-don-c9	5	apparatus:p502-9	p502-9	scripture	apparatus-explicit	Matth. 25, 30	Matth 25:30	A	verse		
bon-don-c9	5	apparatus:p502-9	p502-9	scripture	apparatus-explicit	Act. 6, 2	Act 6:2	A	verse		
bon-don-c9	5	apparatus:p502-10	p502-10	scripture	apparatus-explicit	Gal. 6, 8	Gal 6:8	A	verse		
bon-don-c9	5	apparatus:p502-11	p502-11	scripture	apparatus-explicit	Matth. 19, 24	Matth 19:24	A	verse		
bon-don-c9	5	apparatus:p503-2	p503-2	scripture	apparatus-explicit	Psalm. 36, 30	Ps 36:30	A	verse		
bon-don-c9	5	apparatus:p503-3	p503-3	scripture	apparatus-explicit	Isai. 5, 20	Isai 5:20	A	verse		
bon-don-c9	5	apparatus:p503-4	p503-4	scripture	apparatus-explicit	Iac. 2, 4	Iac 2:4	A	verse		
bon-don-c9	5	apparatus:p503-4	p503-4	scripture	apparatus-explicit	Matth. 7, 1	Matth 7:1	A	verse		
bon-don-c9	5	apparatus:p503-5	p503-5	scripture	apparatus-explicit	III. Reg. 10, 18	3Reg 10:18	A	verse		
bon-don-c9	5	apparatus:p503-5	p503-5	scripture	apparatus-explicit	Col. 3, 1	Col 3:1	A	verse		
bon-don-c9	5	apparatus:p503-5	p503-5	scripture	apparatus-explicit	Eccle. 6, 8	Eccle 6:8	A	verse		
bon-don-c9	5	apparatus:p503-6	p503-6	scripture	apparatus-explicit	I. Cor. 3, 11	1Cor 3:11	A	verse		
bon-don-c9	5	apparatus:p503-6	p503-6	crossref	page	supra pag. 438, nota 2	bon-hex-c22		chunk		
bon-don-c9	5	apparatus:p503-6	p503-6	crossref	page	tom. IV. pag. 583, nota 1	bon-sent-IV-d22-a3-q1		chunk		
bon-don-c9	5	apparatus:p503-7	p503-7	scripture	apparatus-explicit	Col. 2, 3	Col 2:3	A	verse		
bon-don-c9	5	apparatus:p503-7	p503-7	scripture	apparatus-explicit	Eccle. 2, 14	Eccle 2:14	A	verse		
bon-don-c9	5	apparatus:p503-7	p503-7	scripture	apparatus-explicit	Ioan. 17, 3	Ioan 17:3	A	verse		
bon-hex-c1	5	latin_body	p329-2	scripture	body-ordinal	Ecclesiastici decimo quinto	Eccli 15:5	B	verse		
bon-hex-c1	5	latin_body	p330-2	scripture	body-ordinal	Ioannis decimo tertio	Ioan 13:35	B	verse		
bon-hex-c1	5	latin_body	p330-5	scripture	body-ordinal	Isaiae quinto	Isai 5:20	B	verse		
bon-hex-c1	5	latin_body		scripture	body-ordinal	Ioannis duodecimo	Ioan 12	C	chapter		
bon-hex-c1	5	latin_body	p335-3	scripture	body-ordinal	Ezechielis primo	Ezech 1:4	B	verse		
bon-hex-c1	5	apparatus:p329-3	p329-3	scripture	apparatus-explicit	Matth. 7, 6	Matth 7:6	A	verse		
bon-hex-c1	5	apparatus:p329-6	p329-6	scripture	apparatus-explicit	Exod. 13, 21	Exod 13:21	A	verse		
bon-hex-c1	5	apparatus:p329-6	p329-6	scripture	apparatus-explicit	Num. 9, 15	Num 9:15	A	verse		
bon-hex-c1	5	apparatus:p329-6	p329-6	scripture	apparatus-explicit	II. Esdr. 9, 12	2Esdr 9:12	A	verse		
bon-hex-c1	5	apparatus:p330-1	p330-1	scripture	apparatus-explicit	I. Tim. 1, 5	1Tim 1:5	A	verse		
bon-hex-c1	5	apparatus:p330-1	p330-1	scripture	apparatus-explicit	Rom. 13, 8	Rom 13:8	A	verse		
bon-hex-c1	5	apparatus:p330-1	p330-1	scripture	apparatus-explicit	Matth. 22, 39	Matth 22:39	A	verse		
bon-hex-c1	5	apparatus:p330-1	p330-1	scripture	anaphor->apparatus-explicit	ibid.	Matth 22:39	A	verse	yes	Matth. 22, 39
bon-hex-c1	5	apparatus:p330-2	p330-2	scripture	apparatus-explicit	I. Cor. 14, 33	1Cor 14:33	A	verse		
bon-hex-c1	5	apparatus:p330-3	p330-3	scripture	apparatus-explicit	Psalm. 21, 26	Ps 21:26	A	verse		
bon-hex-c1	5	apparatus:p330-3	p330-3	scripture	apparatus-explicit	Ps. 67, 27	Ps 67:27	A	verse		
bon-hex-c1	5	apparatus:p330-4	p330-4	scripture	apparatus-explicit	Ioan. 10, 28	Ioan 10:28	A	verse		
bon-hex-c1	5	apparatus:p330-6	p330-6	scripture	apparatus-explicit	Ezech. 2, 5	Ezech 2:5	A	verse		
bon-hex-c1	5	apparatus:p330-6	p330-6	scripture	anaphor->apparatus-explicit	ibid.	Ezech 2:5	A	verse	yes	Ezech. 2, 5
bon-hex-c1	5	apparatus:p330-6	p330-6	scripture	apparatus-explicit	Ps. 21, 23	Ps 21:23	A	verse		
bon-hex-c1	5	apparatus:p330-7	p330-7	scripture	apparatus-explicit	Num. 11, 4	Num 11:4	A	verse		
bon-hex-c1	5	apparatus:p330-8	p330-8	scripture	apparatus-explicit	I. Tim. 2, 5	1Tim 2:5	A	verse		
bon-hex-c1	5	apparatus:p330-8	p330-8	scripture	apparatus-explicit	Matth. 11, 27	Matth 11:27	A	verse		
bon-hex-c1	5	apparatus:p331-1	p331-1	scripture	apparatus-explicit	Gen. 1, 1	Gen 1:1	A	verse		
bon-hex-c1	5	apparatus:p331-1	p331-1	scripture	apparatus-explicit	Ioan. 1, 1	Ioan 1:1	A	verse		
bon-hex-c1	5	apparatus:p331-1	p331-1	authority	authority:Glossa	II. Sent. d. 1. p. I. dub. 1.			excluded		
bon-hex-c1	5	apparatus:p331-3	p331-3	scripture	apparatus-explicit	Col. 2, 3	Col 2:3	A	verse		
bon-hex-c1	5	apparatus:p331-4	p331-4	crossref	logical	I. Sent. d. 20. a. 1. q. 2.	bon-sent-I-d20-a1-q2		chunk		
bon-hex-c1	5	apparatus:p331-5	p331-5	crossref	anaphor->logical	ibid.	bon-sent-I-d20-a1-q2		chunk	yes	I. Sent. d. 20. a. 1. q. 2.
bon-hex-c1	5	apparatus:p331-6	p331-6	crossref	page	supra pag. 324, nota 2	bon-red		chunk		
bon-hex-c1	5	apparatus:p331-6	p331-6	crossref	page	supra pag. 12, nota 3	tom5:p12		forward		
bon-hex-c1	5	apparatus:p331-6	p331-6	scripture	apparatus-explicit	Ioan. 14, 6	Ioan 14:6	A	verse		
bon-hex-c1	5	apparatus:p332-2	p332-2	scripture	anaphor->apparatus-explicit	ibid.	Ioan 14:6	A	verse	yes	Ioan. 14, 6
bon-hex-c1	5	apparatus:p332-2	p332-2	crossref	logical	II. Sent. d. 1. p. I. a. 2. q. 1.	bon-sent-II-d1-p1-a2-q1		chunk		
bon-hex-c1	5	apparatus:p332-3	p332-3	scripture	apparatus-explicit	Psalm. 35, 10	Ps 35:10	A	verse		
bon-hex-c1	5	apparatus:p332-3	p332-3	crossref	page	supra pag. 306, nota 4	bon-itin-c3+bon-itin-c4		page-multi		
bon-hex-c1	5	apparatus:p332-3	p332-3	scripture	apparatus-explicit	Gen. 2, 17	Gen 2:17	A	verse		
bon-hex-c1	5	apparatus:p332-5	p332-5	scripture	apparatus-explicit	Ioan. 16, 28	Ioan 16:28	A	verse		
bon-hex-c1	5	apparatus:p332-6	p332-6	crossref	page	supra pag. 324, nota 6	bon-red		chunk		
bon-hex-c1	5	apparatus:p332-7	p332-7	crossref	page	supra pag. 221, nota 5	bon-brev-p2-c3+bon-brev-p2-c4		page-multi		
bon-hex-c1	5	apparatus:p332-7	p332-7	crossref	page	tom. III. pag. 290, nota 2	bon-sent-III-d13-a2-q3		chunk		
bon-hex-c1	5	apparatus:p332-7	p332-7	crossref	logical	II. Sent. d. 1. p. II. a. 1. q. 2	bon-sent-II-d1-p2-a1-q2		chunk		
bon-hex-c1	5	apparatus:p332-8	p332-8	crossref	anaphor->logical	ibid.	bon-sent-II-d1-p2-a1-q2		chunk	yes	II. Sent. d. 1. p. II. a. 1. q. 2
bon-hex-c1	5	apparatus:p332-9	p332-9	scripture	apparatus-explicit	I. Cor. 11, 3	1Cor 11:3	A	verse		
bon-hex-c1	5	apparatus:p332-9	p332-9	crossref	logical	III. Sent. d. 13. a. 2. q. 1	bon-sent-III-d13-a2-q1		chunk		
bon-hex-c1	5	apparatus:p333-1	p333-1	scripture	apparatus-explicit	Isai. 38, 8	Isai 38:8	A	verse		
bon-hex-c1	5	apparatus:p333-1	p333-1	scripture	apparatus-explicit	IV. Reg. 20, 11	4Reg 20:11	A	verse		
bon-hex-c1	5	apparatus:p333-2	p333-2	crossref	logical	III. Sent. d. 13. a. 2. q. 3.	bon-sent-III-d13-a2-q3		chunk		
bon-hex-c1	5	apparatus:p333-2	p333-2	scripture	apparatus-explicit	Marc. 11, 9	Marc 11:9	A	verse		
bon-hex-c1	5	apparatus:p333-4	p333-4	scripture	apparatus-explicit	Psalm. 73, 12	Ps 73:12	A	verse		
bon-hex-c1	5	apparatus:p333-5	p333-5	scripture	apparatus-explicit	Luc. 22, 27	Luc 22:27	A	verse		
bon-hex-c1	5	apparatus:p333-5	p333-5	scripture	apparatus-explicit	Matth. 18, 3	Matth 18:3	A	verse		
bon-hex-c1	5	apparatus:p333-6	p333-6	scripture	apparatus-explicit	Prov. 31, 18	Prov 31:18	A	verse		
bon-hex-c1	5	apparatus:p333-7	p333-7	crossref	page	supra pag. 323, nota 9	bon-red		chunk		
bon-hex-c1	5	apparatus:p333-9	p333-9	scripture	apparatus-explicit	Gen. 3, 5	Gen 3:5	A	verse		
bon-hex-c1	5	apparatus:p333-9	p333-9	scripture	anaphor->apparatus-explicit	ibid.	Gen 3:5	A	verse	yes	Gen. 3, 5
bon-hex-c1	5	apparatus:p334-1	p334-1	crossref	page	supra pag. 248, nota 8	bon-brev-p4-c7+bon-brev-p4-c8		page-multi		
bon-hex-c1	5	apparatus:p334-2	p334-2	scripture	apparatus-explicit	Matth. 27, 40	Matth 27:40	A	verse		
bon-hex-c1	5	apparatus:p334-3	p334-3	scripture	apparatus-explicit	Act. 1, 3	Act 1:3	A	verse		
bon-hex-c1	5	apparatus:p334-3	p334-3	scripture	apparatus-explicit	Luc. 24, 26	Luc 24:26	A	verse		
bon-hex-c1	5	apparatus:p334-3	p334-3	scripture	apparatus-explicit	Ioan. 20, 19	Ioan 20:19	A	verse		
bon-hex-c1	5	apparatus:p334-4	p334-4	scripture	apparatus-explicit	Apoc. 5, 5	Apoc 5:5	A	verse		
bon-hex-c1	5	apparatus:p334-5	p334-5	scripture	apparatus-explicit	Ioan. 12, 32	Ioan 12:32	A	verse		
bon-hex-c1	5	apparatus:p334-7	p334-7	scripture	apparatus-explicit	Act. 1, 9	Act 1:9	A	verse		
bon-hex-c1	5	apparatus:p334-7	p334-7	scripture	apparatus-explicit	Ps. 83, 8	Ps 83:8	A	verse		
bon-hex-c1	5	apparatus:p334-7	p334-7	crossref	page	tom. IV. pag. 292, nota 11	bon-sent-IV-d12-p2-a1-q2+bon-sent-IV-d12-p2-a1-q3		page-multi		
bon-hex-c1	5	apparatus:p334-8	p334-8	crossref	page	tom. II. pag. 671, nota 9	bon-sent-II-d27-dubia		chunk		
bon-hex-c1	5	apparatus:p334-8	p334-8	scripture	apparatus-explicit	Eccli. 50, 6	Eccli 50:6	A	verse		
bon-hex-c1	5	apparatus:p334-8	p334-8	scripture	apparatus-explicit	I. Cor. 13, 12	1Cor 13:12	A	verse		
bon-hex-c1	5	apparatus:p334-9	p334-9	scripture	apparatus-explicit	Exod. 24, 5	Exod 24:5	A	verse		
bon-hex-c1	5	apparatus:p335-1	p335-1	scripture	anaphor->apparatus-explicit	ibid.	Exod 24:5	A	verse	yes	Exod. 24, 5
bon-hex-c1	5	apparatus:p335-2	p335-2	crossref	page	supra pag. 233, nota 5	bon-brev-p3-c3+bon-brev-p3-c4		page-multi		
bon-hex-c1	5	apparatus:p335-3	p335-3	crossref	work	Breviloq. p. VII. c. 1.	bon-brev-p7-c1		chunk		
bon-hex-c1	5	apparatus:p335-4	p335-4	scripture	apparatus-explicit	Matth. 25, 31	Matth 25:31	A	verse		
bon-hex-c1	5	apparatus:p335-5	p335-5	scripture	apparatus-explicit	Eccli. 18, 19	Eccli 18:19	A	verse		
bon-hex-c1	5	apparatus:p335-6	p335-6	crossref	work	Breviloq. p. I. c. 1.	bon-brev-p1-c1		chunk		
bon-hex-c1	5	apparatus:p335-7	p335-7	crossref	anaphor->work	ibid.	bon-brev-p1-c1		chunk	yes	Breviloq. p. I. c. 1.
bon-hex-c1	5	apparatus:p335-7	p335-7	crossref	work	Breviloq. p. V. c. 1.	bon-brev-p5-c1		chunk		
bon-hex-c1	5	apparatus:p335-7	p335-7	scripture	apparatus-explicit	Ioan. 10, 9	Ioan 10:9	A	verse		
bon-hex-c1	5	apparatus:p335-7	p335-7	crossref	page	tom. III. pag. 19, nota 5	bon-sent-III-d1-a2-q1		chunk		
bon-hex-c1	5	apparatus:p335-8	p335-8	scripture	apparatus-explicit	Psalm. 45, 5	Ps 45:5	A	verse		
bon-hex-c1	5	apparatus:p335-9	p335-9	scripture	apparatus-explicit	Apoc. 1, 13	Apoc 1:13	A	verse		
bon-hex-c1	5	apparatus:p335-9	p335-9	crossref	page	supra pag. 261, nota 3	bon-brev-p5-c7+bon-brev-p5-c8		page-multi		
bon-hex-c1	5	apparatus:p335-9	p335-9	scripture	apparatus-explicit	Apoc. 5, 6	Apoc 5:6	A	verse		
bon-hex-c1	5	apparatus:p335-9	p335-9	scripture	apparatus-explicit	Gen. 1, 3	Gen 1:3	A	verse		
bon-hex-c10	5	apparatus:p377-1	p377-1	scripture	apparatus-explicit	Gen. 1, 8	Gen 1:8	A	verse		
bon-hex-c10	5	apparatus:p377-1	p377-1	crossref	page	supra pag. 369, nota 4	bon-hex-c8		chunk		
bon-hex-c10	5	apparatus:p377-2	p377-2	crossref	anaphor->page	ibid.	bon-hex-c8		chunk	yes	supra pag. 369, nota 4
bon-hex-c10	5	apparatus:p377-2	p377-2	scripture	apparatus-explicit	Rom. 4, 17	Rom 4:17	A	verse		
bon-hex-c10	5	apparatus:p377-3	p377-3	scripture	anaphor->apparatus-explicit	ibid.	Rom 4:17	A	verse	yes	Rom. 4, 17
bon-hex-c10	5	apparatus:p377-4	p377-4	crossref	page	supra pag. 221, nota 5	bon-brev-p2-c3+bon-brev-p2-c4		page-multi		
bon-hex-c10	5	apparatus:p377-5	p377-5	scripture	apparatus-explicit	I. Cor. 15, 41	1Cor 15:41	A	verse		
bon-hex-c10	5	apparatus:p377-5	p377-5	scripture	apparatus-explicit	II. Cor. 3, 18	2Cor 3:18	A	verse		
bon-hex-c10	5	apparatus:p378-1	p378-1	scripture	apparatus-explicit	Matth. 1, 2	Matth 1:2	A	verse		
bon-hex-c10	5	apparatus:p378-1	p378-1	crossref	page	supra pag. 53, nota 1	tom5:p53		forward		
bon-hex-c10	5	apparatus:p378-2	p378-2	scripture	apparatus-explicit	Exod. 3, 13	Exod 3:13	A	verse		
bon-hex-c10	5	apparatus:p378-3	p378-3	scripture	apparatus-explicit	Gen. 1, 26	Gen 1:26	A	verse		
bon-hex-c10	5	apparatus:p378-3	p378-3	crossref	logical	I. Sent. d. 31. p. II. a. 1. q. 1.	bon-sent-I-d31-p2-a1-q1		chunk		
bon-hex-c10	5	apparatus:p378-3	p378-3	crossref	logical	II. Sent. d. 16. a. 1. q. 1.	bon-sent-II-d16-a1-q1		chunk		
bon-hex-c10	5	apparatus:p378-4	p378-4	scripture	apparatus-explicit	Psalm. 117, 19	Ps 117:19	A	verse		
bon-hex-c10	5	apparatus:p378-4	p378-4	scripture	apparatus-explicit	Rom. 1, 17	Rom 1:17	A	verse		
bon-hex-c10	5	apparatus:p378-4	p378-4	scripture	apparatus-explicit	Gal. 3, 11	Gal 3:11	A	verse		
bon-hex-c10	5	apparatus:p378-4	p378-4	scripture	apparatus-explicit	Habac. 2, 4	Habac 2:4	A	verse		
bon-hex-c10	5	apparatus:p378-5	p378-5	scripture	apparatus-explicit	Exod. 3, 14	Exod 3:14	A	verse		
bon-hex-c10	5	apparatus:p378-5	p378-5	scripture	anaphor->apparatus-explicit	ibid.	Exod 3:14	A	verse	yes	Exod. 3, 14
bon-hex-c10	5	apparatus:p378-7	p378-7	scripture	apparatus-explicit	Ps. 13, 1	Ps 13:1	A	verse		
bon-hex-c10	5	apparatus:p378-8	p378-8	crossref	page	supra pag. 304, nota 6	bon-itin-c3		chunk		
bon-hex-c10	5	apparatus:p379-2	p379-2	crossref	logical	IV. Sent. d. 12. p. I. a. 1.	bon-sent-IV-d12-p1-a1-q1+bon-sent-IV-d12-p1-a1-q2+bon-sent-IV-d12-p1-a1-q3		articulus		
bon-hex-c10	5	apparatus:p379-4	p379-4	crossref	logical	I. Sent. d. 8. p. II. q. 4.	bon-sent-I-d8-p2-a1-q4		chunk		
bon-hex-c11	5	latin_body	p382-6	scripture	body-ordinal	ad Hebraeos primo	Hebr 1:3	B	verse		
bon-hex-c11	5	latin_body		scripture	body-ordinal	Sapientiae septimo	Sap 7	C	chapter		
bon-hex-c11	5	apparatus:p379-6	p379-6	scripture	apparatus-explicit	II. Cor. 3, 18	2Cor 3:18	A	verse		
bon-hex-c11	5	apparatus:p380-1	p380-1	scripture	apparatus-explicit	Gen. 15, 5	Gen 15:5	A	verse		
bon-hex-c11	5	apparatus:p380-1	p380-1	scripture	apparatus-explicit	Apoc. 21, 10	Apoc 21:10	A	verse		
bon-hex-c11	5	apparatus:p380-1	p380-1	scripture	apparatus-explicit	Apoc. 21, 21	Apoc 21:21	A	verse		
bon-hex-c11	5	apparatus:p380-2	p380-2	scripture	apparatus-explicit	Exod. 3, 14	Exod 3:14	A	verse		
bon-hex-c11	5	apparatus:p380-3	p380-3	scripture	apparatus-explicit	II. Cor. 3, 18	2Cor 3:18	A	verse		
bon-hex-c11	5	apparatus:p380-3	p380-3	scripture	apparatus-explicit	I. Cor. 13, 12	1Cor 13:12	A	verse		
bon-hex-c11	5	apparatus:p380-4	p380-4	crossref	page	supra pag. 214, nota 4	bon-brev-p1-c5+bon-brev-p1-c6		page-multi		
bon-hex-c11	5	apparatus:p380-5	p380-5	scripture	apparatus-explicit	Sap. 8, 2	Sap 8:2	A	verse		
bon-hex-c11	5	apparatus:p380-6	p380-6	crossref	work	Breviloq. p. I. c. 6.	bon-brev-p1-c6		chunk		
bon-hex-c11	5	apparatus:p380-7	p380-7	crossref	work	Breviloq. p. I. c. 2.	bon-brev-p1-c2		chunk		
bon-hex-c11	5	apparatus:p380-8	p380-8	crossref	anaphor->work	loc. cit.	bon-brev-p1-c2		chunk	yes	Breviloq. p. I. c. 2.
bon-hex-c11	5	apparatus:p381-1	p381-1	scripture	apparatus-explicit	Ruth 2, 7	Ruth 2:7	A	verse		
bon-hex-c11	5	apparatus:p381-3	p381-3	crossref	page	supra pag. 63, nota 5	tom5:p63		forward		
bon-hex-c11	5	apparatus:p381-7	p381-7	crossref	page	supra pag. 12, nota 9	tom5:p12		forward		
bon-hex-c11	5	apparatus:p381-9	p381-9	crossref	logical	I. Sent. d. 28. dub. 1.	bon-sent-I-d28-dubia		chunk		
bon-hex-c11	5	apparatus:p381-10	p381-10	crossref	page	supra pag. 60, nota 7	tom5:p60		forward		
bon-hex-c11	5	apparatus:p381-11	p381-11	crossref	logical	I. Sent. d. 9. q. 4.	bon-sent-I-d9-a1-q4		chunk		
bon-hex-c11	5	apparatus:p382-1	p382-1	scripture	apparatus-explicit	Ioan. 16, 15	Ioan 16:15	A	verse		
bon-hex-c11	5	apparatus:p382-2	p382-2	crossref	logical	III. Sent. d. 9. dub. 3.	bon-sent-III-d9-dubia		chunk		
bon-hex-c11	5	apparatus:p382-3	p382-3	crossref	logical	I. Sent. d. 2. q. 4.	bon-sent-I-d2-a1-q4		chunk		
bon-hex-c11	5	apparatus:p382-3	p382-3	crossref	page	supra pag. 314, nota 1	bon-itin-scholion		chunk		
bon-hex-c11	5	apparatus:p382-4	p382-4	crossref	logical	I. Sent. d. 6. q. 3.	bon-sent-I-d6-a1-q3		chunk		
bon-hex-c11	5	apparatus:p382-4	p382-4	crossref	chain-continuation	d. 27. p. II. q. 1.	bon-sent-I-d27-p2-a1-q1		chunk		
bon-hex-c11	5	apparatus:p382-6	p382-6	scripture	apparatus-explicit	Exod. 3, 2	Exod 3:2	A	verse		
bon-hex-c11	5	apparatus:p382-6	p382-6	scripture	apparatus-explicit	Gen. 2, 6	Gen 2:6	A	verse		
bon-hex-c11	5	apparatus:p382-6	p382-6	scripture	apparatus-explicit	Isai. 55, 10	Isai 55:10	A	verse		
bon-hex-c11	5	apparatus:p382-8	p382-8	scripture	apparatus-explicit	Psalm. 44, 2	Ps 44:2	A	verse		
bon-hex-c11	5	apparatus:p382-8	p382-8	scripture	apparatus-explicit	Sap. 7, 26	Sap 7:26	A	verse		
bon-hex-c11	5	apparatus:p382-8	p382-8	scripture	apparatus-explicit	Col. 1, 15	Col 1:15	A	verse		
bon-hex-c11	5	apparatus:p382-8	p382-8	scripture	apparatus-explicit	Iob 33, 14	Iob 33:14	A	verse		
bon-hex-c11	5	apparatus:p382-9	p382-9	scripture	apparatus-explicit	Isai. 40, 8	Isai 40:8	A	verse		
bon-hex-c11	5	apparatus:p383-1	p383-1	scripture	apparatus-explicit	Gen. 2, 9	Gen 2:9	A	verse		
bon-hex-c11	5	apparatus:p383-1	p383-1	scripture	apparatus-explicit	Prov. 3, 18	Prov 3:18	A	verse		
bon-hex-c11	5	apparatus:p383-2	p383-2	scripture	apparatus-explicit	Psalm. 109, 3	Ps 109:3	A	verse		
bon-hex-c11	5	apparatus:p383-2	p383-2	scripture	apparatus-explicit	Ioan. 1, 18	Ioan 1:18	A	verse		
bon-hex-c11	5	apparatus:p383-2	p383-2	scripture	apparatus-explicit	Ps. 2, 7	Ps 2:7	A	verse		
bon-hex-c11	5	apparatus:p383-3	p383-3	crossref	logical	I. Sent. d. 13. dub. 8	bon-sent-I-d13-dubia		chunk		
bon-hex-c11	5	apparatus:p383-5	p383-5	crossref	page	tom. IV. pag. 972, nota 3	bon-sent-IV-d47-a1-q1+bon-sent-IV-d47-a1-q2		page-multi		
bon-hex-c11	5	apparatus:p383-5	p383-5	crossref	page	tom. III. pag. 536, nota 1	bon-sent-III-d25-a1-q1		chunk		
bon-hex-c11	5	apparatus:p383-6	p383-6	scripture	apparatus-explicit	Psalm. 91, 5	Ps 91:5	A	verse		
bon-hex-c11	5	apparatus:p383-6	p383-6	scripture	apparatus-explicit	II. Cor. 3, 18	2Cor 3:18	A	verse		
bon-hex-c11	5	apparatus:p383-7	p383-7	scripture	anaphor->apparatus-explicit	ibid.	2Cor 3:18	A	verse	yes	II. Cor. 3, 18
bon-hex-c11	5	apparatus:p384-1	p384-1	crossref	page	tom. II. pag. 266, nota 5	bon-sent-II-d10-a2-q2		chunk		
bon-hex-c11	5	apparatus:p384-2	p384-2	scripture	apparatus-explicit	Matth. 28, 19	Matth 28:19	A	verse		
bon-hex-c12	5	latin_body	p385-7	scripture	body-ordinal	Ioannis primo	Ioan 1:3	B	verse		
bon-hex-c12	5	apparatus:p384-3	p384-3	scripture	apparatus-explicit	II. Cor. 3, 18	2Cor 3:18	A	verse		
bon-hex-c12	5	apparatus:p385-1	p385-1	scripture	apparatus-explicit	Apoc. 21, 13	Apoc 21:13	A	verse		
bon-hex-c12	5	apparatus:p385-2	p385-2	crossref	page	tom. I. pag. 56, nota 6	bon-sent-I-d2-a1-q3+bon-sent-I-d2-a1-q4		page-multi		
bon-hex-c12	5	apparatus:p385-4	p385-4	crossref	anaphor->page	ibid.	bon-sent-I-d2-a1-q3+bon-sent-I-d2-a1-q4		page-multi	yes	tom. I. pag. 56, nota 6
bon-hex-c12	5	apparatus:p385-5	p385-5	crossref	page	supra pag. 334, nota 6	bon-hex-c1		chunk		
bon-hex-c12	5	apparatus:p385-6	p385-6	crossref	page	supra pag. 341, nota 10	bon-hex-c2		chunk		
bon-hex-c12	5	apparatus:p385-7	p385-7	crossref	work	Breviloq. p. I. c. 8.	bon-brev-p1-c8		chunk		
bon-hex-c12	5	apparatus:p385-8	p385-8	scripture	apparatus-explicit	Hebr. 8, 10	Hebr 8:10	A	verse		
bon-hex-c12	5	apparatus:p385-10	p385-10	crossref	work	Breviloq. p. VII. c. 1.	bon-brev-p7-c1		chunk		
bon-hex-c12	5	apparatus:p385-10	p385-10	scripture	apparatus-explicit	Ps. 138, 16	Ps 138:16	A	verse		
bon-hex-c12	5	apparatus:p386-1	p386-1	scripture	apparatus-explicit	Psalm. 75, 5	Ps 75:5	A	verse		
bon-hex-c12	5	apparatus:p386-2	p386-2	crossref	page	pag. 35, nota 2	tom5:p35		forward		
bon-hex-c12	5	apparatus:p386-3	p386-3	scripture	apparatus-explicit	I. Tim. 6, 16	1Tim 6:16	A	verse		
bon-hex-c12	5	apparatus:p386-7	p386-7	scripture	apparatus-explicit	Ezech. 2, 9	Ezech 2:9	A	verse		
bon-hex-c12	5	apparatus:p386-7	p386-7	scripture	apparatus-explicit	Apoc. 5, 1	Apoc 5:1	A	verse		
bon-hex-c12	5	apparatus:p386-7	p386-7	crossref	work	Breviloq. p. II. c. 11.	bon-brev-p2-c11		chunk		
bon-hex-c12	5	apparatus:p386-9	p386-9	scripture	apparatus-explicit	Psalm. 4, 7	Ps 4:7	A	verse		
bon-hex-c12	5	apparatus:p386-9	p386-9	crossref	work	Breviloq. p. II. c. 12.	bon-brev-p2-c12		chunk		
bon-hex-c12	5	apparatus:p386-10	p386-10	crossref	page	supra pag. 349, nota 9	bon-hex-c4		chunk		
bon-hex-c12	5	apparatus:p387-1	p387-1	crossref	page	supra pag. 344, nota 10	bon-hex-c3		chunk		
bon-hex-c12	5	apparatus:p387-1	p387-1	crossref	logical	II. Sent. d. 10. a. 2. q. 2.	bon-sent-II-d10-a2-q2		chunk		
bon-hex-c12	5	apparatus:p387-1	p387-1	crossref	relative	ibid. d. 8. p. II. q. 2.	bon-sent-II-d8-p2-a1-q2		chunk		
bon-hex-c12	5	apparatus:p387-1	p387-1	scripture	apparatus-explicit	Exod. 7	Exod 7	C	chapter		
bon-hex-c12	5	apparatus:p387-1	p387-1	crossref	page	supra pag. 344, nota 7	bon-hex-c3		chunk		
bon-hex-c12	5	apparatus:p387-1	p387-1	crossref	page	pag. 375, nota 2	bon-hex-c9		chunk		
bon-hex-c12	5	apparatus:p387-2	p387-2	scripture	apparatus-explicit	Psalm. 44, 2	Ps 44:2	A	verse		
bon-hex-c12	5	apparatus:p387-3	p387-3	scripture	anaphor->apparatus-explicit	ibid.	Ps 44:2	A	verse	yes	Psalm. 44, 2
bon-hex-c12	5	apparatus:p387-3	p387-3	scripture	apparatus-explicit	Matth. 17, 1	Matth 17:1	A	verse		
bon-hex-c12	5	apparatus:p387-4	p387-4	scripture	apparatus-explicit	Cant. 4, 11	Cant 4:11	A	verse		
bon-hex-c12	5	apparatus:p387-4	p387-4	scripture	apparatus-explicit	Ps. 118, 103	Ps 118:103	A	verse		
bon-hex-c13	5	latin_body		scripture	body-ordinal	Ecclesiastici vigesimo quarto	Eccli 24	C	chapter		
bon-hex-c13	5	latin_body	p391-4	scripture	body-ordinal	Sapientiae septimo	Sap 7:29	B	verse		
bon-hex-c13	5	apparatus:p388-1	p388-1	scripture	apparatus-explicit	Gen. 1, 9	Gen 1:9	A	verse		
bon-hex-c13	5	apparatus:p388-2	p388-2	crossref	work	Breviloq. p. II. c. 3.	bon-brev-p2-c3		chunk		
bon-hex-c13	5	apparatus:p388-3	p388-3	crossref	page	tom. II. pag. 729, nota 3	bon-sent-II-d30-a3-q1		chunk		
bon-hex-c13	5	apparatus:p388-4	p388-4	scripture	apparatus-explicit	Psalm. 32, 7	Ps 32:7	A	verse		
bon-hex-c13	5	apparatus:p388-6	p388-6	scripture	apparatus-explicit	Psalm. 92, 3	Ps 92:3	A	verse		
bon-hex-c13	5	apparatus:p388-7	p388-7	scripture	apparatus-explicit	Psalm. 106, 23	Ps 106:23	A	verse		
bon-hex-c13	5	apparatus:p388-7	p388-7	scripture	apparatus-explicit	Matth. 14, 29	Matth 14:29	A	verse		
bon-hex-c13	5	apparatus:p388-8	p388-8	scripture	apparatus-explicit	Eccle. 7, 25	Eccle 7:25	A	verse		
bon-hex-c13	5	apparatus:p388-8	p388-8	scripture	apparatus-explicit	Eccli. 24, 7	Eccli 24:7	A	verse		
bon-hex-c13	5	apparatus:p388-8	p388-8	scripture	apparatus-explicit	Luc. 24, 45	Luc 24:45	A	verse		
bon-hex-c13	5	apparatus:p388-8	p388-8	scripture	apparatus-explicit	Matth. 14, 29	Matth 14:29	A	verse		
bon-hex-c13	5	apparatus:p389-1	p389-1	scripture	apparatus-explicit	Thren. 5, 18	Thren 5:18	A	verse		
bon-hex-c13	5	apparatus:p389-2	p389-2	crossref	work	Breviloq.	work:breviloquium		work		
bon-hex-c13	5	apparatus:p389-6	p389-6	crossref	page	supra pag. 205, nota 5	bon-brev-prol-s3+bon-brev-prol-s4		page-multi		
bon-hex-c13	5	apparatus:p389-6	p389-6	crossref	page	supra pag. 323, nota 9	bon-red		chunk		
bon-hex-c13	5	apparatus:p389-6	p389-6	crossref	page	tom. IV. pag. 265, nota 4	bon-sent-IV-d11-p2-dubia		chunk		
bon-hex-c13	5	apparatus:p389-7	p389-7	crossref	anaphor->page	ibid.	bon-sent-IV-d11-p2-dubia		chunk	yes	tom. IV. pag. 265, nota 4
bon-hex-c13	5	apparatus:p389-7	p389-7	crossref	work	Breviloq.	work:breviloquium		work		
bon-hex-c13	5	apparatus:p389-8	p389-8	crossref	page	supra pag. 321, nota 6	bon-red		chunk		
bon-hex-c13	5	apparatus:p390-1	p390-1	scripture	apparatus-explicit	Prov. 6, 6	Prov 6:6	A	verse		
bon-hex-c13	5	apparatus:p390-1	p390-1	scripture	apparatus-explicit	Matth. 10, 16	Matth 10:16	A	verse		
bon-hex-c13	5	apparatus:p390-2	p390-2	scripture	apparatus-explicit	Gen. 2, 10	Gen 2:10	A	verse		
bon-hex-c13	5	apparatus:p390-2	p390-2	scripture	apparatus-explicit	Eccle. 1, 7	Eccle 1:7	A	verse		
bon-hex-c13	5	apparatus:p390-3	p390-3	scripture	apparatus-explicit	Ezech. 1, 6	Ezech 1:6	A	verse		
bon-hex-c13	5	apparatus:p390-3	p390-3	scripture	apparatus-explicit	Apoc. 4, 6	Apoc 4:6	A	verse		
bon-hex-c13	5	apparatus:p390-3	p390-3	crossref	page	supra pag. 356, nota 3	bon-hex-c5		chunk		
bon-hex-c13	5	apparatus:p390-4	p390-4	scripture	apparatus-explicit	Ezech. 1, 5	Ezech 1:5	A	verse		
bon-hex-c13	5	apparatus:p390-5	p390-5	scripture	apparatus-explicit	Act. 1, 1	Act 1:1	A	verse		
bon-hex-c13	5	apparatus:p390-5	p390-5	crossref	work	Breviloq.	work:breviloquium		work		
bon-hex-c13	5	apparatus:p390-6	p390-6	scripture	apparatus-explicit	Psalm. 148, 6	Ps 148:6	A	verse		
bon-hex-c13	5	apparatus:p390-6	p390-6	scripture	apparatus-explicit	Eccli. 26, 24	Eccli 26:24	A	verse		
bon-hex-c13	5	apparatus:p391-2	p391-2	scripture	apparatus-explicit	Ezech. 1, 16	Ezech 1:16	A	verse		
bon-hex-c13	5	apparatus:p391-2	p391-2	scripture	apparatus-explicit	Prov. 9, 1	Prov 9:1	A	verse		
bon-hex-c13	5	apparatus:p391-2	p391-2	scripture	anaphor->apparatus-explicit	ibid.	Prov 9:1	A	verse	yes	Prov. 9, 1
bon-hex-c13	5	apparatus:p391-2	p391-2	scripture	apparatus-explicit	Exod. 25, 20	Exod 25:20	A	verse		
bon-hex-c13	5	apparatus:p391-2	p391-2	scripture	apparatus-explicit	Exod. 25, 31	Exod 25:31	A	verse		
bon-hex-c13	5	apparatus:p391-2	p391-2	scripture	anaphor->apparatus-explicit	loc. cit.	Exod 25:31	A	verse	yes	Exod. 25, 31
bon-hex-c13	5	apparatus:p391-7	p391-7	crossref	page	tom. II. pag. 240, nota 1	bon-sent-II-d9-divisio		chunk		
bon-hex-c13	5	apparatus:p391-9	p391-9	scripture	apparatus-explicit	Eccle. 1, 5	Eccle 1:5	A	verse		
bon-hex-c13	5	apparatus:p391-9	p391-9	scripture	apparatus-explicit	Malach. 4, 2	Malach 4:2	A	verse		
bon-hex-c13	5	apparatus:p391-9	p391-9	scripture	apparatus-explicit	Amos 8, 9	Amos 8:9	A	verse		
bon-hex-c13	5	apparatus:p391-9	p391-9	scripture	apparatus-explicit	Iac. 1, 11	Iac 1:11	A	verse		
bon-hex-c13	5	apparatus:p392-1	p392-1	scripture	apparatus-explicit	Psalm. 18, 6	Ps 18:6	A	verse		
bon-hex-c13	5	apparatus:p392-1	p392-1	scripture	apparatus-explicit	Cant. 6, 9	Cant 6:9	A	verse		
bon-hex-c13	5	apparatus:p392-1	p392-1	scripture	apparatus-explicit	Eccli. 43, 2	Eccli 43:2	A	verse		
bon-hex-c13	5	apparatus:p392-2	p392-2	scripture	apparatus-explicit	Luc. 10, 38	Luc 10:38	A	verse		
bon-hex-c13	5	apparatus:p392-3	p392-3	scripture	apparatus-explicit	Ios. 10, 12	Ios 10:12	A	verse		
bon-hex-c13	5	apparatus:p392-6	p392-6	scripture	apparatus-explicit	Psalm. 88, 38	Ps 88:38	A	verse		
bon-hex-c13	5	apparatus:p392-7	p392-7	scripture	apparatus-explicit	Math. 24, 29	Matth 24:29	A	verse		
bon-hex-c13	5	apparatus:p392-7	p392-7	scripture	apparatus-explicit	Apoc. 6, 12	Apoc 6:12	A	verse		
bon-hex-c14	5	latin_body		crossref	relative-bare	ibid			unresolvable		
bon-hex-c14	5	apparatus:p393-1	p393-1	scripture	apparatus-explicit	Gen. 1, 11	Gen 1:11	A	verse		
bon-hex-c14	5	apparatus:p393-2	p393-2	scripture	apparatus-explicit	Psalm. 118, 154	Ps 118:154	A	verse		
bon-hex-c14	5	apparatus:p393-2	p393-2	scripture	apparatus-explicit	Ioan. 6, 69	Ioan 6:69	A	verse		
bon-hex-c14	5	apparatus:p393-2	p393-2	scripture	apparatus-explicit	Eccli. 40, 22	Eccli 40:22	A	verse		
bon-hex-c14	5	apparatus:p393-3	p393-3	scripture	apparatus-explicit	Psalm. 64, 10	Ps 64:10	A	verse		
bon-hex-c14	5	apparatus:p393-4	p393-4	scripture	apparatus-explicit	Ps. 64, 10	Ps 64:10	A	verse		
bon-hex-c14	5	apparatus:p393-4	p393-4	scripture	apparatus-explicit	Deut. 32, 1	Deut 32:1	A	verse		
bon-hex-c14	5	apparatus:p393-5	p393-5	scripture	apparatus-explicit	Ps. 4, 8	Ps 4:8	A	verse		
bon-hex-c14	5	apparatus:p393-6	p393-6	scripture	apparatus-explicit	Gen. 1, 11	Gen 1:11	A	verse		
bon-hex-c14	5	apparatus:p393-6	p393-6	scripture	apparatus-explicit	Cant. 1, 4	Cant 1:4	A	verse		
bon-hex-c14	5	apparatus:p393-6	p393-6	scripture	apparatus-explicit	Gen. 2, 8	Gen 2:8	A	verse		
bon-hex-c14	5	apparatus:p394-1	p394-1	scripture	apparatus-explicit	Gen. 35, 22	Gen 35:22	A	verse		
bon-hex-c14	5	apparatus:p394-1	p394-1	scripture	apparatus-explicit	Isai. 45, 8	Isai 45:8	A	verse		
bon-hex-c14	5	apparatus:p394-1	p394-1	scripture	apparatus-explicit	Rom. 10, 4	Rom 10:4	A	verse		
bon-hex-c14	5	apparatus:p394-3	p394-3	scripture	apparatus-explicit	III. Reg. 4, 25	3Reg 4:25	A	verse		
bon-hex-c14	5	apparatus:p394-3	p394-3	scripture	apparatus-explicit	Num. 21, 8	Num 21:8	A	verse		
bon-hex-c14	5	apparatus:p394-3	p394-3	scripture	apparatus-explicit	Gen. 3, 6	Gen 3:6	A	verse		
bon-hex-c14	5	apparatus:p394-4	p394-4	scripture	apparatus-explicit	Isai. 11, 1	Isai 11:1	A	verse		
bon-hex-c14	5	apparatus:p394-4	p394-4	scripture	apparatus-explicit	Thren. 1, 1	Thren 1:1	A	verse		
bon-hex-c14	5	apparatus:p394-5	p394-5	scripture	apparatus-explicit	Luc. 1, 42	Luc 1:42	A	verse		
bon-hex-c14	5	apparatus:p394-5	p394-5	scripture	apparatus-explicit	Marc. 4, 28	Marc 4:28	A	verse		
bon-hex-c14	5	apparatus:p394-6	p394-6	scripture	apparatus-explicit	I. Cor. 1, 21	1Cor 1:21	A	verse		
bon-hex-c14	5	apparatus:p394-6	p394-6	scripture	apparatus-explicit	Sap. 16, 12	Sap 16:12	A	verse		
bon-hex-c14	5	apparatus:p394-6	p394-6	scripture	apparatus-explicit	Isai. 7, 9	Isai 7:9	A	verse		
bon-hex-c14	5	apparatus:p394-6	p394-6	crossref	page	supra pag. 306, nota 1	bon-itin-c3+bon-itin-c4		page-multi		
bon-hex-c14	5	apparatus:p394-6	p394-6	scripture	apparatus-explicit	Rom. 12, 3	Rom 12:3	A	verse		
bon-hex-c14	5	apparatus:p394-8	p394-8	scripture	apparatus-explicit	Psalm. 15, 4	Ps 15:4	A	verse		
bon-hex-c14	5	apparatus:p394-8	p394-8	scripture	apparatus-explicit	Rom. 7, 8	Rom 7:8	A	verse		
bon-hex-c14	5	apparatus:p394-8	p394-8	scripture	apparatus-explicit	Isai. 1, 14	Isai 1:14	A	verse		
bon-hex-c14	5	apparatus:p394-8	p394-8	crossref	page	supra pag. 375, nota 1	bon-hex-c9		chunk		
bon-hex-c14	5	apparatus:p395-1	p395-1	scripture	apparatus-explicit	Gal. 3, 22	Gal 3:22	A	verse		
bon-hex-c14	5	apparatus:p395-1	p395-1	scripture	apparatus-explicit	Rom. 3, 12	Rom 3:12	A	verse		
bon-hex-c14	5	apparatus:p395-1	p395-1	scripture	apparatus-explicit	Ps. 13, 3	Ps 13:3	A	verse		
bon-hex-c14	5	apparatus:p395-1	p395-1	crossref	work	Breviloq. p. IV. c. 4.	bon-brev-p4-c4		chunk		
bon-hex-c14	5	apparatus:p395-2	p395-2	scripture	apparatus-explicit	Gen. 17, 19	Gen 17:19	A	verse		
bon-hex-c14	5	apparatus:p395-2	p395-2	scripture	apparatus-explicit	Hebr. 11, 11	Hebr 11:11	A	verse		
bon-hex-c14	5	apparatus:p395-2	p395-2	scripture	apparatus-explicit	Exod. 14, 21	Exod 14:21	A	verse		
bon-hex-c14	5	apparatus:p395-3	p395-3	scripture	apparatus-explicit	I. Cor. 15, 46	1Cor 15:46	A	verse		
bon-hex-c14	5	apparatus:p395-3	p395-3	scripture	apparatus-explicit	Gal. 4, 24	Gal 4:24	A	verse		
bon-hex-c14	5	apparatus:p395-3	p395-3	crossref	logical	III. Sent. d. 40. q. 1.	bon-sent-III-d40-a1-q1		chunk		
bon-hex-c14	5	apparatus:p395-4	p395-4	scripture	apparatus-explicit	Gen. 13, 15	Gen 13:15	A	verse		
bon-hex-c14	5	apparatus:p395-4	p395-4	scripture	apparatus-explicit	Exod. 13, 11	Exod 13:11	A	verse		
bon-hex-c14	5	apparatus:p395-5	p395-5	scripture	apparatus-explicit	I. Cor. 2, 14	1Cor 2:14	A	verse		
bon-hex-c14	5	apparatus:p395-6	p395-6	crossref	page	tom. IV. pag. 674, nota 4	bon-sent-IV-d27-divisio+bon-sent-IV-d27-littera		page-multi		
bon-hex-c14	5	apparatus:p395-7	p395-7	scripture	apparatus-explicit	Exod. 28, 6	Exod 28:6	A	verse		
bon-hex-c14	5	apparatus:p395-8	p395-8	scripture	apparatus-explicit	Gen. 6, 5	Gen 6:5	A	verse		
bon-hex-c14	5	apparatus:p395-9	p395-9	scripture	apparatus-explicit	Malach. 3, 3	Malach 3:3	A	verse		
bon-hex-c14	5	apparatus:p395-9	p395-9	scripture	apparatus-explicit	Matth. 11, 10	Matth 11:10	A	verse		
bon-hex-c14	5	apparatus:p396-2	p396-2	scripture	apparatus-explicit	Apoc. 7, 4	Apoc 7:4	A	verse		
bon-hex-c14	5	apparatus:p396-2	p396-2	scripture	apparatus-explicit	Ps. 118, 18	Ps 118:18	A	verse		
bon-hex-c14	5	apparatus:p396-3	p396-3	scripture	apparatus-explicit	Gen. 2, 9	Gen 2:9	A	verse		
bon-hex-c14	5	apparatus:p396-4	p396-4	scripture	anaphor->apparatus-explicit	loc. cit.	Gen 2:9	A	verse	yes	Gen. 2, 9
bon-hex-c14	5	apparatus:p396-5	p396-5	scripture	apparatus-explicit	Gen. 2, 9	Gen 2:9	A	verse		
bon-hex-c14	5	apparatus:p396-5	p396-5	scripture	apparatus-explicit	Gen. 1, 1	Gen 1:1	A	verse		
bon-hex-c14	5	apparatus:p396-6	p396-6	scripture	apparatus-explicit	Gen. 6, 11	Gen 6:11	A	verse		
bon-hex-c14	5	apparatus:p396-6	p396-6	scripture	apparatus-explicit	Luc. 23, 38	Luc 23:38	A	verse		
bon-hex-c14	5	apparatus:p396-7	p396-7	scripture	apparatus-explicit	Gen. 22, 6	Gen 22:6	A	verse		
bon-hex-c14	5	apparatus:p396-7	p396-7	scripture	apparatus-explicit	Gen. 49, 9	Gen 49:9	A	verse		
bon-hex-c14	5	apparatus:p396-7	p396-7	scripture	apparatus-explicit	Gen. 38, 27	Gen 38:27	A	verse		
bon-hex-c14	5	apparatus:p396-8	p396-8	scripture	apparatus-explicit	Psalm. 109, 2	Ps 109:2	A	verse		
bon-hex-c14	5	apparatus:p396-8	p396-8	scripture	apparatus-explicit	Hebr. 9, 4	Hebr 9:4	A	verse		
bon-hex-c14	5	apparatus:p396-8	p396-8	scripture	apparatus-explicit	Num. 35, 28	Num 35:28	A	verse		
bon-hex-c14	5	apparatus:p397-1	p397-1	scripture	apparatus-explicit	Ios. 3, 16	Ios 3:16	A	verse		
bon-hex-c14	5	apparatus:p397-2	p397-2	scripture	apparatus-explicit	Num. 13, 7	Num 13:7	A	verse		
bon-hex-c14	5	apparatus:p397-2	p397-2	scripture	apparatus-explicit	Iudic. 1, 12	Iudic 1:12	A	verse		
bon-hex-c14	5	apparatus:p397-2	p397-2	scripture	apparatus-explicit	Isai. 9, 4	Isai 9:4	A	verse		
bon-hex-c14	5	apparatus:p397-2	p397-2	scripture	apparatus-explicit	Iudic. 7, 22	Iudic 7:22	A	verse		
bon-hex-c14	5	apparatus:p397-2	p397-2	scripture	apparatus-explicit	Ps. 82, 10	Ps 82:10	A	verse		
bon-hex-c14	5	apparatus:p397-3	p397-3	scripture	apparatus-explicit	Isai. 38, 10	Isai 38:10	A	verse		
bon-hex-c14	5	apparatus:p397-3	p397-3	scripture	apparatus-explicit	Thren. 1, 1	Thren 1:1	A	verse		
bon-hex-c14	5	apparatus:p397-4	p397-4	scripture	apparatus-explicit	Ierem. 1, 13	Ierem 1:13	A	verse		
bon-hex-c14	5	apparatus:p397-4	p397-4	scripture	apparatus-explicit	Ezech. 24, 3	Ezech 24:3	A	verse		
bon-hex-c14	5	apparatus:p397-4	p397-4	scripture	apparatus-explicit	Ioel 2, 6	Ioel 2:6	A	verse		
bon-hex-c14	5	apparatus:p397-4	p397-4	scripture	apparatus-explicit	Amos 4, 2	Amos 4:2	A	verse		
bon-hex-c14	5	apparatus:p397-4	p397-4	scripture	apparatus-explicit	Mich. 3, 3	Mich 3:3	A	verse		
bon-hex-c14	5	apparatus:p397-4	p397-4	scripture	apparatus-explicit	IV. Reg. 4, 31	4Reg 4:31	A	verse		
bon-hex-c14	5	apparatus:p397-5	p397-5	scripture	apparatus-explicit	Isai. 16, 13	Isai 16:13	A	verse		
bon-hex-c14	5	apparatus:p397-5	p397-5	scripture	apparatus-explicit	Matth. 12, 40	Matth 12:40	A	verse		
bon-hex-c14	5	apparatus:p397-6	p397-6	scripture	apparatus-explicit	Psalm. 143, 9	Ps 143:9	A	verse		
bon-hex-c14	5	apparatus:p397-7	p397-7	scripture	apparatus-explicit	Ierem. 1, 11	Ierem 1:11	A	verse		
bon-hex-c14	5	apparatus:p397-7	p397-7	scripture	apparatus-explicit	Isai. 6, 1	Isai 6:1	A	verse		
bon-hex-c14	5	apparatus:p397-7	p397-7	scripture	apparatus-explicit	Ezech. 9, 2	Ezech 9:2	A	verse		
bon-hex-c14	5	apparatus:p397-7	p397-7	scripture	apparatus-explicit	Apoc. 1, 13	Apoc 1:13	A	verse		
bon-hex-c14	5	apparatus:p397-8	p397-8	scripture	apparatus-explicit	II. Esdr. 2	2Esdr 2	C	chapter		
bon-hex-c14	5	apparatus:p397-8	p397-8	scripture	anaphor->apparatus-explicit	ibid.	2Esdr 2	C	chapter	yes	II. Esdr. 2
bon-hex-c14	5	apparatus:p397-8	p397-8	scripture	apparatus-explicit	Eccli. 49, 13	Eccli 49:13	A	verse		
bon-hex-c14	5	apparatus:p397-9	p397-9	scripture	apparatus-explicit	Luc. 1, 5	Luc 1:5	A	verse		
bon-hex-c14	5	apparatus:p397-9	p397-9	scripture	apparatus-explicit	Ioan. 1, 1	Ioan 1:1	A	verse		
bon-hex-c14	5	apparatus:p397-10	p397-10	scripture	apparatus-explicit	Act. 19, 1-7	Act 19:1-7	A	verse		
bon-hex-c14	5	apparatus:p397-10	p397-10	scripture	apparatus-explicit	Gen. 49, 27	Gen 49:27	A	verse		
bon-hex-c14	5	apparatus:p398-1	p398-1	scripture	apparatus-explicit	Apoc. 1, 13	Apoc 1:13	A	verse		
bon-hex-c14	5	apparatus:p398-1	p398-1	scripture	anaphor->apparatus-explicit	ibid.	Apoc 1:13	A	verse	yes	Apoc. 1, 13
bon-hex-c14	5	apparatus:p398-2	p398-2	scripture	apparatus-explicit	Exod. 26, 18	Exod 26:18	A	verse		
bon-hex-c14	5	apparatus:p398-2	p398-2	scripture	apparatus-explicit	Col. 2, 3	Col 2:3	A	verse		
bon-hex-c14	5	apparatus:p398-2	p398-2	scripture	apparatus-explicit	Exod. 25, 18	Exod 25:18	A	verse		
bon-hex-c15	5	apparatus:p398-3	p398-3	scripture	apparatus-explicit	Gen. 1, 12	Gen 1:12	A	verse		
bon-hex-c15	5	apparatus:p398-4	p398-4	scripture	apparatus-explicit	Gen. 4, 19	Gen 4:19	A	verse		
bon-hex-c15	5	apparatus:p398-4	p398-4	scripture	anaphor->apparatus-explicit	ibid.	Gen 4:19	A	verse	yes	Gen. 4, 19
bon-hex-c15	5	apparatus:p398-4	p398-4	scripture	apparatus-explicit	Gen 4, 15	Gen 4:15	A	verse		
bon-hex-c15	5	apparatus:p398-5	p398-5	scripture	apparatus-explicit	Gen. 10, 8	Gen 10:8	A	verse		
bon-hex-c15	5	apparatus:p398-5	p398-5	scripture	apparatus-explicit	II. Thess. 2, 4	2Thess 2:4	A	verse		
bon-hex-c15	5	apparatus:p399-1	p399-1	scripture	apparatus-explicit	Apoc. 7, 5	Apoc 7:5	A	verse		
bon-hex-c15	5	apparatus:p399-1	p399-1	scripture	apparatus-explicit	Gen. 49, 17	Gen 49:17	A	verse		
bon-hex-c15	5	apparatus:p399-1	p399-1	scripture	apparatus-explicit	Gen. 35, 25	Gen 35:25	A	verse		
bon-hex-c15	5	apparatus:p399-2	p399-2	scripture	apparatus-explicit	Dan. 11, 38	Dan 11:38	A	verse		
bon-hex-c15	5	apparatus:p399-3	p399-3	scripture	apparatus-explicit	Iosue 7, 1	Ios 7:1	A	verse		
bon-hex-c15	5	apparatus:p399-4	p399-4	scripture	apparatus-explicit	Iudic. 9, 1	Iudic 9:1	A	verse		
bon-hex-c15	5	apparatus:p399-5	p399-5	scripture	apparatus-explicit	I. Reg. 17, 4	1Reg 17:4	A	verse		
bon-hex-c15	5	apparatus:p399-5	p399-5	scripture	apparatus-explicit	Apoc. 13, 1	Apoc 13:1	A	verse		
bon-hex-c15	5	apparatus:p399-6	p399-6	scripture	apparatus-explicit	Dan. 8, 23	Dan 8:23	A	verse		
bon-hex-c15	5	apparatus:p399-7	p399-7	scripture	apparatus-explicit	I. Machab. 1, 43	1Mach 1:43	A	verse		
bon-hex-c15	5	apparatus:p399-7	p399-7	scripture	anaphor->apparatus-explicit	ibid.	1Mach 1:43	A	verse	yes	I. Machab. 1, 43
bon-hex-c15	5	apparatus:p399-8	p399-8	scripture	apparatus-explicit	Matth. 26, 14	Matth 26:14	A	verse		
bon-hex-c15	5	apparatus:p399-9	p399-9	scripture	apparatus-explicit	Act. 8, 9	Act 8:9	A	verse		
bon-hex-c15	5	apparatus:p399-10	p399-10	scripture	apparatus-explicit	Apoc. 11, 7	Apoc 11:7	A	verse		
bon-hex-c15	5	apparatus:p399-10	p399-10	scripture	apparatus-explicit	Iob 40, 12	Iob 40:12	A	verse		
bon-hex-c15	5	apparatus:p399-11	p399-11	scripture	apparatus-explicit	Gen. 2, 9	Gen 2:9	A	verse		
bon-hex-c15	5	apparatus:p400-1	p400-1	scripture	apparatus-explicit	Gen. 1, 12	Gen 1:12	A	verse		
bon-hex-c15	5	apparatus:p400-2	p400-2	crossref	page	supra pag. 388, nota 3	bon-hex-c13		chunk		
bon-hex-c15	5	apparatus:p400-3	p400-3	scripture	apparatus-explicit	II. Cor. 3, 18	2Cor 3:18	A	verse		
bon-hex-c15	5	apparatus:p400-3	p400-3	crossref	page	supra pag. 377, nota 5	bon-hex-c10		chunk		
bon-hex-c15	5	apparatus:p400-3	p400-3	crossref	page	supra pag. 375, nota 3	bon-hex-c9		chunk		
bon-hex-c15	5	apparatus:p400-5	p400-5	crossref	work	Breviloq.	work:breviloquium		work		
bon-hex-c15	5	apparatus:p400-6	p400-6	scripture	apparatus-explicit	Gen. 7, 21	Gen 7:21	A	verse		
bon-hex-c15	5	apparatus:p400-6	p400-6	crossref	page	supra pag. 204, nota 6	bon-brev-prol-s2+bon-brev-prol-s3		page-multi		
bon-hex-c15	5	apparatus:p400-7	p400-7	scripture	apparatus-explicit	Gen. 1, 6	Gen 1:6	A	verse		
bon-hex-c15	5	apparatus:p400-7	p400-7	scripture	apparatus-explicit	Gen. 6, 18	Gen 6:18	A	verse		
bon-hex-c15	5	apparatus:p400-7	p400-7	scripture	anaphor->apparatus-explicit	ibid.	Gen 6:18	A	verse	yes	Gen. 6, 18
bon-hex-c15	5	apparatus:p400-8	p400-8	scripture	apparatus-explicit	Gen. 17, 2	Gen 17:2	A	verse		
bon-hex-c15	5	apparatus:p400-9	p400-9	scripture	apparatus-explicit	Luc. 1, 36	Luc 1:36	A	verse		
bon-hex-c15	5	apparatus:p400-10	p400-10	scripture	apparatus-explicit	Psalm. 5, 5	Ps 5:5	A	verse		
bon-hex-c15	5	apparatus:p400-11	p400-11	scripture	apparatus-explicit	Matth. 20, 1	Matth 20:1	A	verse		
bon-hex-c15	5	apparatus:p400-12	p400-12	scripture	apparatus-explicit	Gen. 2, 15	Gen 2:15	A	verse		
bon-hex-c15	5	apparatus:p400-12	p400-12	scripture	anaphor->apparatus-explicit	ibid.	Gen 2:15	A	verse	yes	Gen. 2, 15
bon-hex-c15	5	apparatus:p401-1	p401-1	scripture	apparatus-explicit	Matth. 4, 17	Matth 4:17	A	verse		
bon-hex-c15	5	apparatus:p401-2	p401-2	crossref	page	supra pag. 266, nota 6	bon-brev-p6-c1+bon-brev-p6-c2		page-multi		
bon-hex-c15	5	apparatus:p401-3	p401-3	scripture	apparatus-explicit	III. Reg. 6, 24	3Reg 6:24	A	verse		
bon-hex-c15	5	apparatus:p401-3	p401-3	crossref	logical	I. Sent. d. 2. q. 4.	bon-sent-I-d2-a1-q4		chunk		
bon-hex-c15	5	apparatus:p401-3	p401-3	crossref	relative-inherited	ibid.	bon-sent-I-d2-a1-q4		chunk		
bon-hex-c15	5	apparatus:p401-3	p401-3	crossref	work	Breviloq. p. I. c. 3.	bon-brev-p1-c3		chunk		
bon-hex-c15	5	apparatus:p401-4	p401-4	scripture	apparatus-explicit	Gal. 1, 18	Gal 1:18	A	verse		
bon-hex-c15	5	apparatus:p401-4	p401-4	scripture	apparatus-explicit	Isai. 38, 8	Isai 38:8	A	verse		
bon-hex-c15	5	apparatus:p401-4	p401-4	scripture	apparatus-explicit	Act. 1, 15	Act 1:15	A	verse		
bon-hex-c15	5	apparatus:p401-5	p401-5	scripture	apparatus-explicit	Psalm. 5, 5	Ps 5:5	A	verse		
bon-hex-c15	5	apparatus:p401-6	p401-6	scripture	apparatus-explicit	Gal. 4, 24	Gal 4:24	A	verse		
bon-hex-c15	5	apparatus:p401-6	p401-6	crossref	logical	III. Sent. d. 40. q. 1.	bon-sent-III-d40-a1-q1		chunk		
bon-hex-c15	5	apparatus:p401-7	p401-7	scripture	apparatus-explicit	Psalm. 18, 3	Ps 18:3	A	verse		
bon-hex-c15	5	apparatus:p401-8	p401-8	scripture	apparatus-explicit	Rom. 2, 14	Rom 2:14	A	verse		
bon-hex-c15	5	apparatus:p401-9	p401-9	scripture	apparatus-explicit	Rom. 9, 27	Rom 9:27	A	verse		
bon-hex-c15	5	apparatus:p401-9	p401-9	scripture	anaphor->apparatus-explicit	ibid.	Rom 9:27	A	verse	yes	Rom. 9, 27
bon-hex-c15	5	apparatus:p401-9	p401-9	scripture	apparatus-explicit	Isai. 9, 8	Isai 9:8	A	verse		
bon-hex-c15	5	apparatus:p401-9	p401-9	scripture	apparatus-explicit	Rom. 9, 6	Rom 9:6	A	verse		
bon-hex-c15	5	apparatus:p401-9	p401-9	scripture	apparatus-explicit	Gal. 3, 6	Gal 3:6	A	verse		
bon-hex-c15	5	apparatus:p402-1	p402-1	scripture	apparatus-explicit	Phil. 3, 5	Phil 3:5	A	verse		
bon-hex-c15	5	apparatus:p402-1	p402-1	scripture	apparatus-explicit	Isai. 2, 3	Isai 2:3	A	verse		
bon-hex-c15	5	apparatus:p402-1	p402-1	scripture	apparatus-explicit	Rom. 11, 1	Rom 11:1	A	verse		
bon-hex-c15	5	apparatus:p402-3	p402-3	scripture	apparatus-explicit	Gen. 41, 51	Gen 41:51	A	verse		
bon-hex-c15	5	apparatus:p402-3	p402-3	scripture	apparatus-explicit	Apoc. 7, 5	Apoc 7:5	A	verse		
bon-hex-c15	5	apparatus:p402-4	p402-4	scripture	apparatus-explicit	Num. 2, 3	Num 2:3	A	verse		
bon-hex-c15	5	apparatus:p402-4	p402-4	scripture	apparatus-explicit	Apoc. 21, 16	Apoc 21:16	A	verse		
bon-hex-c15	5	apparatus:p402-4	p402-4	crossref	page	supra pag. 363, nota 1	bon-hex-c6		chunk		
bon-hex-c15	5	apparatus:p402-4	p402-4	crossref	page	supra pag. 368, nota 7	bon-hex-c7+bon-hex-c8		page-multi		
bon-hex-c15	5	apparatus:p402-5	p402-5	scripture	apparatus-explicit	Matth. 20, 1	Matth 20:1	A	verse		
bon-hex-c15	5	apparatus:p402-5	p402-5	scripture	apparatus-explicit	Gen. 2, 15	Gen 2:15	A	verse		
bon-hex-c15	5	apparatus:p402-6	p402-6	scripture	apparatus-explicit	Ierem. 35, 2	Ierem 35:2	A	verse		
bon-hex-c15	5	apparatus:p402-6	p402-6	scripture	apparatus-explicit	Matth. 17, 11	Matth 17:11	A	verse		
bon-hex-c15	5	apparatus:p402-6	p402-6	scripture	apparatus-explicit	Gen. 5, 24	Gen 5:24	A	verse		
bon-hex-c15	5	apparatus:p402-6	p402-6	scripture	apparatus-explicit	Eccli. 44, 16	Eccli 44:16	A	verse		
bon-hex-c15	5	apparatus:p402-6	p402-6	scripture	apparatus-explicit	Hebr. 11, 5	Hebr 11:5	A	verse		
bon-hex-c15	5	apparatus:p402-6	p402-6	scripture	apparatus-explicit	Apoc. 11, 7	Apoc 11:7	A	verse		
bon-hex-c15	5	apparatus:p402-6	p402-6	scripture	apparatus-explicit	Matth. 24, 21	Matth 24:21	A	verse		
bon-hex-c16	5	apparatus:p403-1	p403-1	scripture	apparatus-explicit	Gen. 1, 12	Gen 1:12	A	verse		
bon-hex-c16	5	apparatus:p403-2	p403-2	scripture	apparatus-explicit	Matth. 20, 1	Matth 20:1	A	verse		
bon-hex-c16	5	apparatus:p403-3	p403-3	scripture	apparatus-explicit	Hebr. 13, 20	Hebr 13:20	A	verse		
bon-hex-c16	5	apparatus:p403-4	p403-4	scripture	apparatus-explicit	Rom. 2, 29	Rom 2:29	A	verse		
bon-hex-c16	5	apparatus:p403-4	p403-4	scripture	apparatus-explicit	II. Cor. 3, 6	2Cor 3:6	A	verse		
bon-hex-c16	5	apparatus:p404-1	p404-1	scripture	apparatus-explicit	Gen. 38, 27	Gen 38:27	A	verse		
bon-hex-c16	5	apparatus:p404-1	p404-1	scripture	apparatus-explicit	Eph. 2, 14	Eph 2:14	A	verse		
bon-hex-c16	5	apparatus:p404-2	p404-2	scripture	apparatus-explicit	Matth. 5, 18	Matth 5:18	A	verse		
bon-hex-c16	5	apparatus:p404-4	p404-4	scripture	apparatus-explicit	Matth. 17, 11	Matth 17:11	A	verse		
bon-hex-c16	5	apparatus:p404-4	p404-4	crossref	page	supra pag. 402, nota 6	bon-hex-c15		chunk		
bon-hex-c16	5	apparatus:p404-5	p404-5	scripture	apparatus-explicit	Ezech. 40, 3	Ezech 40:3	A	verse		
bon-hex-c16	5	apparatus:p404-6	p404-6	crossref	work	Breviloq. p. II. c. 3.	bon-brev-p2-c3		chunk		
bon-hex-c16	5	apparatus:p404-7	p404-7	crossref	anaphor->work	loc. cit.	bon-brev-p2-c3		chunk	yes	Breviloq. p. II. c. 3.
bon-hex-c16	5	apparatus:p404-7	p404-7	crossref	page	tom. IV. pag. 29, nota 9	bon-sent-IV-d1-p1-dubia		chunk		
bon-hex-c16	5	apparatus:p404-8	p404-8	scripture	apparatus-explicit	Rom. 11, 36	Rom 11:36	A	verse		
bon-hex-c16	5	apparatus:p404-9	p404-9	scripture	apparatus-explicit	Eph. 3, 18	Eph 3:18	A	verse		
bon-hex-c16	5	apparatus:p405-1	p405-1	scripture	apparatus-explicit	Eccle. 1, 10	Eccle 1:10	A	verse		
bon-hex-c16	5	apparatus:p405-2	p405-2	scripture	apparatus-explicit	Gen. 1, 1	Gen 1:1	A	verse		
bon-hex-c16	5	apparatus:p405-2	p405-2	crossref	work	Breviloq. p. II. c. 2.	bon-brev-p2-c2		chunk		
bon-hex-c16	5	apparatus:p405-4	p405-4	scripture	apparatus-explicit	Matth. 1, 2	Matth 1:2	A	verse		
bon-hex-c16	5	apparatus:p405-5	p405-5	scripture	apparatus-explicit	Apoc. 7, 2	Apoc 7:2	A	verse		
bon-hex-c16	5	apparatus:p405-5	p405-5	crossref	page	supra pag. 356, nota 3	bon-hex-c5		chunk		
bon-hex-c16	5	apparatus:p405-7	p405-7	scripture	apparatus-explicit	Luc. 2, 7	Luc 2:7	A	verse		
bon-hex-c16	5	apparatus:p405-7	p405-7	crossref	page	supra pag. 356, nota 3	bon-hex-c5		chunk		
bon-hex-c16	5	apparatus:p405-8	p405-8	scripture	apparatus-explicit	Gen. 12, 1	Gen 12:1	A	verse		
bon-hex-c16	5	apparatus:p405-8	p405-8	scripture	apparatus-explicit	Matth. 1, 2	Matth 1:2	A	verse		
bon-hex-c16	5	apparatus:p405-9	p405-9	scripture	apparatus-explicit	I. Reg. 10, 1	1Reg 10:1	A	verse		
bon-hex-c16	5	apparatus:p405-10	p405-10	scripture	apparatus-explicit	IV. Reg. 18, 10	4Reg 18:10	A	verse		
bon-hex-c16	5	apparatus:p405-11	p405-11	scripture	apparatus-explicit	II. Paral. 26, 19	2Par 26:19	A	verse		
bon-hex-c16	5	apparatus:p405-11	p405-11	scripture	apparatus-explicit	Zach. 4, 6	Zach 4:6	A	verse		
bon-hex-c16	5	apparatus:p405-11	p405-11	scripture	apparatus-explicit	Isai. 38, 8	Isai 38:8	A	verse		
bon-hex-c16	5	apparatus:p405-11	p405-11	scripture	apparatus-explicit	IV. Reg. 20, 9	4Reg 20:9	A	verse		
bon-hex-c16	5	apparatus:p406-2	p406-2	scripture	apparatus-explicit	Apoc. 17	Apoc 17	C	chapter		
bon-hex-c16	5	apparatus:p406-2	p406-2	scripture	apparatus-explicit	Matth. 24, 21	Matth 24:21	A	verse		
bon-hex-c16	5	apparatus:p406-2	p406-2	scripture	apparatus-explicit	I. Thess. 5, 3	1Thess 5:3	A	verse		
bon-hex-c16	5	apparatus:p406-3	p406-3	scripture	apparatus-explicit	Apoc. 10, 6	Apoc 10:6	A	verse		
bon-hex-c16	5	apparatus:p406-4	p406-4	scripture	apparatus-explicit	Levit. 25, 8	Lev 25:8	A	verse		
bon-hex-c16	5	apparatus:p406-5	p406-5	scripture	apparatus-explicit	Gen. 4, 8	Gen 4:8	A	verse		
bon-hex-c16	5	apparatus:p406-6	p406-6	scripture	apparatus-explicit	Gen. 1, 26	Gen 1:26	A	verse		
bon-hex-c16	5	apparatus:p406-6	p406-6	scripture	apparatus-explicit	Ps. 8, 5	Ps 8:5	A	verse		
bon-hex-c16	5	apparatus:p406-6	p406-6	scripture	apparatus-explicit	Hebr. 2, 7-9	Hebr 2:7-9	A	verse		
bon-hex-c16	5	apparatus:p406-7	p406-7	scripture	apparatus-explicit	Gen. 2, 21	Gen 2:21	A	verse		
bon-hex-c16	5	apparatus:p406-7	p406-7	crossref	logical	II. Sent. d. 18. a. 1. q. 1	bon-sent-II-d18-a1-q1		chunk		
bon-hex-c16	5	apparatus:p406-8	p406-8	scripture	apparatus-explicit	Gen. 2, 15	Gen 2:15	A	verse		
bon-hex-c16	5	apparatus:p406-8	p406-8	scripture	apparatus-explicit	Act. 4, 32	Act 4:32	A	verse		
bon-hex-c16	5	apparatus:p406-8	p406-8	scripture	anaphor->apparatus-explicit	ibid.	Act 4:32	A	verse	yes	Act. 4, 32
bon-hex-c16	5	apparatus:p406-9	p406-9	scripture	apparatus-explicit	Act. 2, 41	Act 2:41	A	verse		
bon-hex-c16	5	apparatus:p406-9	p406-9	scripture	apparatus-explicit	Gen. 2, 9	Gen 2:9	A	verse		
bon-hex-c16	5	apparatus:p406-9	p406-9	scripture	apparatus-explicit	II. Cor. 3, 6	2Cor 3:6	A	verse		
bon-hex-c16	5	apparatus:p406-9	p406-9	scripture	apparatus-explicit	Hebr. 10, 38	Hebr 10:38	A	verse		
bon-hex-c16	5	apparatus:p406-9	p406-9	crossref	page	supra pag. 378, nota 4	bon-hex-c10		chunk		
bon-hex-c16	5	apparatus:p406-10	p406-10	scripture	apparatus-explicit	Gen. 2, 17	Gen 2:17	A	verse		
bon-hex-c16	5	apparatus:p406-10	p406-10	scripture	apparatus-explicit	II. Cor. 3, 6	2Cor 3:6	A	verse		
bon-hex-c16	5	apparatus:p406-10	p406-10	scripture	apparatus-explicit	Gal. 5, 2	Gal 5:2	A	verse		
bon-hex-c16	5	apparatus:p407-1	p407-1	scripture	apparatus-explicit	Gal. 2, 11	Gal 2:11	A	verse		
bon-hex-c16	5	apparatus:p407-1	p407-1	crossref	logical	IV. Sent. d. 3. p. II. a. 3. q. 2.	bon-sent-IV-d3-p2-a3-q2		chunk		
bon-hex-c16	5	apparatus:p407-2	p407-2	scripture	apparatus-explicit	Gen. 3, 17	Gen 3:17	A	verse		
bon-hex-c16	5	apparatus:p407-2	p407-2	scripture	apparatus-explicit	IV. Reg. 2, 24	4Reg 2:24	A	verse		
bon-hex-c16	5	apparatus:p407-3	p407-3	scripture	apparatus-explicit	Gen. 6, 14	Gen 6:14	A	verse		
bon-hex-c16	5	apparatus:p407-3	p407-3	scripture	apparatus-explicit	I. Petr. 3, 20	1Petr 3:20	A	verse		
bon-hex-c16	5	apparatus:p407-5	p407-5	scripture	apparatus-explicit	Matth. 8, 25	Matth 8:25	A	verse		
bon-hex-c16	5	apparatus:p407-5	p407-5	scripture	apparatus-explicit	Gen. 10, 8	Gen 10:8	A	verse		
bon-hex-c16	5	apparatus:p407-5	p407-5	scripture	anaphor->apparatus-explicit	ibid.	Gen 10:8	A	verse	yes	Gen. 10, 8
bon-hex-c16	5	apparatus:p407-6	p407-6	scripture	apparatus-explicit	Exod. 1, 8	Exod 1:8	A	verse		
bon-hex-c16	5	apparatus:p407-7	p407-7	scripture	apparatus-explicit	Matth. 16, 18	Matth 16:18	A	verse		
bon-hex-c16	5	apparatus:p407-7	p407-7	scripture	apparatus-explicit	II. Reg. 6, 12	2Reg 6:12	A	verse		
bon-hex-c16	5	apparatus:p407-7	p407-7	scripture	anaphor->apparatus-explicit	ibid.	2Reg 6:12	A	verse	yes	II. Reg. 6, 12
bon-hex-c16	5	apparatus:p408-1	p408-1	scripture	apparatus-explicit	Matth. 16, 19	Matth 16:19	A	verse		
bon-hex-c16	5	apparatus:p408-2	p408-2	scripture	apparatus-explicit	IV. Reg. 19, 35	4Reg 19:35	A	verse		
bon-hex-c16	5	apparatus:p408-2	p408-2	scripture	anaphor->apparatus-explicit	ibid.	4Reg 19:35	A	verse	yes	IV. Reg. 19, 35
bon-hex-c16	5	apparatus:p408-4	p408-4	scripture	apparatus-explicit	IV. Reg. 22	4Reg 22	C	chapter		
bon-hex-c16	5	apparatus:p408-4	p408-4	crossref	page	supra pag. 356, nota 3	bon-hex-c5		chunk		
bon-hex-c16	5	apparatus:p408-6	p408-6	scripture	apparatus-explicit	Apoc. 7, 2	Apoc 7:2	A	verse		
bon-hex-c16	5	apparatus:p408-6	p408-6	scripture	anaphor->apparatus-explicit	ibid.	Apoc 7:2	A	verse	yes	Apoc. 7, 2
bon-hex-c16	5	apparatus:p408-7	p408-7	scripture	apparatus-explicit	Apoc. 21	Apoc 21	C	chapter		
bon-hex-c16	5	apparatus:p408-7	p408-7	scripture	apparatus-explicit	Gal. 4	Gal 4	C	chapter		
bon-hex-c16	5	apparatus:p408-8	p408-8	scripture	apparatus-explicit	Num. 33, 1	Num 33:1	A	verse		
bon-hex-c17	5	latin_body		crossref	relative-bare	ibid			unresolvable		
bon-hex-c17	5	apparatus:p409-1	p409-1	scripture	apparatus-explicit	Gen. 1, 12	Gen 1:12	A	verse		
bon-hex-c17	5	apparatus:p409-2	p409-2	scripture	apparatus-explicit	Matth. 4, 4	Matth 4:4	A	verse		
bon-hex-c17	5	apparatus:p409-2	p409-2	scripture	apparatus-explicit	Gen. 1, 12	Gen 1:12	A	verse		
bon-hex-c17	5	apparatus:p409-3	p409-3	scripture	apparatus-explicit	II. Tim. 2, 6	2Tim 2:6	A	verse		
bon-hex-c17	5	apparatus:p409-4	p409-4	scripture	apparatus-explicit	Gen. 2, 8	Gen 2:8	A	verse		
bon-hex-c17	5	apparatus:p409-5	p409-5	scripture	apparatus-explicit	Gen. 2, 9	Gen 2:9	A	verse		
bon-hex-c17	5	apparatus:p409-6	p409-6	scripture	apparatus-explicit	Luc. 10, 20	Luc 10:20	A	verse		
bon-hex-c17	5	apparatus:p409-6	p409-6	scripture	apparatus-explicit	II. Cor. 12, 2	2Cor 12:2	A	verse		
bon-hex-c17	5	apparatus:p410-1	p410-1	scripture	apparatus-explicit	II. Tim. 2, 19	2Tim 2:19	A	verse		
bon-hex-c17	5	apparatus:p410-2	p410-2	scripture	apparatus-explicit	Matth. 15, 13	Matth 15:13	A	verse		
bon-hex-c17	5	apparatus:p410-2	p410-2	scripture	apparatus-explicit	Eccli. 24, 42	Eccli 24:42	A	verse		
bon-hex-c17	5	apparatus:p410-2	p410-2	scripture	apparatus-explicit	Hebr. 9, 19	Hebr 9:19	A	verse		
bon-hex-c17	5	apparatus:p410-3	p410-3	scripture	apparatus-explicit	Thren. 1, 8	Thren 1:8	A	verse		
bon-hex-c17	5	apparatus:p410-3	p410-3	scripture	anaphor->apparatus-explicit	ibid.	Thren 1:8	A	verse	yes	Thren. 1, 8
bon-hex-c17	5	apparatus:p410-5	p410-5	scripture	apparatus-explicit	Gen. 2, 15	Gen 2:15	A	verse		
bon-hex-c17	5	apparatus:p410-6	p410-6	scripture	apparatus-explicit	Gen. 15, 2	Gen 15:2	A	verse		
bon-hex-c17	5	apparatus:p410-6	p410-6	scripture	apparatus-explicit	Luc. 1, 26	Luc 1:26	A	verse		
bon-hex-c17	5	apparatus:p410-6	p410-6	scripture	apparatus-explicit	Exod. 32, 31	Exod 32:31	A	verse		
bon-hex-c17	5	apparatus:p410-6	p410-6	scripture	apparatus-explicit	Eccli. 44, 10	Eccli 44:10	A	verse		
bon-hex-c17	5	apparatus:p410-7	p410-7	scripture	apparatus-explicit	Prov. 15, 1	Prov 15:1	A	verse		
bon-hex-c17	5	apparatus:p410-7	p410-7	scripture	apparatus-explicit	I. Reg. 25, 3	1Reg 25:3	A	verse		
bon-hex-c17	5	apparatus:p411-1	p411-1	scripture	apparatus-explicit	II. Cor. 5, 1	2Cor 5:1	A	verse		
bon-hex-c17	5	apparatus:p411-1	p411-1	scripture	apparatus-explicit	Ioan. 14, 2	Ioan 14:2	A	verse		
bon-hex-c17	5	apparatus:p411-1	p411-1	scripture	apparatus-explicit	Ps. 35, 8-10	Ps 35:8-10	A	verse		
bon-hex-c17	5	apparatus:p411-1	p411-1	scripture	apparatus-explicit	Apoc. 7, 17	Apoc 7:17	A	verse		
bon-hex-c17	5	apparatus:p411-1	p411-1	scripture	apparatus-explicit	Ps. 15, 10	Ps 15:10	A	verse		
bon-hex-c17	5	apparatus:p411-2	p411-2	scripture	apparatus-explicit	Psalm. 10, 7	Ps 10:7	A	verse		
bon-hex-c17	5	apparatus:p411-2	p411-2	scripture	apparatus-explicit	Apoc. 21, 8	Apoc 21:8	A	verse		
bon-hex-c17	5	apparatus:p411-2	p411-2	scripture	apparatus-explicit	Apoc. 14, 11	Apoc 14:11	A	verse		
bon-hex-c17	5	apparatus:p411-2	p411-2	scripture	apparatus-explicit	Gen. 1, 2	Gen 1:2	A	verse		
bon-hex-c17	5	apparatus:p411-3	p411-3	scripture	apparatus-explicit	Prov. 6, 23	Prov 6:23	A	verse		
bon-hex-c17	5	apparatus:p411-3	p411-3	scripture	apparatus-explicit	Matth. 19, 17	Matth 19:17	A	verse		
bon-hex-c17	5	apparatus:p411-3	p411-3	scripture	anaphor->apparatus-explicit	ibid.	Matth 19:17	A	verse	yes	Matth. 19, 17
bon-hex-c17	5	apparatus:p411-3	p411-3	scripture	apparatus-explicit	Ps. 118, 1	Ps 118:1	A	verse		
bon-hex-c17	5	apparatus:p411-5	p411-5	scripture	apparatus-explicit	Psalm. 1, 1-3	Ps 1:1-3	A	verse		
bon-hex-c17	5	apparatus:p411-5	p411-5	scripture	apparatus-explicit	Eccli. 3, 22	Eccli 3:22	A	verse		
bon-hex-c17	5	apparatus:p411-6	p411-6	scripture	apparatus-explicit	Psalm. 7, 13	Ps 7:13	A	verse		
bon-hex-c17	5	apparatus:p411-6	p411-6	scripture	apparatus-explicit	Ps. 18, 8	Ps 18:8	A	verse		
bon-hex-c17	5	apparatus:p411-7	p411-7	scripture	apparatus-explicit	Psalm. 90, 7	Ps 90:7	A	verse		
bon-hex-c17	5	apparatus:p412-2	p412-2	scripture	apparatus-explicit	Exod. 3, 1	Exod 3:1	A	verse		
bon-hex-c17	5	apparatus:p412-2	p412-2	scripture	apparatus-explicit	I. Reg. 16	1Reg 16	C	chapter		
bon-hex-c17	5	apparatus:p412-2	p412-2	scripture	apparatus-explicit	Isai. 38	Isai 38	C	chapter		
bon-hex-c17	5	apparatus:p412-2	p412-2	scripture	apparatus-explicit	IV. Reg. 20, 1	4Reg 20:1	A	verse		
bon-hex-c17	5	apparatus:p412-2	p412-2	scripture	apparatus-explicit	III. Reg. 17, 1	3Reg 17:1	A	verse		
bon-hex-c17	5	apparatus:p412-2	p412-2	scripture	apparatus-explicit	Luc. 1, 80	Luc 1:80	A	verse		
bon-hex-c17	5	apparatus:p412-3	p412-3	scripture	apparatus-explicit	Hebr. 11, 37	Hebr 11:37	A	verse		
bon-hex-c17	5	apparatus:p412-3	p412-3	scripture	anaphor->apparatus-explicit	ibid.	Hebr 11:37	A	verse	yes	Hebr. 11, 37
bon-hex-c17	5	apparatus:p412-4	p412-4	scripture	apparatus-explicit	Esther 1, 14	Esth 1:14	A	verse		
bon-hex-c17	5	apparatus:p412-4	p412-4	scripture	apparatus-explicit	Apoc. 12, 7	Apoc 12:7	A	verse		
bon-hex-c17	5	apparatus:p412-5	p412-5	scripture	apparatus-explicit	Mich. 7, 5	Mich 7:5	A	verse		
bon-hex-c17	5	apparatus:p412-6	p412-6	scripture	apparatus-explicit	Sap. 14, 11	Sap 14:11	A	verse		
bon-hex-c17	5	apparatus:p412-6	p412-6	scripture	apparatus-explicit	Eccle. 1, 2	Eccle 1:2	A	verse		
bon-hex-c17	5	apparatus:p412-6	p412-6	scripture	apparatus-explicit	Ps. 118, 37	Ps 118:37	A	verse		
bon-hex-c17	5	apparatus:p412-6	p412-6	scripture	apparatus-explicit	I. Tim. 6, 7	1Tim 6:7	A	verse		
bon-hex-c17	5	apparatus:p412-7	p412-7	scripture	apparatus-explicit	Psalm. 124, 2	Ps 124:2	A	verse		
bon-hex-c17	5	apparatus:p412-7	p412-7	scripture	apparatus-explicit	IV. Reg. 6, 17	4Reg 6:17	A	verse		
bon-hex-c17	5	apparatus:p412-7	p412-7	scripture	apparatus-explicit	Gen. 32, 2	Gen 32:2	A	verse		
bon-hex-c17	5	apparatus:p412-7	p412-7	scripture	apparatus-explicit	Ps. 26, 1	Ps 26:1	A	verse		
bon-hex-c17	5	apparatus:p412-7	p412-7	scripture	apparatus-explicit	Ps. 123, 1	Ps 123:1	A	verse		
bon-hex-c17	5	apparatus:p412-8	p412-8	scripture	apparatus-explicit	Psalm. 18, 2	Ps 18:2	A	verse		
bon-hex-c17	5	apparatus:p412-8	p412-8	scripture	apparatus-explicit	Eccli. 43, 1	Eccli 43:1	A	verse		
bon-hex-c17	5	apparatus:p413-1	p413-1	scripture	apparatus-explicit	Apoc. 21, 19	Apoc 21:19	A	verse		
bon-hex-c17	5	apparatus:p413-2	p413-2	scripture	apparatus-explicit	Iob 40, 20	Iob 40:20	A	verse		
bon-hex-c17	5	apparatus:p413-3	p413-3	scripture	apparatus-explicit	Levit. 1, 14	Lev 1:14	A	verse		
bon-hex-c17	5	apparatus:p413-3	p413-3	scripture	anaphor->apparatus-explicit	ibid.	Lev 1:14	A	verse	yes	Levit. 1, 14
bon-hex-c17	5	apparatus:p413-4	p413-4	scripture	apparatus-explicit	Eccli. 21, 2	Eccli 21:2	A	verse		
bon-hex-c17	5	apparatus:p413-4	p413-4	scripture	apparatus-explicit	Levit. 1, 2	Lev 1:2	A	verse		
bon-hex-c17	5	apparatus:p413-8	p413-8	scripture	apparatus-explicit	Ioan. 7, 38	Ioan 7:38	A	verse		
bon-hex-c17	5	apparatus:p413-8	p413-8	scripture	apparatus-explicit	Isai. 12, 3	Isai 12:3	A	verse		
bon-hex-c17	5	apparatus:p413-9	p413-9	scripture	apparatus-explicit	Gen. 2, 9	Gen 2:9	A	verse		
bon-hex-c17	5	apparatus:p413-9	p413-9	scripture	apparatus-explicit	Isai. 8, 6	Isai 8:6	A	verse		
bon-hex-c17	5	apparatus:p413-10	p413-10	scripture	apparatus-explicit	Ioan. 9, 7	Ioan 9:7	A	verse		
bon-hex-c17	5	apparatus:p413-10	p413-10	scripture	apparatus-explicit	Eccli. 24, 5	Eccli 24:5	A	verse		
bon-hex-c17	5	apparatus:p414-1	p414-1	scripture	apparatus-explicit	Isai. 8, 7	Isai 8:7	A	verse		
bon-hex-c17	5	apparatus:p414-2	p414-2	scripture	apparatus-explicit	Exod. 3, 22	Exod 3:22	A	verse		
bon-hex-c17	5	apparatus:p414-3	p414-3	scripture	apparatus-explicit	Matth. 4, 4	Matth 4:4	A	verse		
bon-hex-c18	5	latin_body	p418-6	scripture	body-ordinal	ad Galatas quinto	Gal 5:22	B	verse		
bon-hex-c18	5	apparatus:p414-4	p414-4	scripture	apparatus-explicit	Gen. 1, 12	Gen 1:12	A	verse		
bon-hex-c18	5	apparatus:p415-1	p415-1	scripture	apparatus-explicit	Eccle. 6, 7	Eccle 6:7	A	verse		
bon-hex-c18	5	apparatus:p415-1	p415-1	scripture	apparatus-explicit	I. Cor. 13, 1	1Cor 13:1	A	verse		
bon-hex-c18	5	apparatus:p415-3	p415-3	scripture	apparatus-explicit	Gen. 2, 9	Gen 2:9	A	verse		
bon-hex-c18	5	apparatus:p415-4	p415-4	scripture	apparatus-explicit	Gen. 3, 5	Gen 3:5	A	verse		
bon-hex-c18	5	apparatus:p415-5	p415-5	scripture	apparatus-explicit	Ps. 90, 5	Ps 90:5	A	verse		
bon-hex-c18	5	apparatus:p415-5	p415-5	crossref	logical	II. Sent. d. 24. p. I. a. 2. q. 1.	bon-sent-II-d24-p1-a2-q1		chunk		
bon-hex-c18	5	apparatus:p415-6	p415-6	scripture	apparatus-explicit	Cant. 2, 3	Cant 2:3	A	verse		
bon-hex-c18	5	apparatus:p415-7	p415-7	scripture	apparatus-explicit	Psalm. 84, 13	Ps 84:13	A	verse		
bon-hex-c18	5	apparatus:p415-7	p415-7	scripture	apparatus-explicit	Prov. 3, 14	Prov 3:14	A	verse		
bon-hex-c18	5	apparatus:p415-8	p415-8	scripture	apparatus-explicit	Psalm. 75, 5	Ps 75:5	A	verse		
bon-hex-c18	5	apparatus:p416-1	p416-1	scripture	apparatus-explicit	Psalm. 147, 14	Ps 147:14	A	verse		
bon-hex-c18	5	apparatus:p416-1	p416-1	scripture	apparatus-explicit	Isai. 48, 18	Isai 48:18	A	verse		
bon-hex-c18	5	apparatus:p416-2	p416-2	scripture	apparatus-explicit	Iac. 5, 11	Iac 5:11	A	verse		
bon-hex-c18	5	apparatus:p416-2	p416-2	scripture	apparatus-explicit	Ioan. 17, 3	Ioan 17:3	A	verse		
bon-hex-c18	5	apparatus:p416-3	p416-3	scripture	apparatus-explicit	Ioan. 15, 12	Ioan 15:12	A	verse		
bon-hex-c18	5	apparatus:p416-5	p416-5	scripture	apparatus-explicit	Psalm. 120, 1	Ps 120:1	A	verse		
bon-hex-c18	5	apparatus:p416-5	p416-5	scripture	apparatus-explicit	Ps. 15, 8	Ps 15:8	A	verse		
bon-hex-c18	5	apparatus:p416-5	p416-5	scripture	apparatus-explicit	Act. 7, 56	Act 7:56	A	verse		
bon-hex-c18	5	apparatus:p416-6	p416-6	scripture	apparatus-explicit	Apoc. 22, 1	Apoc 22:1	A	verse		
bon-hex-c18	5	apparatus:p416-6	p416-6	scripture	apparatus-explicit	Apoc. 5, 5	Apoc 5:5	A	verse		
bon-hex-c18	5	apparatus:p416-7	p416-7	scripture	apparatus-explicit	Hebr. 13, 9	Hebr 13:9	A	verse		
bon-hex-c18	5	apparatus:p416-7	p416-7	scripture	apparatus-explicit	I. Petr. 1, 13	1Petr 1:13	A	verse		
bon-hex-c18	5	apparatus:p416-8	p416-8	scripture	apparatus-explicit	I. Petr. 1, 3	1Petr 1:3	A	verse		
bon-hex-c18	5	apparatus:p416-8	p416-8	scripture	apparatus-explicit	Eccli. 3, 20	Eccli 3:20	A	verse		
bon-hex-c18	5	apparatus:p416-9	p416-9	scripture	apparatus-explicit	Gen. 39, 7	Gen 39:7	A	verse		
bon-hex-c18	5	apparatus:p416-9	p416-9	scripture	apparatus-explicit	I. Reg. 24, 5	1Reg 24:5	A	verse		
bon-hex-c18	5	apparatus:p417-2	p417-2	scripture	apparatus-explicit	Psalm. 72, 25	Ps 72:25	A	verse		
bon-hex-c18	5	apparatus:p417-2	p417-2	scripture	apparatus-explicit	Ps. 141, 6	Ps 141:6	A	verse		
bon-hex-c18	5	apparatus:p417-2	p417-2	scripture	apparatus-explicit	II. Cor. 4, 17	2Cor 4:17	A	verse		
bon-hex-c18	5	apparatus:p417-2	p417-2	scripture	apparatus-explicit	Ps. 15, 10	Ps 15:10	A	verse		
bon-hex-c18	5	apparatus:p417-2	p417-2	scripture	apparatus-explicit	Ps. 62, 9	Ps 62:9	A	verse		
bon-hex-c18	5	apparatus:p417-4	p417-4	scripture	apparatus-explicit	Psalm. 33, 15	Ps 33:15	A	verse		
bon-hex-c18	5	apparatus:p417-4	p417-4	scripture	apparatus-explicit	Prov. 28, 14	Prov 28:14	A	verse		
bon-hex-c18	5	apparatus:p417-4	p417-4	scripture	anaphor->apparatus-explicit	ibid.	Prov 28:14	A	verse	yes	Prov. 28, 14
bon-hex-c18	5	apparatus:p417-5	p417-5	scripture	apparatus-explicit	Matth. 5, 10	Matth 5:10	A	verse		
bon-hex-c18	5	apparatus:p417-5	p417-5	scripture	apparatus-explicit	Eccli. 4, 33	Eccli 4:33	A	verse		
bon-hex-c18	5	apparatus:p417-7	p417-7	scripture	apparatus-explicit	Matth. 19, 17	Matth 19:17	A	verse		
bon-hex-c18	5	apparatus:p417-7	p417-7	crossref	page	supra pag. 256, nota 6	bon-brev-p5-c3+bon-brev-p5-c4		page-multi		
bon-hex-c18	5	apparatus:p417-8	p417-8	scripture	apparatus-explicit	Deut. 25, 2	Deut 25:2	A	verse		
bon-hex-c18	5	apparatus:p417-9	p417-9	scripture	anaphor->apparatus-explicit	ibid.	Deut 25:2	A	verse	yes	Deut. 25, 2
bon-hex-c18	5	apparatus:p417-9	p417-9	scripture	apparatus-explicit	Sap. 10, 12	Sap 10:12	A	verse		
bon-hex-c18	5	apparatus:p417-9	p417-9	scripture	anaphor->apparatus-explicit	ibid.	Sap 10:12	A	verse	yes	Sap. 10, 12
bon-hex-c18	5	apparatus:p418-2	p418-2	scripture	apparatus-explicit	Cant. 6, 3	Cant 6:3	A	verse		
bon-hex-c18	5	apparatus:p418-4	p418-4	scripture	apparatus-explicit	I. Cor. 2, 6	1Cor 2:6	A	verse		
bon-hex-c18	5	apparatus:p418-5	p418-5	scripture	apparatus-explicit	Psalm. 148, 1	Ps 148:1	A	verse		
bon-hex-c18	5	apparatus:p418-5	p418-5	scripture	apparatus-explicit	Dan. 3, 57	Dan 3:57	A	verse		
bon-hex-c18	5	apparatus:p418-5	p418-5	scripture	apparatus-explicit	Ps. 102, 22	Ps 102:22	A	verse		
bon-hex-c18	5	apparatus:p418-5	p418-5	scripture	apparatus-explicit	Ps. 103, 34	Ps 103:34	A	verse		
bon-hex-c18	5	apparatus:p418-5	p418-5	scripture	apparatus-explicit	Ps. 91, 5	Ps 91:5	A	verse		
bon-hex-c18	5	apparatus:p418-5	p418-5	scripture	apparatus-explicit	Ps. 68, 31	Ps 68:31	A	verse		
bon-hex-c18	5	apparatus:p418-7	p418-7	scripture	apparatus-explicit	I. Cor. 13, 1	1Cor 13:1	A	verse		
bon-hex-c18	5	apparatus:p418-8	p418-8	crossref	work	Breviloq. p. V. c. 8.	bon-brev-p5-c8		chunk		
bon-hex-c18	5	apparatus:p418-8	p418-8	scripture	apparatus-explicit	Rom. 13, 13	Rom 13:13	A	verse		
bon-hex-c18	5	apparatus:p418-9	p418-9	scripture	apparatus-explicit	Luc. 21, 19	Luc 21:19	A	verse		
bon-hex-c18	5	apparatus:p419-1	p419-1	scripture	apparatus-explicit	Deut. 33, 19	Deut 33:19	A	verse		
bon-hex-c18	5	apparatus:p419-1	p419-1	scripture	apparatus-explicit	Iac. 1, 2	Iac 1:2	A	verse		
bon-hex-c18	5	apparatus:p419-3	p419-3	scripture	apparatus-explicit	Eccli. 44, 14	Eccli 44:14	A	verse		
bon-hex-c18	5	apparatus:p419-4	p419-4	scripture	apparatus-explicit	Psalm. 132, 2	Ps 132:2	A	verse		
bon-hex-c18	5	apparatus:p419-4	p419-4	crossref	page	supra pag. 290, nota 2	bon-brev-p7-c7		chunk		
bon-hex-c18	5	apparatus:p419-4	p419-4	scripture	apparatus-explicit	Apoc. 22, 2	Apoc 22:2	A	verse		
bon-hex-c19	5	latin_body		crossref	relative-bare	ibid			unresolvable		
bon-hex-c19	5	apparatus:p420-1	p420-1	scripture	apparatus-explicit	Gen. 1, 12	Gen 1:12	A	verse		
bon-hex-c19	5	apparatus:p420-1	p420-1	scripture	apparatus-explicit	Eccli. 24, 23	Eccli 24:23	A	verse		
bon-hex-c19	5	apparatus:p420-2	p420-2	scripture	apparatus-explicit	Exod. 14, 1	Exod 14:1	A	verse		
bon-hex-c19	5	apparatus:p420-2	p420-2	scripture	apparatus-explicit	Ps. 38, 7	Ps 38:7	A	verse		
bon-hex-c19	5	apparatus:p420-3	p420-3	scripture	apparatus-explicit	Isai. 14, 15	Isai 14:15	A	verse		
bon-hex-c19	5	apparatus:p420-3	p420-3	scripture	apparatus-explicit	Gen. 3, 6	Gen 3:6	A	verse		
bon-hex-c19	5	apparatus:p420-4	p420-4	crossref	page	supra pag. 363, nota 8	bon-hex-c6		chunk		
bon-hex-c19	5	apparatus:p420-5	p420-5	scripture	apparatus-explicit	Gen. 3, 6	Gen 3:6	A	verse		
bon-hex-c19	5	apparatus:p420-6	p420-6	scripture	apparatus-explicit	III. Reg. 4, 33	3Reg 4:33	A	verse		
bon-hex-c19	5	apparatus:p420-6	p420-6	crossref	page	supra pag. 340, nota 2	bon-hex-c2		chunk		
bon-hex-c19	5	apparatus:p420-7	p420-7	scripture	apparatus-explicit	Psalm. 118, 66	Ps 118:66	A	verse		
bon-hex-c19	5	apparatus:p420-7	p420-7	scripture	apparatus-explicit	Ps. 33, 9	Ps 33:9	A	verse		
bon-hex-c19	5	apparatus:p420-8	p420-8	scripture	apparatus-explicit	Ps. 103, 5	Ps 103:5	A	verse		
bon-hex-c19	5	apparatus:p420-8	p420-8	scripture	apparatus-explicit	I. Cor. 8, 1	1Cor 8:1	A	verse		
bon-hex-c19	5	apparatus:p420-9	p420-9	scripture	apparatus-explicit	Gen. 3, 5	Gen 3:5	A	verse		
bon-hex-c19	5	apparatus:p420-9	p420-9	crossref	logical	II. Sent. d. 5. a. 1. q. 1.	bon-sent-II-d5-a1-q1		chunk		
bon-hex-c19	5	apparatus:p421-1	p421-1	scripture	apparatus-explicit	Gen. 2, 15	Gen 2:15	A	verse		
bon-hex-c19	5	apparatus:p421-2	p421-2	scripture	anaphor->apparatus-explicit	ibid.	Gen 2:15	A	verse	yes	Gen. 2, 15
bon-hex-c19	5	apparatus:p421-3	p421-3	crossref	page	supra pag. 202, nota 10	bon-brev-prol-s1+bon-brev-prol		page-multi		
bon-hex-c19	5	apparatus:p421-5	p421-5	crossref	page	supra pag. 50, nota 7	tom5:p50		forward		
bon-hex-c19	5	apparatus:p421-6	p421-6	scripture	apparatus-explicit	Ioan. 2, 7	Ioan 2:7	A	verse		
bon-hex-c19	5	apparatus:p421-7	p421-7	scripture	apparatus-explicit	Act. 22, 3	Act 22:3	A	verse		
bon-hex-c19	5	apparatus:p421-8	p421-8	scripture	apparatus-explicit	Rom. 10, 16	Rom 10:16	A	verse		
bon-hex-c19	5	apparatus:p422-1	p422-1	scripture	apparatus-explicit	I. Cor. 1, 12	1Cor 1:12	A	verse		
bon-hex-c19	5	apparatus:p422-3	p422-3	scripture	apparatus-explicit	Matth. 6, 21	Matth 6:21	A	verse		
bon-hex-c19	5	apparatus:p422-4	p422-4	scripture	apparatus-explicit	Iudic. 7, 4	Iudic 7:4	A	verse		
bon-hex-c19	5	apparatus:p422-5	p422-5	scripture	apparatus-explicit	Isai. 59, 5	Isai 59:5	A	verse		
bon-hex-c19	5	apparatus:p422-6	p422-6	scripture	apparatus-explicit	Ioan. 2, 7	Ioan 2:7	A	verse		
bon-hex-c19	5	apparatus:p422-7	p422-7	scripture	apparatus-explicit	Act. 19, 19	Act 19:19	A	verse		
bon-hex-c19	5	apparatus:p422-7	p422-7	scripture	apparatus-explicit	Luc. 11, 11	Luc 11:11	A	verse		
bon-hex-c19	5	apparatus:p422-7	p422-7	scripture	apparatus-explicit	Matth. 4, 3	Matth 4:3	A	verse		
bon-hex-c19	5	apparatus:p422-8	p422-8	scripture	apparatus-explicit	Gen. 31, 19	Gen 31:19	A	verse		
bon-hex-c19	5	apparatus:p422-8	p422-8	scripture	apparatus-explicit	Ios. 3, 16	Ios 3:16	A	verse		
bon-hex-c19	5	apparatus:p422-8	p422-8	scripture	apparatus-explicit	Ps. 113, 3	Ps 113:3	A	verse		
bon-hex-c19	5	apparatus:p423-3	p423-3	scripture	apparatus-explicit	Levit. 11, 26	Lev 11:26	A	verse		
bon-hex-c19	5	apparatus:p423-3	p423-3	scripture	anaphor->apparatus-explicit	ibid.	Lev 11:26	A	verse	yes	Levit. 11, 26
bon-hex-c19	5	apparatus:p423-4	p423-4	scripture	apparatus-explicit	Psalm. 118, 103	Ps 118:103	A	verse		
bon-hex-c19	5	apparatus:p423-4	p423-4	scripture	apparatus-explicit	Sap. 8, 2	Sap 8:2	A	verse		
bon-hex-c19	5	apparatus:p423-4	p423-4	scripture	apparatus-explicit	Luc. 15, 16	Luc 15:16	A	verse		
bon-hex-c19	5	apparatus:p423-4	p423-4	scripture	apparatus-explicit	II. Reg. 14, 26	2Reg 14:26	A	verse		
bon-hex-c19	5	apparatus:p423-5	p423-5	scripture	apparatus-explicit	Exod. 16, 3	Exod 16:3	A	verse		
bon-hex-c19	5	apparatus:p423-5	p423-5	scripture	apparatus-explicit	Num. 11, 4	Num 11:4	A	verse		
bon-hex-c19	5	apparatus:p423-5	p423-5	scripture	anaphor->apparatus-explicit	ibid.	Num 11:4	A	verse	yes	Num. 11, 4
bon-hex-c19	5	apparatus:p423-5	p423-5	scripture	apparatus-explicit	Sap. 16, 20	Sap 16:20	A	verse		
bon-hex-c19	5	apparatus:p423-6	p423-6	scripture	apparatus-explicit	Rom. 12, 3	Rom 12:3	A	verse		
bon-hex-c19	5	apparatus:p423-6	p423-6	scripture	apparatus-explicit	Prov. 25, 16	Prov 25:16	A	verse		
bon-hex-c19	5	apparatus:p423-6	p423-6	scripture	apparatus-explicit	Isai. 6, 2	Isai 6:2	A	verse		
bon-hex-c19	5	apparatus:p423-10	p423-10	scripture	apparatus-explicit	Psalm. 76, 3	Ps 76:3	A	verse		
bon-hex-c19	5	apparatus:p423-11	p423-11	scripture	apparatus-explicit	Iac. 1, 26	Iac 1:26	A	verse		
bon-hex-c19	5	apparatus:p423-11	p423-11	scripture	apparatus-explicit	Eccli. 28, 28	Eccli 28:28	A	verse		
bon-hex-c19	5	apparatus:p423-11	p423-11	scripture	apparatus-explicit	Ps. 79, 13	Ps 79:13	A	verse		
bon-hex-c19	5	apparatus:p423-11	p423-11	scripture	apparatus-explicit	Isai. 5, 5	Isai 5:5	A	verse		
bon-hex-c19	5	apparatus:p424-1	p424-1	crossref	page	tom. I. pag. 343	bon-sent-I-d19-p1-a1-q1		chunk		
bon-hex-c19	5	apparatus:p424-1	p424-1	crossref	page	tom. II. pag. 129	bon-sent-II-d3-p2-dubia+bon-sent-II-d4-littera		page-multi		
bon-hex-c19	5	apparatus:p424-1	p424-1	crossref	page	ibid. pag. 164	bon-sent-II-d6-a2-q1		chunk		
bon-hex-c19	5	apparatus:p424-2	p424-2	crossref	page	tom. III. pag. 555, nota 7	bon-sent-III-d26-a1-q1+bon-sent-III-d26-divisio		page-multi		
bon-hex-c19	5	apparatus:p424-2	p424-2	crossref	page	pag. 556, nota 5	bon-sent-III-d26-a1-q1		chunk		
bon-hex-c19	5	apparatus:p424-2	p424-2	crossref	logical	III. Sent. d. 34. p. II. dub. 3.	bon-sent-III-d34-p2-dubia		chunk		
bon-hex-c19	5	apparatus:p424-3	p424-3	scripture	apparatus-explicit	Isai. 65, 20	Isai 65:20	A	verse		
bon-hex-c19	5	apparatus:p424-4	p424-4	scripture	apparatus-explicit	Eccli. 21, 26	Eccli 21:26	A	verse		
bon-hex-c19	5	apparatus:p424-5	p424-5	scripture	apparatus-explicit	Sap. 1, 5	Sap 1:5	A	verse		
bon-hex-c19	5	apparatus:p424-6	p424-6	scripture	apparatus-explicit	Phil. 3, 13	Phil 3:13	A	verse		
bon-hex-c19	5	apparatus:p424-6	p424-6	scripture	apparatus-explicit	Eccle. 2, 14	Eccle 2:14	A	verse		
bon-hex-c19	5	apparatus:p424-6	p424-6	scripture	anaphor->apparatus-explicit	ibid.	Eccle 2:14	A	verse	yes	Eccle. 2, 14
bon-hex-c19	5	apparatus:p424-6	p424-6	scripture	apparatus-explicit	Cant. 5, 16	Cant 5:16	A	verse		
bon-hex-c19	5	apparatus:p424-7	p424-7	crossref	page	tom. III. pag. 338	bon-sent-III-d15-a2-q1+bon-sent-III-d15-a2-q2		page-multi		
bon-hex-c2	5	latin_body	p336-1	scripture	body-ordinal	Ecclesiastici decimo quinto	Eccli 15:5	B	verse		
bon-hex-c2	5	latin_body		scripture	body-ordinal	Matthaei septimo	Matth 7	C	chapter		
bon-hex-c2	5	latin_body	p336-7	scripture	body-ordinal	Sapientiae septimo	Sap 7:26	B	verse		
bon-hex-c2	5	latin_body	p336-8	scripture	body-ordinal	Sapientiae sexto	Sap 6:18	B	verse		
bon-hex-c2	5	latin_body		scripture	body-ordinal	Sapientiae septimo	Sap 7	C	chapter		
bon-hex-c2	5	latin_body	p337-9	scripture	body-ordinal	Sapientiae sexto	Sap 6:13	B	verse		
bon-hex-c2	5	latin_body	p338-7	scripture	body-ordinal	Ioannis decimo quarto	Ioan 14:23	B	verse		
bon-hex-c2	5	latin_body	p340-9	scripture	body-ordinal	ad Corinthios secundo	Cor* 2:6	B	verse		
bon-hex-c2	5	apparatus:p336-3	p336-3	scripture	apparatus-explicit	Iac. 1, 17	Iac 1:17	A	verse		
bon-hex-c2	5	apparatus:p336-4	p336-4	scripture	apparatus-explicit	Matth. 7, 24	Matth 7:24	A	verse		
bon-hex-c2	5	apparatus:p336-5	p336-5	scripture	apparatus-explicit	Psalm. 80, 11	Ps 80:11	A	verse		
bon-hex-c2	5	apparatus:p336-5	p336-5	scripture	apparatus-explicit	I. Ioan. 4, 16	1Ioan 4:16	A	verse		
bon-hex-c2	5	apparatus:p337-1	p337-1	scripture	apparatus-explicit	Psalm. 118, 66	Ps 118:66	A	verse		
bon-hex-c2	5	apparatus:p337-3	p337-3	scripture	apparatus-explicit	I. Tim. 1, 5	1Tim 1:5	A	verse		
bon-hex-c2	5	apparatus:p337-3	p337-3	scripture	apparatus-explicit	I. Ioan. 4, 18	1Ioan 4:18	A	verse		
bon-hex-c2	5	apparatus:p337-4	p337-4	scripture	apparatus-explicit	Lev. 11, 45	Lev 11:45	A	verse		
bon-hex-c2	5	apparatus:p337-4	p337-4	scripture	apparatus-explicit	Isai. 6, 3	Isai 6:3	A	verse		
bon-hex-c2	5	apparatus:p337-5	p337-5	scripture	apparatus-explicit	Eccli. 27, 12	Eccli 27:12	A	verse		
bon-hex-c2	5	apparatus:p337-5	p337-5	scripture	apparatus-explicit	Sap. 7, 7-12	Sap 7:7-12	A	verse		
bon-hex-c2	5	apparatus:p337-6	p337-6	scripture	apparatus-explicit	III. Reg. 3, 9	3Reg 3:9	A	verse		
bon-hex-c2	5	apparatus:p337-6	p337-6	scripture	apparatus-explicit	Iac. 1, 5	Iac 1:5	A	verse		
bon-hex-c2	5	apparatus:p337-6	p337-6	scripture	apparatus-explicit	Sap. 8, 2	Sap 8:2	A	verse		
bon-hex-c2	5	apparatus:p337-7	p337-7	scripture	apparatus-explicit	III. Reg. 10, 24	3Reg 10:24	A	verse		
bon-hex-c2	5	apparatus:p337-7	p337-7	scripture	apparatus-explicit	Matth. 12, 42	Matth 12:42	A	verse		
bon-hex-c2	5	apparatus:p337-7	p337-7	scripture	apparatus-explicit	III. Reg. 10, 5	3Reg 10:5	A	verse		
bon-hex-c2	5	apparatus:p337-8	p337-8	crossref	page	supra pag. 330, nota 7	bon-hex-c1		chunk		
bon-hex-c2	5	apparatus:p337-9	p337-9	scripture	apparatus-explicit	Iac. 1, 17	Iac 1:17	A	verse		
bon-hex-c2	5	apparatus:p337-9	p337-9	scripture	apparatus-explicit	Sap. 6, 13	Sap 6:13	A	verse		
bon-hex-c2	5	apparatus:p338-1	p338-1	crossref	logical	III. Sent. d. 37. a. 2. q. 1.	bon-sent-III-d37-a2-q1		chunk		
bon-hex-c2	5	apparatus:p338-2	p338-2	crossref	page	supra pag. 303, nota 6	bon-itin-c2+bon-itin-c3		page-multi		
bon-hex-c2	5	apparatus:p338-2	p338-2	crossref	page	pag. 314	bon-itin-scholion		chunk		
bon-hex-c2	5	apparatus:p338-2	p338-2	crossref	logical	II. Sent. d. 1. p. I. a. 2. q. 2.	bon-sent-II-d1-p1-a2-q2		chunk		
bon-hex-c2	5	apparatus:p338-3	p338-3	scripture	apparatus-explicit	Sap. 6, 14	Sap 6:14	A	verse		
bon-hex-c2	5	apparatus:p338-4	p338-4	scripture	apparatus-explicit	Gal. 3, 19	Gal 3:19	A	verse		
bon-hex-c2	5	apparatus:p338-4	p338-4	scripture	apparatus-explicit	Eph. 3, 10	Eph 3:10	A	verse		
bon-hex-c2	5	apparatus:p338-4	p338-4	crossref	page	tom. II. pag. 118, nota 8	bon-sent-II-d3-p2-a2-q1		chunk		
bon-hex-c2	5	apparatus:p338-4	p338-4	crossref	page	tom. III. pag. 539, nota 4	bon-sent-III-d25-a1-q2		chunk		
bon-hex-c2	5	apparatus:p338-6	p338-6	scripture	apparatus-explicit	I. Cor. 13, 13	1Cor 13:13	A	verse		
bon-hex-c2	5	apparatus:p338-7	p338-7	crossref	work	Breviloq.	work:breviloquium		work		
bon-hex-c2	5	apparatus:p338-8	p338-8	crossref	anaphor->work	ibid.	work:breviloquium		work	yes	Breviloq.
bon-hex-c2	5	apparatus:p338-9	p338-9	scripture	apparatus-explicit	I. Cor. 10, 1-4	1Cor 10:1-4	A	verse		
bon-hex-c2	5	apparatus:p339-1	p339-1	scripture	apparatus-explicit	Gal. 4, 22-24	Gal 4:22-24	A	verse		
bon-hex-c2	5	apparatus:p339-2	p339-2	scripture	apparatus-explicit	Gen. 15, 5	Gen 15:5	A	verse		
bon-hex-c2	5	apparatus:p339-2	p339-2	scripture	apparatus-explicit	Iob 38, 33	Iob 38:33	A	verse		
bon-hex-c2	5	apparatus:p339-3	p339-3	scripture	apparatus-explicit	Gen. 18, 2	Gen 18:2	A	verse		
bon-hex-c2	5	apparatus:p339-3	p339-3	crossref	page	tom. III. pag. 209, nota 1	bon-sent-III-d9-a1-q4+bon-sent-III-d9-a1-q5		page-multi		
bon-hex-c2	5	apparatus:p339-3	p339-3	scripture	apparatus-explicit	Gen. 19, 1	Gen 19:1	A	verse		
bon-hex-c2	5	apparatus:p339-3	p339-3	scripture	apparatus-explicit	Gen. 19, 13	Gen 19:13	A	verse		
bon-hex-c2	5	apparatus:p339-3	p339-3	crossref	page	supra pag. 214, nota 8	bon-brev-p1-c5+bon-brev-p1-c6		page-multi		
bon-hex-c2	5	apparatus:p339-4	p339-4	crossref	work	Breviloq.	work:breviloquium		work		
bon-hex-c2	5	apparatus:p339-5	p339-5	crossref	work	Breviloq.	work:breviloquium		work		
bon-hex-c2	5	apparatus:p339-6	p339-6	scripture	apparatus-explicit	Cant. 1, 9	Cant 1:9	A	verse		
bon-hex-c2	5	apparatus:p339-7	p339-7	scripture	apparatus-explicit	Exod. 38, 8	Exod 38:8	A	verse		
bon-hex-c2	5	apparatus:p339-7	p339-7	scripture	apparatus-explicit	II. Cor. 3, 18	2Cor 3:18	A	verse		
bon-hex-c2	5	apparatus:p339-8	p339-8	scripture	apparatus-explicit	Rom. 12, 3	Rom 12:3	A	verse		
bon-hex-c2	5	apparatus:p339-8	p339-8	scripture	apparatus-explicit	II. Cor. 10, 5	2Cor 10:5	A	verse		
bon-hex-c2	5	apparatus:p339-8	p339-8	scripture	apparatus-explicit	Exod. 34, 30	Exod 34:30	A	verse		
bon-hex-c2	5	apparatus:p339-8	p339-8	scripture	apparatus-explicit	II. Cor. 3, 14	2Cor 3:14	A	verse		
bon-hex-c2	5	apparatus:p339-9	p339-9	scripture	anaphor->apparatus-explicit	ibid.	2Cor 3:14	A	verse	yes	II. Cor. 3, 14
bon-hex-c2	5	apparatus:p340-1	p340-1	scripture	apparatus-explicit	Prov. 1, 20	Prov 1:20	A	verse		
bon-hex-c2	5	apparatus:p340-2	p340-2	scripture	apparatus-explicit	Eccle. 7, 24	Eccle 7:24	A	verse		
bon-hex-c2	5	apparatus:p340-3	p340-3	scripture	apparatus-explicit	Sap. 11, 21	Sap 11:21	A	verse		
bon-hex-c2	5	apparatus:p340-3	p340-3	crossref	page	supra pag. 54, nota 7	tom5:p54		forward		
bon-hex-c2	5	apparatus:p340-3	p340-3	crossref	logical	I. Sent. d. 3. p. I. dub. 3.	bon-sent-I-d3-p1-dubia		chunk		
bon-hex-c2	5	apparatus:p340-4	p340-4	crossref	page	supra pag. 82, nota 5	tom5:p82		forward		
bon-hex-c2	5	apparatus:p340-5	p340-5	crossref	page	supra pag. 205, nota 7	bon-brev-prol-s3+bon-brev-prol-s4		page-multi		
bon-hex-c2	5	apparatus:p340-6	p340-6	scripture	apparatus-explicit	Exod. 3, 14	Exod 3:14	A	verse		
bon-hex-c2	5	apparatus:p340-6	p340-6	crossref	work	de mysterio Trinitatis	work:mysterio-trinitatis		work		
bon-hex-c2	5	apparatus:p340-6	p340-6	crossref	logical	I. Sent. d. 8. p. II. q. 1.	bon-sent-I-d8-p2-a1-q1		chunk		
bon-hex-c2	5	apparatus:p340-6	p340-6	crossref	logical	II. Sent. d. 3. p. I. a. 1. q. 1.	bon-sent-II-d3-p1-a1-q1		chunk		
bon-hex-c2	5	apparatus:p340-8	p340-8	crossref	page	supra pag. 289, nota 1	bon-brev-p7-c7		chunk		
bon-hex-c2	5	apparatus:p340-8	p340-8	crossref	page	tom. IV. pag. 188, nota 4	bon-sent-IV-d8-p1-dubia		chunk		
bon-hex-c2	5	apparatus:p340-9	p340-9	crossref	page	tom. II. pag. 241, nota 4	bon-sent-II-d9-a1-q1+bon-sent-II-d9-divisio		page-multi		
bon-hex-c2	5	apparatus:p341-1	p341-1	scripture	apparatus-explicit	Phil. 3, 12	Phil 3:12	A	verse		
bon-hex-c2	5	apparatus:p341-3	p341-3	crossref	logical	I. Sent. d. 1. a. 2. q. 1.	bon-sent-I-d1-a2-q1		chunk		
bon-hex-c2	5	apparatus:p341-3	p341-3	crossref	logical	IV. Sent. d. 49. p. I. q. 4.	bon-sent-IV-d49-p1-a1-q4		chunk		
bon-hex-c2	5	apparatus:p341-4	p341-4	scripture	apparatus-explicit	Eph. 3, 17	Eph 3:17	A	verse		
bon-hex-c2	5	apparatus:p341-5	p341-5	scripture	apparatus-explicit	Eph. 3, 20	Eph 3:20	A	verse		
bon-hex-c2	5	apparatus:p341-5	p341-5	scripture	apparatus-explicit	I. Cor. 2, 10	1Cor 2:10	A	verse		
bon-hex-c2	5	apparatus:p341-5	p341-5	scripture	apparatus-explicit	Cantic. 5, 2	Cant 5:2	A	verse		
bon-hex-c2	5	apparatus:p341-6	p341-6	scripture	apparatus-explicit	II. Cor. 12, 4	2Cor 12:4	A	verse		
bon-hex-c2	5	apparatus:p341-7	p341-7	scripture	apparatus-explicit	Sap. 7, 21	Sap 7:21	A	verse		
bon-hex-c2	5	apparatus:p341-7	p341-7	scripture	anaphor->apparatus-explicit	ibid.	Sap 7:21	A	verse	yes	Sap. 7, 21
bon-hex-c2	5	apparatus:p341-7	p341-7	scripture	apparatus-explicit	Exod. 8, 19	Exod 8:19	A	verse		
bon-hex-c2	5	apparatus:p341-9	p341-9	scripture	apparatus-explicit	Cant. 8, 6	Cant 8:6	A	verse		
bon-hex-c2	5	apparatus:p341-9	p341-9	scripture	apparatus-explicit	Exod. 33, 20	Exod 33:20	A	verse		
bon-hex-c2	5	apparatus:p341-10	p341-10	crossref	logical	II. Sent. d. 8. p. II. q. 2	bon-sent-II-d8-p2-a1-q2		chunk		
bon-hex-c2	5	apparatus:p341-10	p341-10	scripture	apparatus-explicit	Cant. 3, 5	Cant 3:5	A	verse		
bon-hex-c2	5	apparatus:p342-1	p342-1	scripture	apparatus-explicit	Cant. 3, 3	Cant 3:3	A	verse		
bon-hex-c2	5	apparatus:p342-1	p342-1	crossref	page	supra pag. 341, nota 2	bon-hex-c2		chunk		
bon-hex-c2	5	apparatus:p342-3	p342-3	scripture	apparatus-explicit	Cant. 6, 4	Cant 6:4	A	verse		
bon-hex-c2	5	apparatus:p342-3	p342-3	crossref	page	supra pag. 341, nota 2	bon-hex-c2		chunk		
bon-hex-c2	5	apparatus:p342-4	p342-4	crossref	page	supra pag. 341, nota 2	bon-hex-c2		chunk		
bon-hex-c2	5	apparatus:p342-5	p342-5	scripture	apparatus-explicit	III. Reg. 19, 11	3Reg 19:11	A	verse		
bon-hex-c2	5	apparatus:p342-5	p342-5	scripture	apparatus-explicit	Lev. 6, 12	Lev 6:12	A	verse		
bon-hex-c2	5	apparatus:p342-6	p342-6	scripture	apparatus-explicit	Exod. 24, 2	Exod 24:2	A	verse		
bon-hex-c2	5	apparatus:p342-7	p342-7	scripture	apparatus-explicit	Exod. 3, 1	Exod 3:1	A	verse		
bon-hex-c2	5	apparatus:p342-7	p342-7	scripture	apparatus-explicit	Iosue 1, 2	Ios 1:2	A	verse		
bon-hex-c20	5	apparatus:p425-1	p425-1	scripture	apparatus-explicit	Gen. 1, 14-19	Gen 1:14-19	A	verse		
bon-hex-c20	5	apparatus:p425-1	p425-1	scripture	apparatus-explicit	Dan. 1, 17	Dan 1:17	A	verse		
bon-hex-c20	5	apparatus:p425-2	p425-2	scripture	apparatus-explicit	Dan. 9, 23	Dan 9:23	A	verse		
bon-hex-c20	5	apparatus:p425-2	p425-2	crossref	page	supra pag. 296, nota 1	bon-itin-c1+bon-itin-capitula+bon-itin-prol		page-multi		
bon-hex-c20	5	apparatus:p425-2	p425-2	scripture	apparatus-explicit	Ps. 33, 9	Ps 33:9	A	verse		
bon-hex-c20	5	apparatus:p425-4	p425-4	crossref	page	supra pag. 392, nota 2	bon-hex-c13+bon-hex-c14		page-multi		
bon-hex-c20	5	apparatus:p426-1	p426-1	scripture	apparatus-explicit	Sap. 7, 24	Sap 7:24	A	verse		
bon-hex-c20	5	apparatus:p426-2	p426-2	scripture	apparatus-explicit	Deut. 6, 4	Deut 6:4	A	verse		
bon-hex-c20	5	apparatus:p426-2	p426-2	crossref	page	supra pag. 309, nota 7	bon-itin-c5		chunk		
bon-hex-c20	5	apparatus:p426-3	p426-3	scripture	apparatus-explicit	Matth. 5, 8	Matth 5:8	A	verse		
bon-hex-c20	5	apparatus:p426-3	p426-3	scripture	apparatus-explicit	Prov. 3, 32	Prov 3:32	A	verse		
bon-hex-c20	5	apparatus:p426-4	p426-4	crossref	page	supra pag. 37, nota 7	tom5:p37		forward		
bon-hex-c20	5	apparatus:p426-6	p426-6	crossref	anaphor->page	ibid.	tom5:p37		forward	yes	supra pag. 37, nota 7
bon-hex-c20	5	apparatus:p426-8	p426-8	crossref	page	supra pag. 301, nota 1	bon-itin-c2		chunk		
bon-hex-c20	5	apparatus:p427-1	p427-1	crossref	page	pag. 426, nota 1	bon-hex-c20		chunk		
bon-hex-c20	5	apparatus:p427-2	p427-2	scripture	apparatus-explicit	Exod. 23, 16	Exod 23:16	A	verse		
bon-hex-c20	5	apparatus:p427-3	p427-3	scripture	apparatus-explicit	Rom. 8, 26	Rom 8:26	A	verse		
bon-hex-c20	5	apparatus:p427-3	p427-3	scripture	apparatus-explicit	Isai. 33, 14	Isai 33:14	A	verse		
bon-hex-c20	5	apparatus:p427-4	p427-4	scripture	apparatus-explicit	I. Tim. 1, 5	1Tim 1:5	A	verse		
bon-hex-c20	5	apparatus:p427-4	p427-4	crossref	work	Breviloq. p. VII. c. 7.	bon-brev-p7-c7		chunk		
bon-hex-c20	5	apparatus:p427-4	p427-4	crossref	logical	IV. Sent. d. 49. p. I. q. 5.	bon-sent-IV-d49-p1-a1-q5		chunk		
bon-hex-c20	5	apparatus:p427-4	p427-4	crossref	page	supra pag. 391, nota 7	bon-hex-c13		chunk		
bon-hex-c20	5	apparatus:p427-5	p427-5	scripture	apparatus-explicit	III. Reg. 8, 12	3Reg 8:12	A	verse		
bon-hex-c20	5	apparatus:p427-5	p427-5	scripture	apparatus-explicit	Ps. 17, 12	Ps 17:12	A	verse		
bon-hex-c20	5	apparatus:p427-7	p427-7	scripture	apparatus-explicit	Gen. 1, 16	Gen 1:16	A	verse		
bon-hex-c20	5	apparatus:p427-7	p427-7	scripture	apparatus-explicit	Apoc. 21, 2	Apoc 21:2	A	verse		
bon-hex-c20	5	apparatus:p428-1	p428-1	scripture	apparatus-explicit	Rom. 6	Rom 6	C	chapter		
bon-hex-c20	5	apparatus:p428-1	p428-1	scripture	apparatus-explicit	Eph. 2, 5	Eph 2:5	A	verse		
bon-hex-c20	5	apparatus:p428-1	p428-1	scripture	apparatus-explicit	Col. 2, 12	Col 2:12	A	verse		
bon-hex-c20	5	apparatus:p428-1	p428-1	crossref	work	Breviloq.	work:breviloquium		work		
bon-hex-c20	5	apparatus:p428-2	p428-2	scripture	apparatus-explicit	Apoc. 5, 5	Apoc 5:5	A	verse		
bon-hex-c20	5	apparatus:p428-2	p428-2	scripture	apparatus-explicit	Luc. 23, 11	Luc 23:11	A	verse		
bon-hex-c20	5	apparatus:p428-2	p428-2	scripture	apparatus-explicit	Act. 12, 4	Act 12:4	A	verse		
bon-hex-c20	5	apparatus:p428-4	p428-4	scripture	apparatus-explicit	Eccli. 50, 6	Eccli 50:6	A	verse		
bon-hex-c20	5	apparatus:p428-4	p428-4	scripture	apparatus-explicit	Apoc. 2, 28	Apoc 2:28	A	verse		
bon-hex-c20	5	apparatus:p428-7	p428-7	scripture	apparatus-explicit	Exod. 4, 10	Exod 4:10	A	verse		
bon-hex-c20	5	apparatus:p428-7	p428-7	scripture	apparatus-explicit	Gen. 32, 24	Gen 32:24	A	verse		
bon-hex-c20	5	apparatus:p429-3	p429-3	scripture	apparatus-explicit	Cant. 6, 3	Cant 6:3	A	verse		
bon-hex-c20	5	apparatus:p429-6	p429-6	scripture	apparatus-explicit	Psalm. 83, 8	Ps 83:8	A	verse		
bon-hex-c20	5	apparatus:p429-6	p429-6	scripture	apparatus-explicit	Cant. 5, 2	Cant 5:2	A	verse		
bon-hex-c20	5	apparatus:p429-9	p429-9	scripture	apparatus-explicit	Psalm. 121, 1	Ps 121:1	A	verse		
bon-hex-c20	5	apparatus:p429-9	p429-9	scripture	apparatus-explicit	Luc. 10, 20	Luc 10:20	A	verse		
bon-hex-c20	5	apparatus:p429-9	p429-9	scripture	apparatus-explicit	Eccli. 24, 6	Eccli 24:6	A	verse		
bon-hex-c20	5	apparatus:p429-9	p429-9	scripture	apparatus-explicit	Ps. 8, 3	Ps 8:3	A	verse		
bon-hex-c20	5	apparatus:p430-3	p430-3	scripture	apparatus-explicit	Psalm. 17, 29	Ps 17:29	A	verse		
bon-hex-c20	5	apparatus:p430-3	p430-3	scripture	apparatus-explicit	Gen. 35, 16	Gen 35:16	A	verse		
bon-hex-c20	5	apparatus:p430-4	p430-4	scripture	apparatus-explicit	Gen. 9, 13	Gen 9:13	A	verse		
bon-hex-c20	5	apparatus:p430-4	p430-4	scripture	apparatus-explicit	Exod. 24, 3	Exod 24:3	A	verse		
bon-hex-c20	5	apparatus:p430-5	p430-5	scripture	apparatus-explicit	Apoc. 1, 12	Apoc 1:12	A	verse		
bon-hex-c20	5	apparatus:p430-6	p430-6	scripture	apparatus-explicit	Apoc. 7, 4-9	Apoc 7:4-9	A	verse		
bon-hex-c20	5	apparatus:p430-6	p430-6	scripture	anaphor->apparatus-explicit	ibid.	Apoc 7:4-9	A	verse	yes	Apoc. 7, 4-9
bon-hex-c20	5	apparatus:p430-7	p430-7	scripture	apparatus-explicit	Apoc. 3, 7	Apoc 3:7	A	verse		
bon-hex-c20	5	apparatus:p430-7	p430-7	scripture	anaphor->apparatus-explicit	ibid.	Apoc 3:7	A	verse	yes	Apoc. 3, 7
bon-hex-c20	5	apparatus:p430-7	p430-7	scripture	apparatus-explicit	Apoc. 1, 11	Apoc 1:11	A	verse		
bon-hex-c20	5	apparatus:p430-8	p430-8	scripture	apparatus-explicit	Ioan. 21, 22	Ioan 21:22	A	verse		
bon-hex-c20	5	apparatus:p430-9	p430-9	scripture	apparatus-explicit	Gen. 1, 26	Gen 1:26	A	verse		
bon-hex-c20	5	apparatus:p430-9	p430-9	scripture	apparatus-explicit	I. Cor. 1, 26	1Cor 1:26	A	verse		
bon-hex-c20	5	apparatus:p430-9	p430-9	scripture	apparatus-explicit	Iob 36, 6	Iob 36:6	A	verse		
bon-hex-c20	5	apparatus:p430-9	p430-9	scripture	apparatus-explicit	Luc. 22, 30	Luc 22:30	A	verse		
bon-hex-c20	5	apparatus:p431-1	p431-1	scripture	apparatus-explicit	Ios. 14, 8	Ios 14:8	A	verse		
bon-hex-c21	5	apparatus:p431-2	p431-2	scripture	apparatus-explicit	Gen. 1, 16	Gen 1:16	A	verse		
bon-hex-c21	5	apparatus:p431-3	p431-3	crossref	logical	I. Sent. d. 19. p. I. q. 4.	bon-sent-I-d19-p1-a1-q4		chunk		
bon-hex-c21	5	apparatus:p432-1	p432-1	scripture	apparatus-explicit	Gen. 1, 3	Gen 1:3	A	verse		
bon-hex-c21	5	apparatus:p432-2	p432-2	crossref	work	Breviloq. p. I. c. 6.	bon-brev-p1-c6		chunk		
bon-hex-c21	5	apparatus:p432-3	p432-3	crossref	page	supra pag. 215, nota 5	bon-brev-p1-c6+bon-brev-p1-c7		page-multi		
bon-hex-c21	5	apparatus:p432-6	p432-6	scripture	apparatus-explicit	Matth. 5, 17	Matth 5:17	A	verse		
bon-hex-c21	5	apparatus:p432-7	p432-7	scripture	apparatus-explicit	Exod. 20, 3	Exod 20:3	A	verse		
bon-hex-c21	5	apparatus:p432-7	p432-7	scripture	anaphor->apparatus-explicit	ibid.	Exod 20:3	A	verse	yes	Exod. 20, 3
bon-hex-c21	5	apparatus:p432-7	p432-7	crossref	logical	III. Sent. d. 37. a. 2. q. 1	bon-sent-III-d37-a2-q1		chunk		
bon-hex-c21	5	apparatus:p433-1	p433-1	scripture	apparatus-explicit	Eph. 4, 28	Eph 4:28	A	verse		
bon-hex-c21	5	apparatus:p433-2	p433-2	scripture	apparatus-explicit	Eph. 4, 25	Eph 4:25	A	verse		
bon-hex-c21	5	apparatus:p433-2	p433-2	scripture	apparatus-explicit	Rom. 7, 7	Rom 7:7	A	verse		
bon-hex-c21	5	apparatus:p433-2	p433-2	crossref	page	tom. II. pag. 528, nota 4	bon-sent-II-d22-dubia		chunk		
bon-hex-c21	5	apparatus:p433-2	p433-2	crossref	page	pag. 724, nota 2	bon-sent-II-d30-a2-q1+bon-sent-II-d30-a2-q2		page-multi		
bon-hex-c21	5	apparatus:p433-2	p433-2	scripture	apparatus-explicit	I. Tim. 6, 10	1Tim 6:10	A	verse		
bon-hex-c21	5	apparatus:p433-3	p433-3	scripture	apparatus-explicit	I. Tim. 1, 5	1Tim 1:5	A	verse		
bon-hex-c21	5	apparatus:p433-3	p433-3	scripture	apparatus-explicit	Tit. 2, 12	Tit 2:12	A	verse		
bon-hex-c21	5	apparatus:p433-4	p433-4	crossref	page	supra pag. 214, nota 9	bon-brev-p1-c5+bon-brev-p1-c6		page-multi		
bon-hex-c21	5	apparatus:p433-4	p433-4	crossref	work	Breviloq. p. VII. c. 7.	bon-brev-p7-c7		chunk		
bon-hex-c21	5	apparatus:p433-5	p433-5	scripture	apparatus-explicit	Col. 1, 18	Col 1:18	A	verse		
bon-hex-c21	5	apparatus:p433-6	p433-6	crossref	page	supra pag. 206, nota 8	bon-brev-prol-s4+bon-brev-prol-s5		page-multi		
bon-hex-c21	5	apparatus:p434-2	p434-2	crossref	logical	II. Sent. d. 9.	II:d9		distinctio		
bon-hex-c21	5	apparatus:p434-3	p434-3	crossref	logical	II. Sent. d. 1. p. I. a. 3. q. 2.	bon-sent-II-d1-p1-a3-q2		chunk		
bon-hex-c21	5	apparatus:p434-4	p434-4	scripture	apparatus-explicit	Ioan. 16, 28	Ioan 16:28	A	verse		
bon-hex-c21	5	apparatus:p434-6	p434-6	scripture	apparatus-explicit	I. Tim. 2, 5	1Tim 2:5	A	verse		
bon-hex-c21	5	apparatus:p434-6	p434-6	crossref	logical	III Sent. d. 2. dub. 4	bon-sent-III-d2-dubia		chunk		
bon-hex-c21	5	apparatus:p435-1	p435-1	crossref	page	supra pag. 62, nota 1	tom5:p62		forward		
bon-hex-c21	5	apparatus:p435-3	p435-3	crossref	page	supra pag. 338, nota 2	bon-hex-c2		chunk		
bon-hex-c21	5	apparatus:p435-4	p435-4	scripture	apparatus-explicit	Ps. 9, 5	Ps 9:5	A	verse		
bon-hex-c21	5	apparatus:p435-5	p435-5	scripture	apparatus-explicit	Isai. 6, 3	Isai 6:3	A	verse		
bon-hex-c21	5	apparatus:p435-7	p435-7	scripture	apparatus-explicit	Eccli. 43, 4	Eccli 43:4	A	verse		
bon-hex-c21	5	apparatus:p435-7	p435-7	scripture	apparatus-explicit	Cant. 2, 17	Cant 2:17	A	verse		
bon-hex-c21	5	apparatus:p435-8	p435-8	crossref	page	supra pag. 259, nota 8	bon-brev-p5-c6		chunk		
bon-hex-c21	5	apparatus:p436-1	p436-1	scripture	apparatus-explicit	Hebr. 1, 14	Hebr 1:14	A	verse		
bon-hex-c21	5	apparatus:p436-1	p436-1	crossref	page	tom. II. pag. 262, nota 5	bon-sent-II-d10-a1-q2		chunk		
bon-hex-c21	5	apparatus:p436-1	p436-1	crossref	page	supra pag. 225, nota 6	bon-brev-p2-c7+bon-brev-p2-c8		page-multi		
bon-hex-c21	5	apparatus:p436-3	p436-3	crossref	logical	II. Sent. d. 9.	II:d9		distinctio		
bon-hex-c21	5	apparatus:p436-5	p436-5	crossref	anaphor->logical	loc. cit.	II:d9		distinctio	yes	II. Sent. d. 9.
bon-hex-c21	5	apparatus:p436-6	p436-6	crossref	page	tom. I. pag. 564, nota 7	bon-sent-I-d32-a2-q2		chunk		
bon-hex-c21	5	apparatus:p436-6	p436-6	crossref	page	tom. II. pag. 671, nota 6	bon-sent-II-d27-dubia		chunk		
bon-hex-c22	5	apparatus:p437-2	p437-2	scripture	apparatus-explicit	Apoc. 12, 1	Apoc 12:1	A	verse		
bon-hex-c22	5	apparatus:p438-1	p438-1	scripture	apparatus-explicit	Gal. 4, 26	Gal 4:26	A	verse		
bon-hex-c22	5	apparatus:p438-3	p438-3	crossref	page	pag. 195, nota 7	tom5:p195		forward		
bon-hex-c22	5	apparatus:p438-5	p438-5	scripture	apparatus-explicit	Psalm. 126, 4	Ps 126:4	A	verse		
bon-hex-c22	5	apparatus:p438-5	p438-5	crossref	page	supra pag. 411, nota 6	bon-hex-c17		chunk		
bon-hex-c22	5	apparatus:p438-5	p438-5	scripture	apparatus-explicit	Ps. 44, 17	Ps 44:17	A	verse		
bon-hex-c22	5	apparatus:p438-6	p438-6	scripture	apparatus-explicit	Psalm. 44, 17	Ps 44:17	A	verse		
bon-hex-c22	5	apparatus:p438-7	p438-7	scripture	apparatus-explicit	Apoc. 6, 12	Apoc 6:12	A	verse		
bon-hex-c22	5	apparatus:p439-2	p439-2	scripture	apparatus-explicit	Matth. 3, 15	Matth 3:15	A	verse		
bon-hex-c22	5	apparatus:p439-3	p439-3	scripture	apparatus-explicit	III. Reg. 6, 36	3Reg 6:36	A	verse		
bon-hex-c22	5	apparatus:p439-4	p439-4	crossref	page	tom. IV. pag. 637, nota 8	bon-sent-IV-d24-p2-dubia		chunk		
bon-hex-c22	5	apparatus:p439-5	p439-5	scripture	apparatus-explicit	Luc. 12, 35	Luc 12:35	A	verse		
bon-hex-c22	5	apparatus:p439-5	p439-5	scripture	apparatus-explicit	Phil. 2, 15	Phil 2:15	A	verse		
bon-hex-c22	5	apparatus:p439-7	p439-7	crossref	logical	IV. Sent. d. 24. p. II. a. 2. q. 4.	bon-sent-IV-d24-p2-a2-q4		chunk		
bon-hex-c22	5	apparatus:p440-1	p440-1	crossref	logical	IV. Sent. d. 24. p. II. a. 2. q. 3.	bon-sent-IV-d24-p2-a2-q3		chunk		
bon-hex-c22	5	apparatus:p440-2	p440-2	scripture	apparatus-explicit	Tit. 1, 9	Tit 1:9	A	verse		
bon-hex-c22	5	apparatus:p440-3	p440-3	scripture	apparatus-explicit	Isai. 1, 26	Isai 1:26	A	verse		
bon-hex-c22	5	apparatus:p440-4	p440-4	scripture	apparatus-explicit	Isai. 1, 23	Isai 1:23	A	verse		
bon-hex-c22	5	apparatus:p440-5	p440-5	scripture	apparatus-explicit	Hebr. 5, 1	Hebr 5:1	A	verse		
bon-hex-c22	5	apparatus:p440-6	p440-6	scripture	apparatus-explicit	Exod. 3, 1	Exod 3:1	A	verse		
bon-hex-c22	5	apparatus:p440-7	p440-7	crossref	page	supra pag. 307, nota 2	bon-itin-c4		chunk		
bon-hex-c22	5	apparatus:p441-3	p441-3	scripture	apparatus-explicit	Cant. 6, 3	Cant 6:3	A	verse		
bon-hex-c22	5	apparatus:p441-3	p441-3	crossref	page	supra pag. 349, nota 9	bon-hex-c4		chunk		
bon-hex-c22	5	apparatus:p441-4	p441-4	scripture	apparatus-explicit	Gen. 28, 12	Gen 28:12	A	verse		
bon-hex-c22	5	apparatus:p441-5	p441-5	crossref	logical	III. Sent. d. 24. dub. 2.	bon-sent-III-d24-dubia		chunk		
bon-hex-c22	5	apparatus:p441-6	p441-6	crossref	logical	I. Sent. d. 1. a. 1. q. 1.	bon-sent-I-d1-a1-q1		chunk		
bon-hex-c22	5	apparatus:p441-7	p441-7	crossref	page	pag. 440, nota 7	bon-hex-c22		chunk		
bon-hex-c22	5	apparatus:p441-9	p441-9	scripture	apparatus-explicit	Ps. 132, 2	Ps 132:2	A	verse		
bon-hex-c22	5	apparatus:p441-9	p441-9	crossref	page	supra pag. 419, nota 4	bon-hex-c18+bon-hex-c19		page-multi		
bon-hex-c22	5	apparatus:p441-10	p441-10	scripture	apparatus-explicit	Matth. 10, 8	Matth 10:8	A	verse		
bon-hex-c22	5	apparatus:p442-1	p442-1	scripture	apparatus-explicit	Exod. 19, 17	Exod 19:17	A	verse		
bon-hex-c22	5	apparatus:p442-2	p442-2	scripture	apparatus-explicit	II. Cor. 6, 1	2Cor 6:1	A	verse		
bon-hex-c22	5	apparatus:p442-6	p442-6	crossref	page	supra pag. 300, nota 6	bon-itin-c2		chunk		
bon-hex-c22	5	apparatus:p442-6	p442-6	crossref	page	pag. 301, nota 3	bon-itin-c2		chunk		
bon-hex-c22	5	apparatus:p442-7	p442-7	scripture	apparatus-explicit	Gen. 3, 1	Gen 3:1	A	verse		
bon-hex-c22	5	apparatus:p442-7	p442-7	scripture	apparatus-explicit	Apoc. 22, 15	Apoc 22:15	A	verse		
bon-hex-c22	5	apparatus:p443-1	p443-1	scripture	apparatus-explicit	Ioan. 14, 30	Ioan 14:30	A	verse		
bon-hex-c22	5	apparatus:p443-1	p443-1	scripture	apparatus-explicit	I. Ioan. 2, 16	1Ioan 2:16	A	verse		
bon-hex-c22	5	apparatus:p443-3	p443-3	scripture	apparatus-explicit	Matth. 8, 9	Matth 8:9	A	verse		
bon-hex-c22	5	apparatus:p443-5	p443-5	scripture	apparatus-explicit	Ps. 37, 10	Ps 37:10	A	verse		
bon-hex-c22	5	apparatus:p443-5	p443-5	scripture	apparatus-explicit	Isai. 51, 17	Isai 51:17	A	verse		
bon-hex-c22	5	apparatus:p443-5	p443-5	scripture	apparatus-explicit	Baruch 5, 5	Baruch 5:5	A	verse		
bon-hex-c22	5	apparatus:p443-5	p443-5	scripture	apparatus-explicit	Isai. 60, 5	Isai 60:5	A	verse		
bon-hex-c22	5	apparatus:p443-6	p443-6	scripture	apparatus-explicit	I. Cor. 6, 17	1Cor 6:17	A	verse		
bon-hex-c22	5	apparatus:p443-7	p443-7	scripture	apparatus-explicit	Apoc. 12, 1	Apoc 12:1	A	verse		
bon-hex-c22	5	apparatus:p443-8	p443-8	crossref	page	supra pag. 221, nota 5	bon-brev-p2-c3+bon-brev-p2-c4		page-multi		
bon-hex-c22	5	apparatus:p443-9	p443-9	scripture	apparatus-explicit	Rom. 11, 33	Rom 11:33	A	verse		
bon-hex-c22	5	apparatus:p444-1	p444-1	scripture	apparatus-explicit	Matth. 17, 3	Matth 17:3	A	verse		
bon-hex-c22	5	apparatus:p444-2	p444-2	scripture	apparatus-explicit	Apoc. 11, 19	Apoc 11:19	A	verse		
bon-hex-c23	5	latin_body		crossref	relative-bare	ibid			unresolvable		
bon-hex-c23	5	apparatus:p444-3	p444-3	scripture	apparatus-explicit	Gen. 1, 16	Gen 1:16	A	verse		
bon-hex-c23	5	apparatus:p445-1	p445-1	scripture	apparatus-explicit	Eph. 1, 22	Eph 1:22	A	verse		
bon-hex-c23	5	apparatus:p445-1	p445-1	scripture	apparatus-explicit	Col. 1, 18	Col 1:18	A	verse		
bon-hex-c23	5	apparatus:p445-1	p445-1	scripture	apparatus-explicit	Rom. 12, 4	Rom 12:4	A	verse		
bon-hex-c23	5	apparatus:p445-1	p445-1	scripture	apparatus-explicit	I. Cor. 10, 17	1Cor 10:17	A	verse		
bon-hex-c23	5	apparatus:p445-1	p445-1	scripture	apparatus-explicit	Ps. 92, 1	Ps 92:1	A	verse		
bon-hex-c23	5	apparatus:p445-4	p445-4	scripture	apparatus-explicit	Apoc. 21, 10	Apoc 21:10	A	verse		
bon-hex-c23	5	apparatus:p445-4	p445-4	crossref	page	supra pag. 377, nota 3	bon-hex-c10		chunk		
bon-hex-c23	5	apparatus:p445-4	p445-4	crossref	anaphor->page	ibid.	bon-hex-c10		chunk	yes	supra pag. 377, nota 3
bon-hex-c23	5	apparatus:p445-5	p445-5	crossref	anaphor->page	ibid.	bon-hex-c10		chunk	yes	supra pag. 377, nota 3
bon-hex-c23	5	apparatus:p445-6	p445-6	crossref	page	supra pag. 399, nota 4	bon-hex-c15		chunk		
bon-hex-c23	5	apparatus:p445-6	p445-6	crossref	page	pag. 402, nota 3	bon-hex-c15		chunk		
bon-hex-c23	5	apparatus:p445-6	p445-6	scripture	apparatus-explicit	Gen. 41, 51	Gen 41:51	A	verse		
bon-hex-c23	5	apparatus:p445-7	p445-7	scripture	apparatus-explicit	Gen. 49, 5	Gen 49:5	A	verse		
bon-hex-c23	5	apparatus:p445-8	p445-8	scripture	apparatus-explicit	Apoc. 16, 12	Apoc 16:12	A	verse		
bon-hex-c23	5	apparatus:p445-8	p445-8	scripture	anaphor->apparatus-explicit	ibid.	Apoc 16:12	A	verse	yes	Apoc. 16, 12
bon-hex-c23	5	apparatus:p446-1	p446-1	crossref	page	supra pag. 414, nota 3	bon-hex-c17+bon-hex-c18		page-multi		
bon-hex-c23	5	apparatus:p446-1	p446-1	scripture	apparatus-explicit	Eph. 3, 18	Eph 3:18	A	verse		
bon-hex-c23	5	apparatus:p446-1	p446-1	scripture	apparatus-explicit	Apoc. 21, 16	Apoc 21:16	A	verse		
bon-hex-c23	5	apparatus:p446-2	p446-2	scripture	apparatus-explicit	Ioan. 6, 41	Ioan 6:41	A	verse		
bon-hex-c23	5	apparatus:p446-2	p446-2	scripture	apparatus-explicit	Sap. 7, 11	Sap 7:11	A	verse		
bon-hex-c23	5	apparatus:p446-6	p446-6	scripture	apparatus-explicit	Ierem. 31, 3	Ierem 31:3	A	verse		
bon-hex-c23	5	apparatus:p446-6	p446-6	scripture	apparatus-explicit	Eph. 1, 4	Eph 1:4	A	verse		
bon-hex-c23	5	apparatus:p446-6	p446-6	scripture	apparatus-explicit	I. Petr. 1, 20	1Petr 1:20	A	verse		
bon-hex-c23	5	apparatus:p446-6	p446-6	crossref	page	supra pag. 340, nota 3	bon-hex-c2		chunk		
bon-hex-c23	5	apparatus:p446-7	p446-7	scripture	apparatus-explicit	Cant. 4, 12	Cant 4:12	A	verse		
bon-hex-c23	5	apparatus:p446-7	p446-7	scripture	apparatus-explicit	Rom. 8, 35	Rom 8:35	A	verse		
bon-hex-c23	5	apparatus:p446-7	p446-7	crossref	logical	III. Sent. d. 31. a. 1. q. 1.	bon-sent-III-d31-a1-q1		chunk		
bon-hex-c23	5	apparatus:p446-7	p446-7	crossref	logical	IV. Sent. d. 14. p. II. a. 1. q. 1.	bon-sent-IV-d14-p2-a1-q1		chunk		
bon-hex-c23	5	apparatus:p446-8	p446-8	scripture	apparatus-explicit	Rom. 5, 5	Rom 5:5	A	verse		
bon-hex-c23	5	apparatus:p447-2	p447-2	scripture	apparatus-explicit	II. Cor. 12, 2	2Cor 12:2	A	verse		
bon-hex-c23	5	apparatus:p447-2	p447-2	scripture	apparatus-explicit	Ps. 85, 17	Ps 85:17	A	verse		
bon-hex-c23	5	apparatus:p447-3	p447-3	scripture	apparatus-explicit	Eph. 1, 13	Eph 1:13	A	verse		
bon-hex-c23	5	apparatus:p447-3	p447-3	scripture	apparatus-explicit	Rom. 8, 15	Rom 8:15	A	verse		
bon-hex-c23	5	apparatus:p447-3	p447-3	scripture	apparatus-explicit	II. Cor. 1, 22	2Cor 1:22	A	verse		
bon-hex-c23	5	apparatus:p447-4	p447-4	scripture	apparatus-explicit	Apoc. 14, 1	Apoc 14:1	A	verse		
bon-hex-c23	5	apparatus:p447-4	p447-4	scripture	apparatus-explicit	II. Tim. 2, 19	2Tim 2:19	A	verse		
bon-hex-c23	5	apparatus:p447-4	p447-4	scripture	anaphor->apparatus-explicit	ibid.	2Tim 2:19	A	verse	yes	II. Tim. 2, 19
bon-hex-c23	5	apparatus:p447-5	p447-5	scripture	apparatus-explicit	Apoc. 7, 2	Apoc 7:2	A	verse		
bon-hex-c23	5	apparatus:p447-6	p447-6	scripture	apparatus-explicit	Apoc. 21, 13	Apoc 21:13	A	verse		
bon-hex-c23	5	apparatus:p447-7	p447-7	crossref	page	supra pag. 402, nota 3	bon-hex-c15		chunk		
bon-hex-c23	5	apparatus:p447-7	p447-7	scripture	apparatus-explicit	Gen. 29, 35	Gen 29:35	A	verse		
bon-hex-c23	5	apparatus:p447-8	p447-8	scripture	apparatus-explicit	Apoc. 7, 5	Apoc 7:5	A	verse		
bon-hex-c23	5	apparatus:p447-8	p447-8	scripture	apparatus-explicit	Gen. 29, 32	Gen 29:32	A	verse		
bon-hex-c23	5	apparatus:p447-9	p447-9	scripture	apparatus-explicit	Lev. 10, 9	Lev 10:9	A	verse		
bon-hex-c23	5	apparatus:p447-10	p447-10	scripture	apparatus-explicit	Apoc. 7, 5	Apoc 7:5	A	verse		
bon-hex-c23	5	apparatus:p447-10	p447-10	scripture	anaphor->apparatus-explicit	loc. cit.	Apoc 7:5	A	verse	yes	Apoc. 7, 5
bon-hex-c23	5	apparatus:p447-10	p447-10	scripture	apparatus-explicit	Gen. 30, 11	Gen 30:11	A	verse		
bon-hex-c23	5	apparatus:p447-10	p447-10	scripture	anaphor->apparatus-explicit	loc. cit.	Gen 30:11	A	verse	yes	Gen. 30, 11
bon-hex-c23	5	apparatus:p447-10	p447-10	scripture	apparatus-explicit	Gen. 30, 9-11	Gen 30:9-11	A	verse		
bon-hex-c23	5	apparatus:p447-10	p447-10	scripture	apparatus-explicit	Gen. 49, 19	Gen 49:19	A	verse		
bon-hex-c23	5	apparatus:p448-1	p448-1	scripture	apparatus-explicit	Apoc. 7, 6	Apoc 7:6	A	verse		
bon-hex-c23	5	apparatus:p448-1	p448-1	scripture	apparatus-explicit	Gen. 30, 12	Gen 30:12	A	verse		
bon-hex-c23	5	apparatus:p448-2	p448-2	scripture	apparatus-explicit	Apoc. 7, 6	Apoc 7:6	A	verse		
bon-hex-c23	5	apparatus:p448-2	p448-2	scripture	apparatus-explicit	Gen. 30, 7	Gen 30:7	A	verse		
bon-hex-c23	5	apparatus:p448-3	p448-3	scripture	apparatus-explicit	Apoc. 7, 6	Apoc 7:6	A	verse		
bon-hex-c23	5	apparatus:p448-3	p448-3	scripture	apparatus-explicit	Gen. 41, 51	Gen 41:51	A	verse		
bon-hex-c23	5	apparatus:p448-4	p448-4	scripture	apparatus-explicit	Psalm. 44, 11	Ps 44:11	A	verse		
bon-hex-c23	5	apparatus:p448-6	p448-6	scripture	apparatus-explicit	Apoc. 7, 7	Apoc 7:7	A	verse		
bon-hex-c23	5	apparatus:p448-6	p448-6	scripture	apparatus-explicit	Gen. 29, 33	Gen 29:33	A	verse		
bon-hex-c23	5	apparatus:p448-6	p448-6	scripture	apparatus-explicit	Luc. 2, 25	Luc 2:25	A	verse		
bon-hex-c23	5	apparatus:p448-7	p448-7	scripture	apparatus-explicit	Apoc. 7, 7	Apoc 7:7	A	verse		
bon-hex-c23	5	apparatus:p448-7	p448-7	scripture	apparatus-explicit	Gen. 29, 34	Gen 29:34	A	verse		
bon-hex-c23	5	apparatus:p448-7	p448-7	scripture	apparatus-explicit	Exod. 32, 26	Exod 32:26	A	verse		
bon-hex-c23	5	apparatus:p448-7	p448-7	scripture	apparatus-explicit	Num. 25, 7	Num 25:7	A	verse		
bon-hex-c23	5	apparatus:p448-8	p448-8	scripture	apparatus-explicit	Exod. 32, 19	Exod 32:19	A	verse		
bon-hex-c23	5	apparatus:p448-8	p448-8	scripture	apparatus-explicit	I. Reg. 4, 11	1Reg 4:11	A	verse		
bon-hex-c23	5	apparatus:p448-8	p448-8	scripture	apparatus-explicit	Eccli. 42, 14	Eccli 42:14	A	verse		
bon-hex-c23	5	apparatus:p448-9	p448-9	scripture	apparatus-explicit	Ioan. 2, 14	Ioan 2:14	A	verse		
bon-hex-c23	5	apparatus:p448-9	p448-9	scripture	apparatus-explicit	Prov. 14, 29	Prov 14:29	A	verse		
bon-hex-c23	5	apparatus:p448-9	p448-9	scripture	apparatus-explicit	Ioan. 19, 15	Ioan 19:15	A	verse		
bon-hex-c23	5	apparatus:p448-10	p448-10	scripture	apparatus-explicit	Apoc. 7, 7	Apoc 7:7	A	verse		
bon-hex-c23	5	apparatus:p448-10	p448-10	scripture	apparatus-explicit	Gen. 49, 14	Gen 49:14	A	verse		
bon-hex-c23	5	apparatus:p448-10	p448-10	scripture	apparatus-explicit	Matth. 5, 11	Matth 5:11	A	verse		
bon-hex-c23	5	apparatus:p449-1	p449-1	crossref	page	supra pag. 313, nota 3	bon-itin-c7+bon-itin-scholion		page-multi		
bon-hex-c23	5	apparatus:p449-2	p449-2	scripture	apparatus-explicit	Ps. 90, 9	Ps 90:9	A	verse		
bon-hex-c23	5	apparatus:p449-2	p449-2	scripture	apparatus-explicit	Prov. 18, 10	Prov 18:10	A	verse		
bon-hex-c23	5	apparatus:p449-2	p449-2	scripture	apparatus-explicit	Iac. 1, 17	Iac 1:17	A	verse		
bon-hex-c23	5	apparatus:p449-2	p449-2	scripture	apparatus-explicit	Ps. 30, 2	Ps 30:2	A	verse		
bon-hex-c23	5	apparatus:p449-4	p449-4	scripture	apparatus-explicit	Gen. 49, 22	Gen 49:22	A	verse		
bon-hex-c23	5	apparatus:p449-4	p449-4	scripture	apparatus-explicit	Eccli. 49, 17	Eccli 49:17	A	verse		
bon-hex-c23	5	apparatus:p449-5	p449-5	crossref	page	supra pag. 430, nota 7	bon-hex-c20		chunk		
bon-hex-c23	5	apparatus:p449-5	p449-5	scripture	apparatus-explicit	Apoc. 3, 7	Apoc 3:7	A	verse		
bon-hex-c23	5	apparatus:p449-6	p449-6	scripture	apparatus-explicit	Apoc. 7, 8	Apoc 7:8	A	verse		
bon-hex-c23	5	apparatus:p449-6	p449-6	scripture	apparatus-explicit	Gen. 35, 18	Gen 35:18	A	verse		
bon-hex-c23	5	apparatus:p449-6	p449-6	scripture	apparatus-explicit	Deut. 33, 12	Deut 33:12	A	verse		
bon-hex-c23	5	apparatus:p449-7	p449-7	crossref	page	supra pag. 383, nota 5	bon-hex-c11		chunk		
bon-hex-c23	5	apparatus:p449-8	p449-8	scripture	apparatus-explicit	Apoc. 2, 17	Apoc 2:17	A	verse		
bon-hex-c23	5	apparatus:p449-8	p449-8	scripture	anaphor->apparatus-explicit	ibid.	Apoc 2:17	A	verse	yes	Apoc. 2, 17
bon-hex-c23	5	apparatus:p449-8	p449-8	crossref	page	supra pag. 419, nota 5	bon-hex-c18+bon-hex-c19		page-multi		
bon-hex-c23	5	apparatus:p449-9	p449-9	scripture	apparatus-explicit	Cant. 3, 9	Cant 3:9	A	verse		
bon-hex-c23	5	apparatus:51	51	scripture	apparatus-explicit	Sap. 7, 24	Sap 7:24	A	verse		
bon-hex-c3	5	latin_body		scripture	body-ordinal	Ioannis primo	Ioan 1	C	chapter		
bon-hex-c3	5	latin_body		scripture	body-ordinal	ad Hebraeos quarto	Hebr 4	C	chapter		
bon-hex-c3	5	apparatus:p343-1	p343-1	scripture	apparatus-explicit	Eccli. 15, 5	Eccli 15:5	A	verse		
bon-hex-c3	5	apparatus:p343-3	p343-3	scripture	apparatus-explicit	Eccli. 15, 3	Eccli 15:3	A	verse		
bon-hex-c3	5	apparatus:p343-3	p343-3	scripture	apparatus-explicit	Ioan. 4, 14	Ioan 4:14	A	verse		
bon-hex-c3	5	apparatus:p343-4	p343-4	scripture	apparatus-explicit	Psalm. 41, 3	Ps 41:3	A	verse		
bon-hex-c3	5	apparatus:p343-5	p343-5	scripture	apparatus-explicit	Rom. 1, 20	Rom 1:20	A	verse		
bon-hex-c3	5	apparatus:p343-5	p343-5	scripture	apparatus-explicit	Ioan. 1, 3	Ioan 1:3	A	verse		
bon-hex-c3	5	apparatus:p343-5	p343-5	crossref	logical	II. Sent. d. 1. p. I. a. 2. q. 2.	bon-sent-II-d1-p1-a2-q2		chunk		
bon-hex-c3	5	apparatus:p343-5	p343-5	crossref	page	tom. I. pag. 168, nota 4	bon-sent-I-d8-p2-a1-q1+bon-sent-I-d8-p2-a1-q2		page-multi		
bon-hex-c3	5	apparatus:p343-7	p343-7	crossref	logical	I. Sent. d. 27. p. II. q. 1.	bon-sent-I-d27-p2-a1-q1		chunk		
bon-hex-c3	5	apparatus:p344-1	p344-1	scripture	apparatus-explicit	Gen. 1, 3	Gen 1:3	A	verse		
bon-hex-c3	5	apparatus:p344-1	p344-1	crossref	page	supra pag. 323, nota 3	bon-red		chunk		
bon-hex-c3	5	apparatus:p344-1	p344-1	crossref	page	tom. I. pag. 482, nota 4	bon-sent-I-d27-p2-a1-q1+bon-sent-I-d27-p2-a1-q2		page-multi		
bon-hex-c3	5	apparatus:p344-1	p344-1	crossref	page	Ibid. pag. 484, nota 3	bon-sent-I-d27-p2-a1-q1+bon-sent-I-d27-p2-a1-q2		page-multi		
bon-hex-c3	5	apparatus:p344-1	p344-1	crossref	page	supra pag. 87, nota 1	tom5:p87		forward		
bon-hex-c3	5	apparatus:p344-2	p344-2	crossref	page	tom. I. pag. 447, nota 2	bon-sent-I-d25-dubia+bon-sent-I-d26-littera		page-multi		
bon-hex-c3	5	apparatus:p344-2	p344-2	crossref	page	supra pag. 12, nota 8	tom5:p12		forward		
bon-hex-c3	5	apparatus:p344-3	p344-3	crossref	logical	I. Sent. d. 8. p. I. a. 2. q. 1.	bon-sent-I-d8-p1-a2-q1		chunk		
bon-hex-c3	5	apparatus:p344-3	p344-3	crossref	logical	II. Sent. d. 1. p. I. a. 1. q. 2.	bon-sent-II-d1-p1-a1-q2		chunk		
bon-hex-c3	5	apparatus:p344-5	p344-5	crossref	page	tom. I. pag. 707, nota 5	bon-sent-I-d40-a2-q1		chunk		
bon-hex-c3	5	apparatus:p345-1	p345-1	crossref	anaphor->page	ibid.	bon-sent-I-d40-a2-q1		chunk	yes	tom. I. pag. 707, nota 5
bon-hex-c3	5	apparatus:p345-1	p345-1	scripture	apparatus-explicit	Ps. 148, 5	Ps 148:5	A	verse		
bon-hex-c3	5	apparatus:p345-2	p345-2	scripture	apparatus-explicit	Ioan. 1, 14	Ioan 1:14	A	verse		
bon-hex-c3	5	apparatus:p345-4	p345-4	scripture	apparatus-explicit	Exod. 25, 20	Exod 25:20	A	verse		
bon-hex-c3	5	apparatus:p345-5	p345-5	scripture	apparatus-explicit	Isai. 9, 6	Isai 9:6	A	verse		
bon-hex-c3	5	apparatus:p345-7	p345-7	scripture	apparatus-explicit	Eccli. 43, 12	Eccli 43:12	A	verse		
bon-hex-c3	5	apparatus:p345-7	p345-7	scripture	apparatus-explicit	Isai. 38, 8	Isai 38:8	A	verse		
bon-hex-c3	5	apparatus:p345-7	p345-7	scripture	apparatus-explicit	IV. Reg. 20, 11	4Reg 20:11	A	verse		
bon-hex-c3	5	apparatus:p345-8	p345-8	scripture	apparatus-explicit	Matth. 21, 9	Matth 21:9	A	verse		
bon-hex-c3	5	apparatus:p345-8	p345-8	scripture	apparatus-explicit	Exod. 3, 1-3	Exod 3:1-3	A	verse		
bon-hex-c3	5	apparatus:p345-9	p345-9	scripture	apparatus-explicit	Ioan. 1, 12	Ioan 1:12	A	verse		
bon-hex-c3	5	apparatus:p345-9	p345-9	crossref	logical	III. Sent. d. 2. a. 3. q. 1.	bon-sent-III-d2-a3-q1		chunk		
bon-hex-c3	5	apparatus:p345-10	p345-10	scripture	apparatus-explicit	Psalm. 146, 5	Ps 146:5	A	verse		
bon-hex-c3	5	apparatus:p345-10	p345-10	crossref	logical	III. Sent. d. 14. a. 2. q. 3.	bon-sent-III-d14-a2-q3		chunk		
bon-hex-c3	5	apparatus:p345-10	p345-10	scripture	apparatus-explicit	Hebr. 4, 12	Hebr 4:12	A	verse		
bon-hex-c3	5	apparatus:p345-11	p345-11	scripture	apparatus-explicit	I. Ioan. 2, 1	1Ioan 2:1	A	verse		
bon-hex-c3	5	apparatus:p346-1	p346-1	scripture	apparatus-explicit	Psalm. 44, 3	Ps 44:3	A	verse		
bon-hex-c3	5	apparatus:p346-1	p346-1	scripture	apparatus-explicit	Ps. 71, 17	Ps 71:17	A	verse		
bon-hex-c3	5	apparatus:p346-2	p346-2	scripture	apparatus-explicit	Ioan. 1, 14	Ioan 1:14	A	verse		
bon-hex-c3	5	apparatus:p346-2	p346-2	crossref	logical	III. Sent. d. 13.	III:d13		distinctio		
bon-hex-c3	5	apparatus:p346-3	p346-3	scripture	apparatus-explicit	Sap. 7, 25	Sap 7:25	A	verse		
bon-hex-c3	5	apparatus:p346-3	p346-3	scripture	apparatus-explicit	Gen. 2, 10	Gen 2:10	A	verse		
bon-hex-c3	5	apparatus:p346-3	p346-3	scripture	apparatus-explicit	Eccli. 24, 35-40	Eccli 24:35-40	A	verse		
bon-hex-c3	5	apparatus:p346-3	p346-3	scripture	apparatus-explicit	Eccli. 1, 5	Eccli 1:5	A	verse		
bon-hex-c3	5	apparatus:p346-4	p346-4	scripture	apparatus-explicit	Ioan. 16, 33	Ioan 16:33	A	verse		
bon-hex-c3	5	apparatus:p346-4	p346-4	scripture	apparatus-explicit	Col. 1, 20	Col 1:20	A	verse		
bon-hex-c3	5	apparatus:p346-4	p346-4	scripture	apparatus-explicit	Ps. 23, 7	Ps 23:7	A	verse		
bon-hex-c3	5	apparatus:p346-5	p346-5	scripture	apparatus-explicit	Phil. 2, 10	Phil 2:10	A	verse		
bon-hex-c3	5	apparatus:p346-5	p346-5	scripture	apparatus-explicit	Isai. 63, 1	Isai 63:1	A	verse		
bon-hex-c3	5	apparatus:p346-6	p346-6	scripture	apparatus-explicit	Psalm. 124, 2	Ps 124:2	A	verse		
bon-hex-c3	5	apparatus:p346-7	p346-7	scripture	apparatus-explicit	Hab. 3, 11	Habac 3:11	A	verse		
bon-hex-c3	5	apparatus:p346-7	p346-7	scripture	apparatus-explicit	Ioan. 7, 39	Ioan 7:39	A	verse		
bon-hex-c3	5	apparatus:p346-8	p346-8	scripture	apparatus-explicit	Act. 2, 2	Act 2:2	A	verse		
bon-hex-c3	5	apparatus:p346-8	p346-8	crossref	page	supra pag. 225, nota 6	bon-brev-p2-c7+bon-brev-p2-c8		page-multi		
bon-hex-c3	5	apparatus:p346-9	p346-9	scripture	apparatus-explicit	Psalm. 67, 13	Ps 67:13	A	verse		
bon-hex-c3	5	apparatus:p346-9	p346-9	scripture	apparatus-explicit	Isai. 9, 3	Isai 9:3	A	verse		
bon-hex-c3	5	apparatus:p346-11	p346-11	scripture	apparatus-explicit	Ioan. 16, 23	Ioan 16:23	A	verse		
bon-hex-c3	5	apparatus:p346-11	p346-11	scripture	apparatus-explicit	Ps. 144, 16	Ps 144:16	A	verse		
bon-hex-c3	5	apparatus:p346-11	p346-11	scripture	apparatus-explicit	Ps. 35, 7	Ps 35:7	A	verse		
bon-hex-c3	5	apparatus:p347-1	p347-1	scripture	apparatus-explicit	Apoc. 3, 7	Apoc 3:7	A	verse		
bon-hex-c3	5	apparatus:p347-2	p347-2	scripture	apparatus-explicit	Dan. 1, 17	Dan 1:17	A	verse		
bon-hex-c3	5	apparatus:p347-2	p347-2	scripture	apparatus-explicit	Sap. 7, 25	Sap 7:25	A	verse		
bon-hex-c3	5	apparatus:p347-3	p347-3	crossref	page	supra pag. 260, nota 1	bon-brev-p5-c6+bon-brev-p5-c7		page-multi		
bon-hex-c3	5	apparatus:p347-3	p347-3	scripture	apparatus-explicit	Dan. 5, 6	Dan 5:6	A	verse		
bon-hex-c3	5	apparatus:p347-3	p347-3	scripture	anaphor->apparatus-explicit	ibid.	Dan 5:6	A	verse	yes	Dan. 5, 6
bon-hex-c3	5	apparatus:p347-3	p347-3	scripture	apparatus-explicit	Gen. 41, 1	Gen 41:1	A	verse		
bon-hex-c3	5	apparatus:p347-4	p347-4	crossref	work	Breviloq. p. II. c. 2	bon-brev-p2-c2		chunk		
bon-hex-c3	5	apparatus:p347-4	p347-4	crossref	work	de Reduct.	work:de-reductione		work		
bon-hex-c3	5	apparatus:p347-6	p347-6	scripture	apparatus-explicit	Gen. 1, 3	Gen 1:3	A	verse		
bon-hex-c3	5	apparatus:p347-6	p347-6	scripture	apparatus-explicit	Ps. 4, 7	Ps 4:7	A	verse		
bon-hex-c3	5	apparatus:p347-6	p347-6	scripture	apparatus-explicit	Gen. 1, 4	Gen 1:4	A	verse		
bon-hex-c3	5	apparatus:p347-7	p347-7	scripture	apparatus-explicit	Gen. 1, 6	Gen 1:6	A	verse		
bon-hex-c3	5	apparatus:p347-8	p347-8	scripture	apparatus-explicit	Gen. 1, 9	Gen 1:9	A	verse		
bon-hex-c3	5	apparatus:p347-9	p347-9	scripture	apparatus-explicit	Gen. 1, 14	Gen 1:14	A	verse		
bon-hex-c3	5	apparatus:p347-9	p347-9	scripture	apparatus-explicit	Apoc. 12, 1	Apoc 12:1	A	verse		
bon-hex-c3	5	apparatus:p347-10	p347-10	scripture	apparatus-explicit	Isai. 60, 5	Isai 60:5	A	verse		
bon-hex-c3	5	apparatus:p347-10	p347-10	scripture	apparatus-explicit	Exod. 24, 11	Exod 24:11	A	verse		
bon-hex-c3	5	apparatus:p347-11	p347-11	scripture	apparatus-explicit	Gen. 1, 20-23	Gen 1:20-23	A	verse		
bon-hex-c3	5	apparatus:p347-11	p347-11	crossref	logical	I. Sent. d. 38. a. 2. q. 1.	bon-sent-I-d38-a2-q1		chunk		
bon-hex-c3	5	apparatus:p347-11	p347-11	crossref	chain-continuation	d. 39. a. 2. q. 3.	bon-sent-I-d39-a2-q3		chunk		
bon-hex-c3	5	apparatus:p347-11	p347-11	crossref	chain-continuation	d. 40. a. 2. q. 1.	bon-sent-I-d40-a2-q1		chunk		
bon-hex-c3	5	apparatus:p348-1	p348-1	scripture	apparatus-explicit	Gen. 1, 26	Gen 1:26	A	verse		
bon-hex-c3	5	apparatus:p348-1	p348-1	scripture	apparatus-explicit	II. Cor. 12, 7	2Cor 12:7	A	verse		
bon-hex-c3	5	apparatus:p348-2	p348-2	scripture	apparatus-explicit	Rom. 1, 28	Rom 1:28	A	verse		
bon-hex-c3	5	apparatus:p348-2	p348-2	scripture	apparatus-explicit	II. Cor. 12, 7	2Cor 12:7	A	verse		
bon-hex-c3	5	apparatus:p348-3	p348-3	scripture	apparatus-explicit	Gal. 1	Gal 1	C	chapter		
bon-hex-c3	5	apparatus:p348-4	p348-4	scripture	apparatus-explicit	Luc. 23, 43	Luc 23:43	A	verse		
bon-hex-c3	5	apparatus:p348-4	p348-4	crossref	page	supra pag. 203, nota 8	bon-brev-prol-s1+bon-brev-prol-s2		page-multi		
bon-hex-c3	5	apparatus:p348-5	p348-5	scripture	apparatus-explicit	Ioan. 1, 18	Ioan 1:18	A	verse		
bon-hex-c3	5	apparatus:p348-5	p348-5	scripture	apparatus-explicit	Apoc. 3, 7	Apoc 3:7	A	verse		
bon-hex-c3	5	apparatus:p348-6	p348-6	crossref	page	supra pag. 226, nota 9	bon-brev-p2-c8+bon-brev-p2-c9		page-multi		
bon-hex-c3	5	apparatus:p348-7	p348-7	crossref	logical	II. Sent. d. 10. a. 2. q. 2.	bon-sent-II-d10-a2-q2		chunk		
bon-hex-c4	5	apparatus:p349-1	p349-1	scripture	apparatus-explicit	Gen. 1, 4	Gen 1:4	A	verse		
bon-hex-c4	5	apparatus:p349-2	p349-2	scripture	apparatus-explicit	Gen. 1, 31	Gen 1:31	A	verse		
bon-hex-c4	5	apparatus:p349-2	p349-2	scripture	anaphor->apparatus-explicit	ibid.	Gen 1:31	A	verse	yes	Gen. 1, 31
bon-hex-c4	5	apparatus:p349-2	p349-2	crossref	page	tom. III. pag. 528, nota 5	bon-sent-III-d24-a3-q2		chunk		
bon-hex-c4	5	apparatus:p349-3	p349-3	scripture	apparatus-explicit	Psalm. 4, 7	Ps 4:7	A	verse		
bon-hex-c4	5	apparatus:p349-4	p349-4	scripture	apparatus-explicit	Rom. 1, 22	Rom 1:22	A	verse		
bon-hex-c4	5	apparatus:p349-4	p349-4	scripture	apparatus-explicit	Exod. 10, 22	Exod 10:22	A	verse		
bon-hex-c4	5	apparatus:p349-5	p349-5	crossref	page	supra pag. 47, nota 11	tom5:p47		forward		
bon-hex-c4	5	apparatus:p349-6	p349-6	crossref	logical	IV. Sent. d. 14. p. II. a. 1. q. 1.	bon-sent-IV-d14-p2-a1-q1		chunk		
bon-hex-c4	5	apparatus:p349-6	p349-6	crossref	page	tom. I. pag. 707, nota 5	bon-sent-I-d40-a2-q1		chunk		
bon-hex-c4	5	apparatus:p349-8	p349-8	scripture	apparatus-explicit	Rom. 11, 36	Rom 11:36	A	verse		
bon-hex-c4	5	apparatus:p349-8	p349-8	crossref	page	supra pag. 19, nota 7	tom5:p19		forward		
bon-hex-c4	5	apparatus:p350-2	p350-2	crossref	page	tom. I. pag. 453, nota 6	bon-sent-I-d26-a1-q1		chunk		
bon-hex-c4	5	apparatus:p350-2	p350-2	crossref	logical	II. Sent. d. 1. p. I. a. 1. q. 1.	bon-sent-II-d1-p1-a1-q1		chunk		
bon-hex-c4	5	apparatus:p350-2	p350-2	crossref	page	supra pag. 304, nota 3	bon-itin-c3		chunk		
bon-hex-c4	5	apparatus:p350-3	p350-3	crossref	page	supra pag. 321, nota 4	bon-red		chunk		
bon-hex-c4	5	apparatus:p350-3	p350-3	crossref	logical	II. Sent. d. 18. a. 1. q. 3.	bon-sent-II-d18-a1-q3		chunk		
bon-hex-c4	5	apparatus:p350-4	p350-4	crossref	page	supra pag. 10, nota 8	tom5:p10		forward		
bon-hex-c4	5	apparatus:p350-4	p350-4	crossref	page	pag. 11, nota 1	tom5:p11		forward		
bon-hex-c4	5	apparatus:p350-6	p350-6	crossref	logical	II. Sent. d. 3. p. I. a. 1. q. 1.	bon-sent-II-d3-p1-a1-q1		chunk		
bon-hex-c4	5	apparatus:p350-6	p350-6	crossref	logical	II. Sent. d. 18. a. 1. q. 3	bon-sent-II-d18-a1-q3		chunk		
bon-hex-c4	5	apparatus:p351-4	p351-4	crossref	logical	II. Sent. d. 1. p. I. a. 1. q. 1.	bon-sent-II-d1-p1-a1-q1		chunk		
bon-hex-c4	5	apparatus:p351-4	p351-4	crossref	chain-continuation	d. 7. p. II. a. 2. q. 1.	bon-sent-II-d7-p2-a2-q1		chunk		
bon-hex-c4	5	apparatus:p351-7	p351-7	crossref	logical	I. Sent. d. 2. q. 4.	bon-sent-I-d2-a1-q4		chunk		
bon-hex-c4	5	apparatus:p352-5	p352-5	crossref	page	supra pag. 333, nota 7	bon-hex-c1		chunk		
bon-hex-c4	5	apparatus:p352-6	p352-6	crossref	page	tom. I. pag. 390, nota 6	bon-sent-I-d22-a1-q1+bon-sent-I-d22-divisio		page-multi		
bon-hex-c4	5	apparatus:p353-3	p353-3	crossref	anaphor->page	ibid.	bon-sent-I-d22-a1-q1+bon-sent-I-d22-divisio		page-multi	yes	tom. I. pag. 390, nota 6
bon-hex-c5	5	apparatus:p353-4	p353-4	scripture	apparatus-explicit	Gen. 1, 4	Gen 1:4	A	verse		
bon-hex-c5	5	apparatus:p354-1	p354-1	crossref	page	supra pag. 19, nota 7	tom5:p19		forward		
bon-hex-c5	5	apparatus:p354-3	p354-3	scripture	apparatus-explicit	Exod. 19, 3	Exod 19:3	A	verse		
bon-hex-c5	5	apparatus:p354-3	p354-3	scripture	apparatus-explicit	Hebr. 12, 20	Hebr 12:20	A	verse		
bon-hex-c5	5	apparatus:p354-3	p354-3	scripture	apparatus-explicit	Exod. 19, 13	Exod 19:13	A	verse		
bon-hex-c5	5	apparatus:p354-4	p354-4	scripture	anaphor->apparatus-explicit	ibid.	Exod 19:13	A	verse	yes	Exod. 19, 13
bon-hex-c5	5	apparatus:p354-7	p354-7	crossref	page	supra pag. 174, nota 3	tom5:p174		forward		
bon-hex-c5	5	apparatus:p354-9	p354-9	scripture	apparatus-explicit	Luc. 9, 3	Luc 9:3	A	verse		
bon-hex-c5	5	apparatus:p355-1	p355-1	crossref	page	tom. II. pag. 924, nota 5	bon-sent-II-d40-a1-q2+bon-sent-II-d40-a1-q3		page-multi		
bon-hex-c5	5	apparatus:p355-1	p355-1	crossref	page	pag. 107, nota 5	tom5:p107		forward		
bon-hex-c5	5	apparatus:p355-2	p355-2	crossref	logical	IV. Sent. d. 33. a. 2. q. 1.	bon-sent-IV-d33-a2-q1		chunk		
bon-hex-c5	5	apparatus:p355-4	p355-4	scripture	apparatus-explicit	IV. Reg. 5, 20	4Reg 5:20	A	verse		
bon-hex-c5	5	apparatus:p355-4	p355-4	scripture	apparatus-explicit	Act. 8, 17	Act 8:17	A	verse		
bon-hex-c5	5	apparatus:p355-6	p355-6	scripture	apparatus-explicit	Eccle. 7, 9	Eccle 7:9	A	verse		
bon-hex-c5	5	apparatus:p355-6	p355-6	scripture	apparatus-explicit	Prov. 16, 32	Prov 16:32	A	verse		
bon-hex-c5	5	apparatus:p355-7	p355-7	scripture	apparatus-explicit	Ezech. 1, 10	Ezech 1:10	A	verse		
bon-hex-c5	5	apparatus:p355-8	p355-8	scripture	apparatus-explicit	Ioan. 11, 33	Ioan 11:33	A	verse		
bon-hex-c5	5	apparatus:p355-8	p355-8	scripture	apparatus-explicit	Ioan. 2, 15	Ioan 2:15	A	verse		
bon-hex-c5	5	apparatus:p355-8	p355-8	scripture	apparatus-explicit	I. Mach. 2, 7	1Mach 2:7	A	verse		
bon-hex-c5	5	apparatus:p355-8	p355-8	scripture	apparatus-explicit	Ioan. 1, 29	Ioan 1:29	A	verse		
bon-hex-c5	5	apparatus:p355-8	p355-8	scripture	apparatus-explicit	Apoc. 5, 5	Apoc 5:5	A	verse		
bon-hex-c5	5	apparatus:p355-9	p355-9	scripture	apparatus-explicit	Matth. 5, 43	Matth 5:43	A	verse		
bon-hex-c5	5	apparatus:p355-9	p355-9	scripture	anaphor->apparatus-explicit	ibid.	Matth 5:43	A	verse	yes	Matth. 5, 43
bon-hex-c5	5	apparatus:p355-10	p355-10	scripture	apparatus-explicit	Rom. 12, 21	Rom 12:21	A	verse		
bon-hex-c5	5	apparatus:p355-10	p355-10	scripture	apparatus-explicit	I. Ioan. 5, 19	1Ioan 5:19	A	verse		
bon-hex-c5	5	apparatus:p355-12	p355-12	crossref	page	pag. 354, nota 5	bon-hex-c5		chunk		
bon-hex-c5	5	apparatus:p356-1	p356-1	crossref	logical	II. Sent. d. 24. p. I. a. 2. q. 1.	bon-sent-II-d24-p1-a2-q1		chunk		
bon-hex-c5	5	apparatus:p356-2	p356-2	crossref	page	supra pag. 120, nota 11	tom5:p120		forward		
bon-hex-c5	5	apparatus:p356-2	p356-2	crossref	anaphor->page	ibid.	tom5:p120		forward	yes	supra pag. 120, nota 11
bon-hex-c5	5	apparatus:p356-4	p356-4	crossref	logical	III. Sent. d. 33. q. 3.	bon-sent-III-d33-a1-q3		chunk		
bon-hex-c5	5	apparatus:p356-7	p356-7	crossref	anaphor->logical	ibid.	bon-sent-III-d33-a1-q3		chunk	yes	III. Sent. d. 33. q. 3.
bon-hex-c5	5	apparatus:p356-8	p356-8	scripture	apparatus-explicit	Psalm. 81, 1	Ps 81:1	A	verse		
bon-hex-c5	5	apparatus:p356-9	p356-9	scripture	apparatus-explicit	Hebr. 11, 4	Hebr 11:4	A	verse		
bon-hex-c5	5	apparatus:p356-9	p356-9	scripture	apparatus-explicit	Gen. 4, 3	Gen 4:3	A	verse		
bon-hex-c5	5	apparatus:p356-9	p356-9	scripture	apparatus-explicit	Gen. 8, 21	Gen 8:21	A	verse		
bon-hex-c5	5	apparatus:p356-11	p356-11	scripture	apparatus-explicit	Ps. 49, 14	Ps 49:14	A	verse		
bon-hex-c5	5	apparatus:p356-11	p356-11	scripture	anaphor->apparatus-explicit	ibid.	Ps 49:14	A	verse	yes	Ps. 49, 14
bon-hex-c5	5	apparatus:p357-1	p357-1	scripture	apparatus-explicit	Tob. 4, 16	Tob 4:16	A	verse		
bon-hex-c5	5	apparatus:p357-1	p357-1	scripture	apparatus-explicit	Matth. 7, 12	Matth 7:12	A	verse		
bon-hex-c5	5	apparatus:p357-1	p357-1	scripture	apparatus-explicit	Luc. 6, 31	Luc 6:31	A	verse		
bon-hex-c5	5	apparatus:p357-1	p357-1	scripture	anaphor->apparatus-explicit	ibid.	Luc 6:31	A	verse	yes	Luc. 6, 31
bon-hex-c5	5	apparatus:p357-3	p357-3	scripture	apparatus-explicit	Matth. 2, 3	Matth 2:3	A	verse		
bon-hex-c5	5	apparatus:p357-7	p357-7	scripture	apparatus-explicit	Rom. 1, 19	Rom 1:19	A	verse		
bon-hex-c5	5	apparatus:p357-8	p357-8	scripture	apparatus-explicit	Gen. 1, 4	Gen 1:4	A	verse		
bon-hex-c5	5	apparatus:p358-1	p358-1	crossref	page	supra pag. 230, nota 6	bon-brev-p2-c11+bon-brev-p2-c12		page-multi		
bon-hex-c5	5	apparatus:p358-2	p358-2	crossref	page	supra pag. 297, nota 9	bon-itin-c1		chunk		
bon-hex-c5	5	apparatus:p358-2	p358-2	crossref	page	pag. 300, nota 6	bon-itin-c2		chunk		
bon-hex-c5	5	apparatus:p358-2	p358-2	crossref	page	pag. 301, nota 3	bon-itin-c2		chunk		
bon-hex-c5	5	apparatus:p358-3	p358-3	crossref	page	tom. II. pag. 83, nota 1	bon-sent-II-d2-p2-a2-q4		chunk		
bon-hex-c5	5	apparatus:p358-4	p358-4	crossref	page	supra pag. 254, nota 2	bon-brev-p5-c2+bon-brev-p5-c3		page-multi		
bon-hex-c5	5	apparatus:p358-4	p358-4	crossref	work	Breviloq. p. II. c. 3.	bon-brev-p2-c3		chunk		
bon-hex-c5	5	apparatus:p358-5	p358-5	crossref	logical	II. Sent. d. 1. p. I. a. 2. q. 2.	bon-sent-II-d1-p1-a2-q2		chunk		
bon-hex-c5	5	apparatus:p359-2	p359-2	crossref	page	supra pag. 344, nota 5	bon-hex-c3		chunk		
bon-hex-c5	5	apparatus:p359-3	p359-3	crossref	page	tom. II. pag. 19, nota 1	bon-sent-II-d1-p1-a1-q1+bon-sent-II-d1-p1-a1-q2		page-multi		
bon-hex-c5	5	apparatus:p359-4	p359-4	crossref	page	supra pag. 304, nota 3	bon-itin-c3		chunk		
bon-hex-c5	5	apparatus:p359-6	p359-6	crossref	page	supra pag. 45, nota 6	tom5:p45		forward		
bon-hex-c5	5	apparatus:p359-6	p359-6	crossref	work	Breviloq. p. I. c. 6.	bon-brev-p1-c6		chunk		
bon-hex-c6	5	latin_body	p361-8	scripture	body-ordinal	Sapientiae septimo	Sap 7:25	B	verse		
bon-hex-c6	5	apparatus:p360-1	p360-1	scripture	apparatus-explicit	Gen. 1, 4	Gen 1:4	A	verse		
bon-hex-c6	5	apparatus:p360-3	p360-3	crossref	page	supra pag. 349, nota 7	bon-hex-c4		chunk		
bon-hex-c6	5	apparatus:p360-6	p360-6	crossref	anaphor->page	ibid.	bon-hex-c4		chunk	yes	supra pag. 349, nota 7
bon-hex-c6	5	apparatus:p361-1	p361-1	crossref	page	pag. 180	tom5:p180		forward		
bon-hex-c6	5	apparatus:p361-3	p361-3	crossref	page	supra pag. 351, nota 4	bon-hex-c4		chunk		
bon-hex-c6	5	apparatus:p361-3	p361-3	crossref	logical	II. Sent. d. 1. p. I. a. 1. q. 1.	bon-sent-II-d1-p1-a1-q1		chunk		
bon-hex-c6	5	apparatus:p361-5	p361-5	crossref	page	tom. II. pag. 22, nota 1	bon-sent-II-d1-p1-a1-q2		chunk		
bon-hex-c6	5	apparatus:p361-6	p361-6	scripture	apparatus-explicit	Apoc. 9, 1	Apoc 9:1	A	verse		
bon-hex-c6	5	apparatus:p361-6	p361-6	scripture	apparatus-explicit	Exod. 10, 22	Exod 10:22	A	verse		
bon-hex-c6	5	apparatus:p362-1	p362-1	crossref	page	supra pag. 301, nota 1	bon-itin-c2		chunk		
bon-hex-c6	5	apparatus:p362-2	p362-2	scripture	apparatus-explicit	Sap. 7, 30	Sap 7:30	A	verse		
bon-hex-c6	5	apparatus:p362-2	p362-2	crossref	page	supra pag. 310, nota 3	bon-itin-c5+bon-itin-c6		page-multi		
bon-hex-c6	5	apparatus:p362-3	p362-3	scripture	apparatus-explicit	Sap. 8, 1	Sap 8:1	A	verse		
bon-hex-c6	5	apparatus:p362-6	p362-6	authority	authority:Bernard.	III. Sent. d. 23. a. 1. q. 1.			excluded		
bon-hex-c6	5	apparatus:p362-6	p362-6	authority	authority:Bernard.	ibid.			excluded		
bon-hex-c6	5	apparatus:p362-6	p362-6	authority	anaphor->authority:Bernard.	loc. cit.			excluded	yes	ibid.
bon-hex-c6	5	apparatus:p362-8	p362-8	authority	anaphor->authority:Bernard.	ibid.			excluded	yes	ibid.
bon-hex-c6	5	apparatus:p362-8	p362-8	crossref	logical	III. Sent. d. 36	III:d36		distinctio		
bon-hex-c6	5	apparatus:p363-1	p363-1	crossref	page	tom. III. pag. 802, nota 1	bon-sent-III-d36-a1-q5		chunk		
bon-hex-c6	5	apparatus:p363-1	p363-1	scripture	apparatus-explicit	Num. 2, 3	Num 2:3	A	verse		
bon-hex-c6	5	apparatus:p363-3	p363-3	scripture	anaphor->apparatus-explicit	ibid.	Num 2:3	A	verse	yes	Num. 2, 3
bon-hex-c6	5	apparatus:p363-4	p363-4	crossref	page	supra pag. 221, nota 5	bon-brev-p2-c3+bon-brev-p2-c4		page-multi		
bon-hex-c6	5	apparatus:p363-5	p363-5	scripture	apparatus-explicit	Cant. 8, 6	Cant 8:6	A	verse		
bon-hex-c6	5	apparatus:p363-7	p363-7	crossref	logical	II. Sent. d. 17. a. 2. q. 3	bon-sent-II-d17-a2-q3		chunk		
bon-hex-c6	5	apparatus:p364-2	p364-2	crossref	page	pag. 13	tom5:p13		forward		
bon-hex-c7	5	apparatus:p365-1	p365-1	scripture	apparatus-explicit	Gen. 1, 4	Gen 1:4	A	verse		
bon-hex-c7	5	apparatus:p365-2	p365-2	crossref	page	supra pag. 361, nota 5	bon-hex-c6		chunk		
bon-hex-c7	5	apparatus:p365-2	p365-2	crossref	logical	II. Sent. d. 1. p. I. a. 1. q. 2.	bon-sent-II-d1-p1-a1-q2		chunk		
bon-hex-c7	5	apparatus:p365-3	p365-3	crossref	page	supra pag. 358, nota 5	bon-hex-c5		chunk		
bon-hex-c7	5	apparatus:p365-4	p365-4	crossref	logical	II. Sent. d. 24. p. I. a. 2. q. 4.	bon-sent-II-d24-p1-a2-q4		chunk		
bon-hex-c7	5	apparatus:p365-5	p365-5	crossref	page	supra pag. 364, nota 2	bon-hex-c6		chunk		
bon-hex-c7	5	apparatus:p365-5	p365-5	crossref	page	supra pag. 149, nota 8	tom5:p149		forward		
bon-hex-c7	5	apparatus:p366-2	p366-2	crossref	anaphor->page	ibid.	tom5:p149		forward	yes	supra pag. 149, nota 8
bon-hex-c7	5	apparatus:p366-3	p366-3	crossref	page	supra pag. 286, nota 5	bon-brev-p7-c4+bon-brev-p7-c5		page-multi		
bon-hex-c7	5	apparatus:p366-3	p366-3	crossref	page	pag. 289, nota 2	bon-brev-p7-c7		chunk		
bon-hex-c7	5	apparatus:p366-5	p366-5	crossref	anaphor->page	ibid.	bon-brev-p7-c7		chunk	yes	pag. 289, nota 2
bon-hex-c7	5	apparatus:p366-6	p366-6	crossref	page	tom. III. pag. 355, nota 7	bon-sent-III-d16-a2-q1+bon-sent-III-d16-a2-q2		page-multi		
bon-hex-c7	5	apparatus:p366-6	p366-6	crossref	page	pag. 356, nota 5	bon-sent-III-d16-a2-q2		chunk		
bon-hex-c7	5	apparatus:p366-7	p366-7	scripture	apparatus-explicit	Rom. 8, 18	Rom 8:18	A	verse		
bon-hex-c7	5	apparatus:p366-7	p366-7	crossref	logical	III. Sent. d. 26. a. 1. q. 1.	bon-sent-III-d26-a1-q1		chunk		
bon-hex-c7	5	apparatus:p366-8	p366-8	crossref	page	supra pag. 234, nota 4	bon-brev-p3-c4+bon-brev-p3-c5		page-multi		
bon-hex-c7	5	apparatus:p367-1	p367-1	scripture	apparatus-explicit	Gen. 3, 6	Gen 3:6	A	verse		
bon-hex-c7	5	apparatus:p367-1	p367-1	scripture	apparatus-explicit	Rom. 10, 17	Rom 10:17	A	verse		
bon-hex-c7	5	apparatus:p367-2	p367-2	scripture	apparatus-explicit	Rom. 1, 20	Rom 1:20	A	verse		
bon-hex-c7	5	apparatus:p367-3	p367-3	crossref	work	Breviloq. p. IV. c. 1.	bon-brev-p4-c1		chunk		
bon-hex-c7	5	apparatus:p367-4	p367-4	scripture	apparatus-explicit	Sap. 16, 12	Sap 16:12	A	verse		
bon-hex-c7	5	apparatus:p367-6	p367-6	scripture	apparatus-explicit	Eph. 5, 8	Eph 5:8	A	verse		
bon-hex-c7	5	apparatus:p367-7	p367-7	crossref	page	supra pag. 238, nota 4	bon-brev-p3-c10+bon-brev-p3-c9		page-multi		
bon-hex-c7	5	apparatus:p367-8	p367-8	scripture	apparatus-explicit	I. Tim. 1, 5	1Tim 1:5	A	verse		
bon-hex-c7	5	apparatus:p367-8	p367-8	crossref	logical	III. Sent. d. 36. q. 6.	bon-sent-III-d36-a1-q6		chunk		
bon-hex-c7	5	apparatus:p367-9	p367-9	scripture	apparatus-explicit	III. Reg. 6, 20	3Reg 6:20	A	verse		
bon-hex-c7	5	apparatus:p367-9	p367-9	scripture	apparatus-explicit	Exod. 30, 25	Exod 30:25	A	verse		
bon-hex-c7	5	apparatus:p367-10	p367-10	scripture	apparatus-explicit	Rom. 13, 12	Rom 13:12	A	verse		
bon-hex-c7	5	apparatus:p367-11	p367-11	scripture	apparatus-explicit	Gen. 2, 10	Gen 2:10	A	verse		
bon-hex-c7	5	apparatus:p368-1	p368-1	scripture	apparatus-explicit	Exod. 26, 1	Exod 26:1	A	verse		
bon-hex-c7	5	apparatus:p368-2	p368-2	scripture	apparatus-explicit	Apoc. 21, 16	Apoc 21:16	A	verse		
bon-hex-c7	5	apparatus:p368-2	p368-2	crossref	page	supra pag. 363, nota 1	bon-hex-c6		chunk		
bon-hex-c7	5	apparatus:p368-3	p368-3	scripture	apparatus-explicit	Apoc. 3, 1	Apoc 3:1	A	verse		
bon-hex-c7	5	apparatus:p368-3	p368-3	scripture	apparatus-explicit	Isai. 4, 1	Isai 4:1	A	verse		
bon-hex-c7	5	apparatus:p368-3	p368-3	scripture	apparatus-explicit	Matth. 15, 34	Matth 15:34	A	verse		
bon-hex-c7	5	apparatus:p368-3	p368-3	scripture	apparatus-explicit	Iob 38, 31	Iob 38:31	A	verse		
bon-hex-c7	5	apparatus:p368-5	p368-5	scripture	apparatus-explicit	Ioan. 6, 9	Ioan 6:9	A	verse		
bon-hex-c7	5	apparatus:p368-5	p368-5	scripture	apparatus-explicit	Ps. 80, 17	Ps 80:17	A	verse		
bon-hex-c7	5	apparatus:p368-5	p368-5	scripture	apparatus-explicit	Ps. 147, 3	Ps 147:3	A	verse		
bon-hex-c7	5	apparatus:p368-6	p368-6	scripture	apparatus-explicit	Exod. 15, 27	Exod 15:27	A	verse		
bon-hex-c7	5	apparatus:p368-6	p368-6	scripture	apparatus-explicit	Num. 33, 9	Num 33:9	A	verse		
bon-hex-c7	5	apparatus:p368-6	p368-6	scripture	apparatus-explicit	Exod. 28, 17-21	Exod 28:17-21	A	verse		
bon-hex-c7	5	apparatus:p368-6	p368-6	scripture	apparatus-explicit	Apoc. 21, 12	Apoc 21:12	A	verse		
bon-hex-c7	5	apparatus:p368-6	p368-6	scripture	anaphor->apparatus-explicit	ibid.	Apoc 21:12	A	verse	yes	Apoc. 21, 12
bon-hex-c7	5	apparatus:p368-7	p368-7	scripture	apparatus-explicit	Apoc. 4, 4	Apoc 4:4	A	verse		
bon-hex-c7	5	apparatus:p368-7	p368-7	scripture	apparatus-explicit	Apoc. 4, 8	Apoc 4:8	A	verse		
bon-hex-c8	5	latin_body	p370-7	scripture	body-ordinal	Isaiae sexto	Isai 6:1	B	verse		
bon-hex-c8	5	apparatus:p369-1	p369-1	scripture	apparatus-explicit	Gen. 1, 8	Gen 1:8	A	verse		
bon-hex-c8	5	apparatus:p369-3	p369-3	crossref	page	supra pag. 352, nota 3	bon-hex-c4		chunk		
bon-hex-c8	5	apparatus:p369-4	p369-4	scripture	apparatus-explicit	Eccli. 43, 10	Eccli 43:10	A	verse		
bon-hex-c8	5	apparatus:p369-5	p369-5	scripture	apparatus-explicit	Ioan. 14, 6	Ioan 14:6	A	verse		
bon-hex-c8	5	apparatus:p369-5	p369-5	scripture	anaphor->apparatus-explicit	ibid.	Ioan 14:6	A	verse	yes	Ioan. 14, 6
bon-hex-c8	5	apparatus:p369-7	p369-7	scripture	apparatus-explicit	Rom. 10, 10	Rom 10:10	A	verse		
bon-hex-c8	5	apparatus:p369-8	p369-8	scripture	apparatus-explicit	Hebr. 11, 1	Hebr 11:1	A	verse		
bon-hex-c8	5	apparatus:p369-8	p369-8	scripture	apparatus-explicit	Eccli. 43, 1	Eccli 43:1	A	verse		
bon-hex-c8	5	apparatus:p369-11	p369-11	scripture	apparatus-explicit	Eph. 3, 18	Eph 3:18	A	verse		
bon-hex-c8	5	apparatus:p370-2	p370-2	scripture	apparatus-explicit	Iob 11, 8	Iob 11:8	A	verse		
bon-hex-c8	5	apparatus:p370-3	p370-3	scripture	apparatus-explicit	Psalm. 138, 6	Ps 138:6	A	verse		
bon-hex-c8	5	apparatus:p370-4	p370-4	scripture	apparatus-explicit	Gen. 1, 6	Gen 1:6	A	verse		
bon-hex-c8	5	apparatus:p370-5	p370-5	crossref	page	supra pag. 347, nota 7	bon-hex-c3		chunk		
bon-hex-c8	5	apparatus:p370-5	p370-5	crossref	page	tom. III. pag. 773, nota 2	bon-sent-III-d35-a1-q1		chunk		
bon-hex-c8	5	apparatus:p370-7	p370-7	scripture	apparatus-explicit	Ioan. 12, 39	Ioan 12:39	A	verse		
bon-hex-c8	5	apparatus:p370-7	p370-7	scripture	apparatus-explicit	Isai. 6, 10	Isai 6:10	A	verse		
bon-hex-c8	5	apparatus:p370-9	p370-9	scripture	apparatus-explicit	Isai. 6, 2	Isai 6:2	A	verse		
bon-hex-c8	5	apparatus:p370-9	p370-9	scripture	apparatus-explicit	I. Ioan. 5, 7	1Ioan 5:7	A	verse		
bon-hex-c8	5	apparatus:p370-11	p370-11	scripture	apparatus-explicit	Psalm. 8, 2	Ps 8:2	A	verse		
bon-hex-c8	5	apparatus:p371-1	p371-1	scripture	apparatus-explicit	I. Ioan. 5, 8	1Ioan 5:8	A	verse		
bon-hex-c8	5	apparatus:p371-1	p371-1	scripture	apparatus-explicit	Lev. 17, 11	Lev 17:11	A	verse		
bon-hex-c8	5	apparatus:p371-1	p371-1	crossref	logical	III. Sent. d. 2. a. 3. q. 1.	bon-sent-III-d2-a3-q1		chunk		
bon-hex-c8	5	apparatus:p371-2	p371-2	crossref	page	supra pag. 205, nota 7	bon-brev-prol-s3+bon-brev-prol-s4		page-multi		
bon-hex-c8	5	apparatus:p371-3	p371-3	crossref	logical	I. Sent. d. 11. q. 1.	bon-sent-I-d11-a1-q1		chunk		
bon-hex-c8	5	apparatus:p371-3	p371-3	crossref	logical	I. Sent. d. 2. q. 2.	bon-sent-I-d2-a1-q2		chunk		
bon-hex-c8	5	apparatus:p371-4	p371-4	scripture	apparatus-explicit	Ioan. 5, 17	Ioan 5:17	A	verse		
bon-hex-c8	5	apparatus:p371-4	p371-4	crossref	work	Breviloq. p. I. c. 6.	bon-brev-p1-c6		chunk		
bon-hex-c8	5	apparatus:p371-5	p371-5	crossref	work	Breviloq. p. V. c. 7.	bon-brev-p5-c7		chunk		
bon-hex-c8	5	apparatus:p371-6	p371-6	scripture	apparatus-explicit	Exod. 28, 6	Exod 28:6	A	verse		
bon-hex-c9	5	latin_body	p372-3	scripture	body-ordinal	Ioannis quinto	Ioan 5:7	B	verse		
bon-hex-c9	5	latin_body	p373-7	scripture	body-ordinal	ad Hebraeos primo	Hebr 1:1	B	verse		
bon-hex-c9	5	latin_body	p374-3	scripture	body-ordinal	ad Corinthios duodecimo	Cor* 12:2	B	verse		
bon-hex-c9	5	latin_body		scripture	body-ordinal	Ecclesiastici vigesimo quarto	Eccli 24	C	chapter		
bon-hex-c9	5	latin_body	p376-9	scripture	body-ordinal	ad Thessalonicenses secundo	Thess* 2:11	B	verse		
bon-hex-c9	5	apparatus:p372-2	p372-2	scripture	apparatus-explicit	Gen. 1, 8	Gen 1:8	A	verse		
bon-hex-c9	5	apparatus:p372-3	p372-3	scripture	apparatus-explicit	Ps. 32, 6	Ps 32:6	A	verse		
bon-hex-c9	5	apparatus:p372-3	p372-3	scripture	apparatus-explicit	Ps. 118, 89	Ps 118:89	A	verse		
bon-hex-c9	5	apparatus:p373-1	p373-1	scripture	apparatus-explicit	Ioan. 1, 3	Ioan 1:3	A	verse		
bon-hex-c9	5	apparatus:p373-2	p373-2	crossref	work	Breviloq. p. II. c. 2.	bon-brev-p2-c2		chunk		
bon-hex-c9	5	apparatus:p373-3	p373-3	scripture	apparatus-explicit	Ezech. 1, 24	Ezech 1:24	A	verse		
bon-hex-c9	5	apparatus:p373-3	p373-3	scripture	apparatus-explicit	Iob 26, 14	Iob 26:14	A	verse		
bon-hex-c9	5	apparatus:p373-4	p373-4	scripture	apparatus-explicit	Ioan. 5, 36	Ioan 5:36	A	verse		
bon-hex-c9	5	apparatus:p373-4	p373-4	scripture	apparatus-explicit	Ioan. 3, 12	Ioan 3:12	A	verse		
bon-hex-c9	5	apparatus:p373-4	p373-4	scripture	apparatus-explicit	Matth. 3, 16	Matth 3:16	A	verse		
bon-hex-c9	5	apparatus:p373-4	p373-4	scripture	apparatus-explicit	Ioan. 10, 29	Ioan 10:29	A	verse		
bon-hex-c9	5	apparatus:p373-5	p373-5	scripture	apparatus-explicit	I. Cor. 3, 11	1Cor 3:11	A	verse		
bon-hex-c9	5	apparatus:p373-5	p373-5	scripture	apparatus-explicit	Isai. 28, 16	Isai 28:16	A	verse		
bon-hex-c9	5	apparatus:p373-5	p373-5	scripture	apparatus-explicit	I. Petr. 2, 6	1Petr 2:6	A	verse		
bon-hex-c9	5	apparatus:p373-5	p373-5	scripture	apparatus-explicit	Eph. 2, 20	Eph 2:20	A	verse		
bon-hex-c9	5	apparatus:p373-6	p373-6	scripture	apparatus-explicit	I. Ioan. 5, 6	1Ioan 5:6	A	verse		
bon-hex-c9	5	apparatus:p373-6	p373-6	scripture	apparatus-explicit	Luc. 10, 23	Luc 10:23	A	verse		
bon-hex-c9	5	apparatus:p373-7	p373-7	scripture	anaphor->apparatus-explicit	ibid.	Luc 10:23	A	verse	yes	Luc. 10, 23
bon-hex-c9	5	apparatus:p373-8	p373-8	scripture	apparatus-explicit	Hebr. 1, 3	Hebr 1:3	A	verse		
bon-hex-c9	5	apparatus:p374-1	p374-1	scripture	apparatus-explicit	Luc. 21, 23	Luc 21:23	A	verse		
bon-hex-c9	5	apparatus:p374-2	p374-2	scripture	apparatus-explicit	Apoc. 21, 16	Apoc 21:16	A	verse		
bon-hex-c9	5	apparatus:p374-3	p374-3	scripture	apparatus-explicit	Eccli. 24, 6	Eccli 24:6	A	verse		
bon-hex-c9	5	apparatus:p374-3	p374-3	crossref	page	supra pag. 347, nota 2	bon-hex-c3		chunk		
bon-hex-c9	5	apparatus:p374-4	p374-4	scripture	apparatus-explicit	Gal. 3, 19	Gal 3:19	A	verse		
bon-hex-c9	5	apparatus:p374-4	p374-4	scripture	apparatus-explicit	Num. 12, 6-8	Num 12:6-8	A	verse		
bon-hex-c9	5	apparatus:p374-5	p374-5	scripture	apparatus-explicit	Exod. 24, 18	Exod 24:18	A	verse		
bon-hex-c9	5	apparatus:p374-5	p374-5	scripture	apparatus-explicit	Deut. 9, 18	Deut 9:18	A	verse		
bon-hex-c9	5	apparatus:p374-5	p374-5	scripture	apparatus-explicit	Exod. 3, 2	Exod 3:2	A	verse		
bon-hex-c9	5	apparatus:p374-5	p374-5	scripture	apparatus-explicit	Act. 7, 38	Act 7:38	A	verse		
bon-hex-c9	5	apparatus:p374-7	p374-7	scripture	anaphor->apparatus-explicit	ibid.	Act 7:38	A	verse	yes	Act. 7, 38
bon-hex-c9	5	apparatus:p374-7	p374-7	scripture	apparatus-explicit	Ioan. 20, 29	Ioan 20:29	A	verse		
bon-hex-c9	5	apparatus:p374-7	p374-7	scripture	apparatus-explicit	Act. 10, 42	Act 10:42	A	verse		
bon-hex-c9	5	apparatus:p374-8	p374-8	scripture	apparatus-explicit	I. Cor. 15, 8	1Cor 15:8	A	verse		
bon-hex-c9	5	apparatus:p374-8	p374-8	scripture	apparatus-explicit	Eccli. 24, 6	Eccli 24:6	A	verse		
bon-hex-c9	5	apparatus:p374-10	p374-10	scripture	apparatus-explicit	Exod. 7	Exod 7	C	chapter		
bon-hex-c9	5	apparatus:p374-10	p374-10	scripture	apparatus-explicit	Deut. 29, 5	Deut 29:5	A	verse		
bon-hex-c9	5	apparatus:p374-10	p374-10	scripture	apparatus-explicit	III. Reg. 17, 1	3Reg 17:1	A	verse		
bon-hex-c9	5	apparatus:p374-10	p374-10	scripture	anaphor->apparatus-explicit	ibid.	3Reg 17:1	A	verse	yes	III. Reg. 17, 1
bon-hex-c9	5	apparatus:p375-1	p375-1	scripture	apparatus-explicit	Act. 7, 52	Act 7:52	A	verse		
bon-hex-c9	5	apparatus:p375-1	p375-1	scripture	apparatus-explicit	Hebr. 11, 37	Hebr 11:37	A	verse		
bon-hex-c9	5	apparatus:p375-2	p375-2	scripture	apparatus-explicit	Psalm. 8, 4	Ps 8:4	A	verse		
bon-hex-c9	5	apparatus:p375-2	p375-2	scripture	apparatus-explicit	Exod. 8, 19	Exod 8:19	A	verse		
bon-hex-c9	5	apparatus:p375-2	p375-2	crossref	page	supra pag. 341, nota 7	bon-hex-c2		chunk		
bon-hex-c9	5	apparatus:p375-3	p375-3	scripture	apparatus-explicit	Psalm. 103, 12	Ps 103:12	A	verse		
bon-hex-c9	5	apparatus:p375-3	p375-3	scripture	apparatus-explicit	Exod. 25, 22	Exod 25:22	A	verse		
bon-hex-c9	5	apparatus:p375-3	p375-3	scripture	apparatus-explicit	Ezech. 28, 14	Ezech 28:14	A	verse		
bon-hex-c9	5	apparatus:p375-4	p375-4	scripture	apparatus-explicit	Luc. 1, 31	Luc 1:31	A	verse		
bon-hex-c9	5	apparatus:p375-4	p375-4	scripture	apparatus-explicit	Matth. 26, 4	Matth 26:4	A	verse		
bon-hex-c9	5	apparatus:p375-6	p375-6	scripture	apparatus-explicit	Apoc. 4, 4	Apoc 4:4	A	verse		
bon-hex-c9	5	apparatus:p375-6	p375-6	crossref	page	supra pag. 368, nota 7	bon-hex-c7+bon-hex-c8		page-multi		
bon-hex-c9	5	apparatus:p375-7	p375-7	crossref	page	pag. 178	tom5:p178		forward		
bon-hex-c9	5	apparatus:p376-1	p376-1	crossref	work	Breviloq. p. I. c. 2.	bon-brev-p1-c2		chunk		
bon-hex-c9	5	apparatus:p376-3	p376-3	crossref	logical	II. Sent. d. 1. p. I. a. 1. q. 1.	bon-sent-II-d1-p1-a1-q1		chunk		
bon-hex-c9	5	apparatus:p376-3	p376-3	crossref	relative-inherited	ibid.	bon-sent-II-d1-p1-a1-q1		chunk		
bon-hex-c9	5	apparatus:p376-4	p376-4	scripture	apparatus-explicit	Psalm. 26, 1	Ps 26:1	A	verse		
bon-hex-c9	5	apparatus:p376-5	p376-5	scripture	apparatus-explicit	Rom. 8, 32	Rom 8:32	A	verse		
bon-hex-c9	5	apparatus:p376-5	p376-5	scripture	apparatus-explicit	Ioan. 16, 15	Ioan 16:15	A	verse		
bon-hex-c9	5	apparatus:p376-5	p376-5	scripture	apparatus-explicit	Eph. 2, 4	Eph 2:4	A	verse		
bon-hex-c9	5	apparatus:p376-5	p376-5	scripture	apparatus-explicit	Luc. 1, 78	Luc 1:78	A	verse		
bon-hex-c9	5	apparatus:p376-6	p376-6	scripture	apparatus-explicit	Marc. 9, 22	Marc 9:22	A	verse		
bon-hex-c9	5	apparatus:p376-7	p376-7	scripture	apparatus-explicit	III. Reg. 21, 19	3Reg 21:19	A	verse		
bon-hex-c9	5	apparatus:p376-8	p376-8	scripture	apparatus-explicit	Matth. 15, 26	Matth 15:26	A	verse		
bon-hex-c9	5	apparatus:p376-8	p376-8	scripture	apparatus-explicit	Ps. 77, 25	Ps 77:25	A	verse		
bon-hex-c9	5	apparatus:p376-9	p376-9	scripture	apparatus-explicit	Rom. 8, 35-39	Rom 8:35-39	A	verse		
bon-hex-c9	5	apparatus:p376-9	p376-9	scripture	apparatus-explicit	Eph. 3, 17	Eph 3:17	A	verse		
bon-hex-c9	5	apparatus:p376-10	p376-10	scripture	apparatus-explicit	Psalm. 88, 6	Ps 88:6	A	verse		
bon-hex-c9	5	apparatus:p376-10	p376-10	scripture	apparatus-explicit	II. Cor. 12, 2	2Cor 12:2	A	verse		
bon-hex-c9	5	apparatus:p376-10	p376-10	scripture	apparatus-explicit	Matth. 7, 24	Matth 7:24	A	verse		
bon-hex-scholion	5	latin_body		crossref	page	pag. 543	tom5:p543		forward		
bon-hex-scholion	5	latin_body		scripture	apparatus-explicit	II. Cor. 3, 6	2Cor 3:6	A	verse		
bon-hex-scholion	5	latin_body		scripture	apparatus-explicit	I. Cor. 8, 1	1Cor 8:1	A	verse		
bon-hex-scholion	5	latin_body		scripture	apparatus-explicit	Gen. 2, 9	Gen 2:9	A	verse		
bon-hex-scholion	5	latin_body		scripture	apparatus-explicit	Iac. 3, 17	Iac 3:17	A	verse		
bon-hex-scholion	5	latin_body		scripture	apparatus-explicit	I. Cor. 13	1Cor 13	C	chapter		
bon-hex-scholion	5	latin_body		scripture	apparatus-explicit	I. Cor. 12, 31	1Cor 12:31	A	verse		
bon-hex-scholion	5	latin_body		scripture	apparatus-explicit	II. Esdr. 4, 17	2Esdr 4:17	A	verse		
bon-hex-scholion	5	latin_body		scripture	apparatus-explicit	I. Cor. 2, 6	1Cor 2:6	A	verse		
bon-hex-scholion	5	latin_body		crossref	work	Breviloq.	work:breviloquium		work		
bon-hex-scholion	5	latin_body		crossref	anaphor->work	ibid.	work:breviloquium		work	yes	Breviloq.
bon-hex-scholion	5	latin_body		crossref	logical	II. Sent. d. 23. a. 2. q. 3.	bon-sent-II-d23-a2-q3		chunk		
bon-hex-scholion	5	latin_body		crossref	work	Itiner.	work:itinerarium		work		
bon-hex-scholion	5	latin_body		crossref	relative-inherited	ibid.	bon-sent-II-d23-a2-q3		chunk		
bon-hex-scholion	5	latin_body		scripture	apparatus-explicit	II. Cor. 4	2Cor 4	C	chapter		
bon-hex-scholion	5	latin_body		scripture	apparatus-explicit	Gen. 1, 4	Gen 1:4	A	verse		
bon-hex-scholion	5	latin_body		crossref	work	Breviloquio	work:breviloquium		work		
bon-hex-scholion	5	latin_body		crossref	logical	I. Sent. d. 35.	I:d35		distinctio		
bon-hex-scholion	5	latin_body		crossref	work	Breviloq. p. I. c. 8	bon-brev-p1-c8		chunk		
bon-hex-scholion	5	latin_body		crossref	work	Itinerar.	work:itinerarium		work		
bon-hex-scholion	5	latin_body		crossref	relative-inherited	ibid.	I:d35		distinctio		
bon-hex-scholion	5	latin_body		scripture	apparatus-explicit	Gen. 1, 8	Gen 1:8	A	verse		
bon-hex-scholion	5	latin_body		crossref	anaphor->work	loc. cit.	work:breviloquium		work	yes	Breviloq.
bon-hex-scholion	5	latin_body		scripture	apparatus-explicit	II. Tim. 3, 16	2Tim 3:16	A	verse		
bon-hex-scholion	5	latin_body		crossref	logical	II. Sent. d. 12. a. 1. q. 2.	bon-sent-II-d12-a1-q2		chunk		
bon-hex-scholion	5	latin_body		crossref	page	pag. 55	tom5:p55		forward		
bon-hex-scholion	5	latin_body		authority	authority:Bonav.	I. Sent. d. 5. dub. 4.			excluded		
bon-hex-scholion	5	apparatus:p450-1	p450-1	scripture	apparatus-explicit	Gen. 2, 7	Gen 2:7	A	verse		
bon-itin-c1	5	apparatus:p296-6	p296-6	scripture	apparatus-explicit	Psalm. 83, 6	Ps 83:6	A	verse		
bon-itin-c1	5	apparatus:p297-1	p297-1	scripture	apparatus-explicit	Ps. 85, 11	Ps 85:11	A	verse		
bon-itin-c1	5	apparatus:p297-1	p297-1	crossref	work	Breviloq. p. V. c. 1.	bon-brev-p5-c1		chunk		
bon-itin-c1	5	apparatus:p297-2	p297-2	crossref	work	Breviloq. p. II. c. 12.	bon-brev-p2-c12		chunk		
bon-itin-c1	5	apparatus:p297-2	p297-2	crossref	logical	II. Sent. d. 2. p. I. a. 1. q. 1.	bon-sent-II-d2-p1-a1-q1		chunk		
bon-itin-c1	5	apparatus:p297-4	p297-4	scripture	apparatus-explicit	Exod. 3, 18	Exod 3:18	A	verse		
bon-itin-c1	5	apparatus:p297-5	p297-5	scripture	apparatus-explicit	Gen. 1, 3	Gen 1:3	A	verse		
bon-itin-c1	5	apparatus:p297-5	p297-5	crossref	page	supra pag. 230, nota 5	bon-brev-p2-c11+bon-brev-p2-c12		page-multi		
bon-itin-c1	5	apparatus:p297-6	p297-6	scripture	apparatus-explicit	Marc. 12, 30	Marc 12:30	A	verse		
bon-itin-c1	5	apparatus:p297-6	p297-6	scripture	apparatus-explicit	Matth. 22, 37	Matth 22:37	A	verse		
bon-itin-c1	5	apparatus:p297-6	p297-6	scripture	apparatus-explicit	Luc. 10, 27	Luc 10:27	A	verse		
bon-itin-c1	5	apparatus:p297-7	p297-7	scripture	apparatus-explicit	Apoc. 1, 8	Apoc 1:8	A	verse		
bon-itin-c1	5	apparatus:p297-7	p297-7	crossref	logical	I. Sent. d. 3. p. I. q. 3.	bon-sent-I-d3-p1-a1-q3		chunk		
bon-itin-c1	5	apparatus:p297-7	p297-7	crossref	work	Breviloq.	work:breviloquium		work		
bon-itin-c1	5	apparatus:p297-8	p297-8	scripture	apparatus-explicit	III. Reg. 10, 19	3Reg 10:19	A	verse		
bon-itin-c1	5	apparatus:p297-8	p297-8	scripture	apparatus-explicit	Isai. 6, 2	Isai 6:2	A	verse		
bon-itin-c1	5	apparatus:p297-8	p297-8	scripture	apparatus-explicit	Exod. 24, 16	Exod 24:16	A	verse		
bon-itin-c1	5	apparatus:p297-8	p297-8	scripture	apparatus-explicit	Matth. 17, 1	Matth 17:1	A	verse		
bon-itin-c1	5	apparatus:p297-10	p297-10	scripture	apparatus-explicit	Gen. 2, 15	Gen 2:15	A	verse		
bon-itin-c1	5	apparatus:p297-10	p297-10	crossref	work	Breviloq. p. III. c. 5.	bon-brev-p3-c5		chunk		
bon-itin-c1	5	apparatus:p297-10	p297-10	scripture	apparatus-explicit	Tob. 5, 12	Tob 5:12	A	verse		
bon-itin-c1	5	apparatus:p298-1	p298-1	scripture	apparatus-explicit	I. Cor. 1, 30	1Cor 1:30	A	verse		
bon-itin-c1	5	apparatus:p298-1	p298-1	scripture	apparatus-explicit	Ioan. 1, 14	Ioan 1:14	A	verse		
bon-itin-c1	5	apparatus:p298-1	p298-1	scripture	apparatus-explicit	I. Tim. 1, 5	1Tim 1:5	A	verse		
bon-itin-c1	5	apparatus:p298-3	p298-3	scripture	apparatus-explicit	Psalm. 83, 8	Ps 83:8	A	verse		
bon-itin-c1	5	apparatus:p298-3	p298-3	crossref	page	supra pag. 297, nota 1	bon-itin-c1		chunk		
bon-itin-c1	5	apparatus:p298-4	p298-4	scripture	apparatus-explicit	Gen. 28, 12	Gen 28:12	A	verse		
bon-itin-c1	5	apparatus:p298-4	p298-4	crossref	page	supra pag. 205, nota 2	bon-brev-prol-s3+bon-brev-prol-s4		page-multi		
bon-itin-c1	5	apparatus:p298-4	p298-4	scripture	apparatus-explicit	Exod. 13, 3	Exod 13:3	A	verse		
bon-itin-c1	5	apparatus:p298-5	p298-5	scripture	apparatus-explicit	Ioan. 13, 1	Ioan 13:1	A	verse		
bon-itin-c1	5	apparatus:p298-5	p298-5	scripture	apparatus-explicit	Eccli. 24, 26	Eccli 24:26	A	verse		
bon-itin-c1	5	apparatus:p298-5	p298-5	scripture	apparatus-explicit	Sap. 13, 5	Sap 13:5	A	verse		
bon-itin-c1	5	apparatus:p298-6	p298-6	crossref	work	Breviloq.	work:breviloquium		work		
bon-itin-c1	5	apparatus:p298-7	p298-7	scripture	apparatus-explicit	Sap. 11, 21	Sap 11:21	A	verse		
bon-itin-c1	5	apparatus:p298-7	p298-7	crossref	page	supra pag. 54, nota 7	tom5:p54		forward		
bon-itin-c1	5	apparatus:p298-7	p298-7	crossref	logical	I. Sent. d. 3. p. I. dub. 3.	bon-sent-I-d3-p1-dubia		chunk		
bon-itin-c1	5	apparatus:p298-7	p298-7	crossref	page	supra pag. 82, nota 5	tom5:p82		forward		
bon-itin-c1	5	apparatus:p298-7	p298-7	crossref	page	pag. 219, nota 1	bon-brev-p2-c1+bon-brev-p2-c2		page-multi		
bon-itin-c1	5	apparatus:p298-7	p298-7	crossref	page	pag. 242, nota 5	bon-brev-p4-c1+bon-brev-p4-c2		page-multi		
bon-itin-c1	5	apparatus:p298-8	p298-8	scripture	apparatus-explicit	Hebr. 11, 3	Hebr 11:3	A	verse		
bon-itin-c1	5	apparatus:p298-8	p298-8	crossref	work	Breviloq.	work:breviloquium		work		
bon-itin-c1	5	apparatus:p299-2	p299-2	crossref	work	Breviloq. p. II. c. 1.	bon-brev-p2-c1		chunk		
bon-itin-c1	5	apparatus:p299-3	p299-3	crossref	page	supra pag. 214, nota 3	bon-brev-p1-c5+bon-brev-p1-c6		page-multi		
bon-itin-c1	5	apparatus:p299-5	p299-5	crossref	logical	II. Sent. d. 7. p. II. a. 2. q. 1.	bon-sent-II-d7-p2-a2-q1		chunk		
bon-itin-c1	5	apparatus:p299-5	p299-5	crossref	chain-continuation	d. 18. a. 1. q. 2.	bon-sent-II-d18-a1-q2		chunk		
bon-itin-c1	5	apparatus:p299-6	p299-6	crossref	page	pag. 19, nota 7	tom5:p19		forward		
bon-itin-c1	5	apparatus:p299-6	p299-6	crossref	page	supra pag. 12, nota 7	tom5:p12		forward		
bon-itin-c1	5	apparatus:p299-7	p299-7	crossref	page	supra pag. 179, nota 9	tom5:p179		forward		
bon-itin-c1	5	apparatus:p299-7	p299-7	crossref	work	Breviloq. p. II. c. 3.	bon-brev-p2-c3		chunk		
bon-itin-c1	5	apparatus:p299-7	p299-7	crossref	anaphor->work	ibid.	bon-brev-p2-c3		chunk	yes	Breviloq. p. II. c. 3.
bon-itin-c1	5	apparatus:p299-8	p299-8	scripture	apparatus-explicit	Prov. 22, 17	Prov 22:17	A	verse		
bon-itin-c1	5	apparatus:p299-9	p299-9	scripture	apparatus-explicit	Sap. 5, 21	Sap 5:21	A	verse		
bon-itin-c1	5	apparatus:p299-9	p299-9	scripture	apparatus-explicit	Ps. 91, 5	Ps 91:5	A	verse		
bon-itin-c1	5	apparatus:p299-9	p299-9	scripture	apparatus-explicit	Ps. 103, 24	Ps 103:24	A	verse		
bon-itin-c2	5	apparatus:p300-2	p300-2	crossref	work	Breviloq. p. II. c. 3.	bon-brev-p2-c3		chunk		
bon-itin-c2	5	apparatus:p300-3	p300-3	scripture	apparatus-explicit	Hebr. 1, 14	Hebr 1:14	A	verse		
bon-itin-c2	5	apparatus:p300-3	p300-3	crossref	logical	II. Sent. d. 10.	II:d10		distinctio		
bon-itin-c2	5	apparatus:p300-4	p300-4	crossref	page	supra pag. 227, nota 5	bon-brev-p2-c10+bon-brev-p2-c9		page-multi		
bon-itin-c2	5	apparatus:p300-4	p300-4	crossref	page	supra pag. 221, nota 1	bon-brev-p2-c3+bon-brev-p2-c4		page-multi		
bon-itin-c2	5	apparatus:p300-7	p300-7	crossref	page	tom. I. pag. 38, nota 4	bon-sent-I-d1-a3-q1		chunk		
bon-itin-c2	5	apparatus:p300-7	p300-7	crossref	page	tom. IV. pag. 391, nota 3	bon-sent-IV-d16-p1-a3-q1+bon-sent-IV-d16-p1-a4-q1		page-multi		
bon-itin-c2	5	apparatus:p301-1	p301-1	crossref	page	tom. I. pag. 544, nota 8	bon-sent-I-d31-p2-a1-q3		chunk		
bon-itin-c2	5	apparatus:p301-1	p301-1	crossref	page	tom. IV. pag. 1025, nota 3	bon-sent-IV-d49-p2-s2-a2-q1		chunk		
bon-itin-c2	5	apparatus:p301-4	p301-4	crossref	page	supra pag. 17, nota 3	tom5:p17		forward		
bon-itin-c2	5	apparatus:p301-6	p301-6	scripture	apparatus-explicit	Col. 1, 15	Col 1:15	A	verse		
bon-itin-c2	5	apparatus:p301-6	p301-6	scripture	apparatus-explicit	Hebr. 1, 3	Hebr 1:3	A	verse		
bon-itin-c2	5	apparatus:p301-6	p301-6	crossref	logical	III. Sent. d. 10. a. 1. q. 3.	bon-sent-III-d10-a1-q3		chunk		
bon-itin-c2	5	apparatus:p301-6	p301-6	crossref	logical	I. Sent. d. 27. p. II. q. 4.	bon-sent-I-d27-p2-a1-q4		chunk		
bon-itin-c2	5	apparatus:p301-7	p301-7	crossref	page	supra pag. 300, nota 7	bon-itin-c2		chunk		
bon-itin-c2	5	apparatus:p301-7	p301-7	crossref	page	supra pag. 12, nota 7	tom5:p12		forward		
bon-itin-c2	5	apparatus:p301-7	p301-7	crossref	page	pag. 33, nota 5	tom5:p33		forward		
bon-itin-c2	5	apparatus:p302-1	p302-1	crossref	page	supra pag. 17, nota 4	tom5:p17		forward		
bon-itin-c2	5	apparatus:p302-1	p302-1	crossref	page	tom. I. pag. 69, nota 12	bon-sent-I-d3-p1-a1-q1		chunk		
bon-itin-c2	5	apparatus:p302-2	p302-2	crossref	work	Quaest. de scientia Christi	work:scientia-christi		work		
bon-itin-c2	5	apparatus:p302-5	p302-5	crossref	page	supra pag. 11, nota 6	tom5:p11		forward		
bon-itin-c2	5	apparatus:p302-5	p302-5	crossref	page	pag. 221, nota 3	bon-brev-p2-c3+bon-brev-p2-c4		page-multi		
bon-itin-c2	5	apparatus:p302-6	p302-6	scripture	apparatus-explicit	Isai. 6, 2	Isai 6:2	A	verse		
bon-itin-c2	5	apparatus:p302-8	p302-8	scripture	apparatus-explicit	Rom. 1, 20	Rom 1:20	A	verse		
bon-itin-c2	5	apparatus:p302-8	p302-8	crossref	work	Breviloq. p. I. c. 5	bon-brev-p1-c5		chunk		
bon-itin-c2	5	apparatus:p302-8	p302-8	crossref	logical	I. Sent. d. 16. q. 1.	bon-sent-I-d16-a1-q1		chunk		
bon-itin-c2	5	apparatus:p302-8	p302-8	crossref	logical	II. Sent. d. 10. a. 3. q. 2.	bon-sent-II-d10-a3-q2		chunk		
bon-itin-c2	5	apparatus:p303-2	p303-2	scripture	apparatus-explicit	Rom. 1, 20	Rom 1:20	A	verse		
bon-itin-c2	5	apparatus:p303-2	p303-2	scripture	apparatus-explicit	I. Cor. 15, 57	1Cor 15:57	A	verse		
bon-itin-c2	5	apparatus:p303-2	p303-2	scripture	apparatus-explicit	I. Petr. 2, 9	1Petr 2:9	A	verse		
bon-itin-c3	5	apparatus:p303-3	p303-3	scripture	apparatus-explicit	Exod. 26	Exod 26	C	chapter		
bon-itin-c3	5	apparatus:p303-3	p303-3	crossref	work	Breviloq. p. II. c. 12.	bon-brev-p2-c12		chunk		
bon-itin-c3	5	apparatus:p303-6	p303-6	crossref	page	tom. I. pag. 155, nota 10			dangling		
bon-itin-c3	5	apparatus:p303-6	p303-6	crossref	page	supra pag. 79, nota 6	tom5:p79		forward		
bon-itin-c3	5	apparatus:p303-7	p303-7	crossref	logical	II. Sent. d. 39. a. 1. q. 2.	bon-sent-II-d39-a1-q2		chunk		
bon-itin-c3	5	apparatus:p303-7	p303-7	crossref	chain-continuation	d. 49. p. I. q. 2.			dangling		
bon-itin-c3	5	apparatus:p303-7	p303-7	crossref	work	Quaest. de scientia Christi	work:scientia-christi		work		
bon-itin-c3	5	apparatus:p304-2	p304-2	crossref	page	supra pag. 71, nota 3	tom5:p71		forward		
bon-itin-c3	5	apparatus:p304-2	p304-2	crossref	page	supra pag. 215, nota 1	bon-brev-p1-c6+bon-brev-p1-c7		page-multi		
bon-itin-c3	5	apparatus:p304-3	p304-3	crossref	page	tom. III. pag. 802, nota 8	bon-sent-III-d36-a1-q5		chunk		
bon-itin-c3	5	apparatus:p304-3	p304-3	crossref	page	supra pag. 19, nota 8	tom5:p19		forward		
bon-itin-c3	5	apparatus:p304-3	p304-3	crossref	work	Quaest. de scientia Christi	work:scientia-christi		work		
bon-itin-c3	5	apparatus:p304-4	p304-4	scripture	apparatus-explicit	Ioan. 1, 1	Ioan 1:1	A	verse		
bon-itin-c3	5	apparatus:p304-4	p304-4	crossref	work	Quaest. de scientia Christi	work:scientia-christi		work		
bon-itin-c3	5	apparatus:p304-5	p304-5	crossref	page	pag. 98	tom5:p98		forward		
bon-itin-c3	5	apparatus:p304-5	p304-5	crossref	anaphor->page	ibid.	tom5:p98		forward	yes	pag. 98
bon-itin-c3	5	apparatus:p305-2	p305-2	crossref	page	pag. 302, nota 1	bon-itin-c2		chunk		
bon-itin-c3	5	apparatus:p305-4	p305-4	crossref	anaphor->page	ibid.	bon-itin-c2		chunk	yes	pag. 302, nota 1
bon-itin-c3	5	apparatus:p305-4	p305-4	crossref	work	Breviloq. p. II. c. 12.	bon-brev-p2-c12		chunk		
bon-itin-c3	5	apparatus:p305-4	p305-4	crossref	logical	I. Sent. d. 19. p. I. q. 4.	bon-sent-I-d19-p1-a1-q4		chunk		
bon-itin-c3	5	apparatus:p305-5	p305-5	crossref	page	supra pag. 19, nota 7	tom5:p19		forward		
bon-itin-c3	5	apparatus:p306-1	p306-1	scripture	apparatus-explicit	Psalm. 75, 5	Ps 75:5	A	verse		
bon-itin-c3	5	apparatus:p306-1	p306-1	scripture	apparatus-explicit	Isai. 7, 9	Isai 7:9	A	verse		
bon-itin-c4	5	latin_body		crossref	relative-bare	ibid			unresolvable		
bon-itin-c4	5	apparatus:p306-2	p306-2	crossref	work	Breviloq. p. II. c. 10.	bon-brev-p2-c10		chunk		
bon-itin-c4	5	apparatus:p306-2	p306-2	crossref	anaphor->work	ibid.	bon-brev-p2-c10		chunk	yes	Breviloq. p. II. c. 10.
bon-itin-c4	5	apparatus:p306-3	p306-3	scripture	apparatus-explicit	Isai. 24, 20	Isai 24:20	A	verse		
bon-itin-c4	5	apparatus:p306-3	p306-3	scripture	anaphor->apparatus-explicit	ibid	Isai 24:20	A	verse	yes	Isai. 24, 20
bon-itin-c4	5	apparatus:p306-4	p306-4	scripture	apparatus-explicit	Ioan. 10, 9	Ioan 10:9	A	verse		
bon-itin-c4	5	apparatus:p306-4	p306-4	scripture	apparatus-explicit	Ps. 36, 4	Ps 36:4	A	verse		
bon-itin-c4	5	apparatus:p306-4	p306-4	scripture	apparatus-explicit	I. Tim. 2, 5	1Tim 2:5	A	verse		
bon-itin-c4	5	apparatus:p306-4	p306-4	scripture	apparatus-explicit	Gen. 2, 9	Gen 2:9	A	verse		
bon-itin-c4	5	apparatus:p306-4	p306-4	scripture	apparatus-explicit	Prov. 3, 18	Prov 3:18	A	verse		
bon-itin-c4	5	apparatus:p306-5	p306-5	scripture	apparatus-explicit	Gal. 4, 26	Gal 4:26	A	verse		
bon-itin-c4	5	apparatus:p306-5	p306-5	scripture	apparatus-explicit	Ioan. 14, 6	Ioan 14:6	A	verse		
bon-itin-c4	5	apparatus:p306-5	p306-5	crossref	work	Breviloq. p. IV. c. 1.	bon-brev-p4-c1		chunk		
bon-itin-c4	5	apparatus:p306-5	p306-5	crossref	page	supra pag. 225, nota 6	bon-brev-p2-c7+bon-brev-p2-c8		page-multi		
bon-itin-c4	5	apparatus:p306-6	p306-6	scripture	apparatus-explicit	Ioan. 1, 1	Ioan 1:1	A	verse		
bon-itin-c4	5	apparatus:p306-6	p306-6	scripture	apparatus-explicit	Hebr. 1, 3	Hebr 1:3	A	verse		
bon-itin-c4	5	apparatus:p306-7	p306-7	scripture	apparatus-explicit	Apoc. 2, 17	Apoc 2:17	A	verse		
bon-itin-c4	5	apparatus:p306-9	p306-9	scripture	anaphor->apparatus-explicit	ibid.	Apoc 2:17	A	verse	yes	Apoc. 2, 17
bon-itin-c4	5	apparatus:p307-4	p307-4	scripture	apparatus-explicit	I. Cor. 15, 28	1Cor 15:28	A	verse		
bon-itin-c4	5	apparatus:p307-5	p307-5	scripture	apparatus-explicit	I. Tim. 1, 5	1Tim 1:5	A	verse		
bon-itin-c4	5	apparatus:p307-5	p307-5	scripture	apparatus-explicit	Rom. 13, 10	Rom 13:10	A	verse		
bon-itin-c4	5	apparatus:p307-5	p307-5	scripture	apparatus-explicit	Matth. 22, 40	Matth 22:40	A	verse		
bon-itin-c4	5	apparatus:p307-6	p307-6	scripture	apparatus-explicit	Apoc. 1, 8	Apoc 1:8	A	verse		
bon-itin-c4	5	apparatus:p307-7	p307-7	crossref	work	Breviloq.	work:breviloquium		work		
bon-itin-c4	5	apparatus:p307-8	p307-8	scripture	apparatus-explicit	Psalm. 109, 3	Ps 109:3	A	verse		
bon-itin-c4	5	apparatus:p307-8	p307-8	scripture	apparatus-explicit	Ps. 4, 9	Ps 4:9	A	verse		
bon-itin-c4	5	apparatus:p307-8	p307-8	scripture	apparatus-explicit	Cant. 2, 7	Cant 2:7	A	verse		
bon-itin-c4	5	apparatus:p307-9	p307-9	scripture	apparatus-explicit	Isai. 6, 2	Isai 6:2	A	verse		
bon-itin-c4	5	apparatus:p308-1	p308-1	scripture	apparatus-explicit	Gal. 3, 19	Gal 3:19	A	verse		
bon-itin-c4	5	apparatus:p308-2	p308-2	scripture	apparatus-explicit	Rom. 5, 5	Rom 5:5	A	verse		
bon-itin-c4	5	apparatus:p308-2	p308-2	scripture	apparatus-explicit	I. Cor. 2, 11	1Cor 2:11	A	verse		
bon-itin-c4	5	apparatus:p308-2	p308-2	scripture	apparatus-explicit	Eph. 3, 17	Eph 3:17	A	verse		
bon-itin-c5	5	apparatus:p308-3	p308-3	scripture	apparatus-explicit	Psalm. 4, 7	Ps 4:7	A	verse		
bon-itin-c5	5	apparatus:p308-3	p308-3	crossref	page	supra pag. 180, nota 10	tom5:p180		forward		
bon-itin-c5	5	apparatus:p308-3	p308-3	scripture	apparatus-explicit	Exod. 25	Exod 25	C	chapter		
bon-itin-c5	5	apparatus:p308-4	p308-4	scripture	apparatus-explicit	Exod. 3, 14	Exod 3:14	A	verse		
bon-itin-c5	5	apparatus:p308-5	p308-5	scripture	apparatus-explicit	Exod. 3, 14	Exod 3:14	A	verse		
bon-itin-c5	5	apparatus:p308-5	p308-5	scripture	apparatus-explicit	Matth. 28, 19	Matth 28:19	A	verse		
bon-itin-c5	5	apparatus:p308-5	p308-5	scripture	apparatus-explicit	Luc. 18, 19	Luc 18:19	A	verse		
bon-itin-c5	5	apparatus:p308-6	p308-6	crossref	logical	I. Sent. d. 22. q. 3.	bon-sent-I-d22-a1-q3		chunk		
bon-itin-c5	5	apparatus:p308-7	p308-7	crossref	anaphor->logical	loc. cit.	bon-sent-I-d22-a1-q3		chunk	yes	I. Sent. d. 22. q. 3.
bon-itin-c5	5	apparatus:p308-7	p308-7	crossref	logical	I. Sent. d. 8. p. I. a. 1. q. 2.	bon-sent-I-d8-p1-a1-q2		chunk		
bon-itin-c5	5	apparatus:p308-8	p308-8	crossref	page	supra pag. 304, nota 3	bon-itin-c3		chunk		
bon-itin-c5	5	apparatus:p309-2	p309-2	crossref	page	supra pag. 109, nota 5	tom5:p109		forward		
bon-itin-c5	5	apparatus:p309-3	p309-3	scripture	apparatus-explicit	Psalm. 138, 11	Ps 138:11	A	verse		
bon-itin-c5	5	apparatus:p309-3	p309-3	crossref	work	Breviloq. p. V. c. 6.	bon-brev-p5-c6		chunk		
bon-itin-c5	5	apparatus:p309-6	p309-6	crossref	anaphor->work	ibid.	bon-brev-p5-c6		chunk	yes	Breviloq. p. V. c. 6.
bon-itin-c5	5	apparatus:p309-7	p309-7	scripture	apparatus-explicit	Deut. 6, 4	Deut 6:4	A	verse		
bon-itin-c5	5	apparatus:p309-8	p309-8	crossref	page	supra pag. 307, nota 6	bon-itin-c4		chunk		
bon-itin-c5	5	apparatus:p309-8	p309-8	scripture	apparatus-explicit	Prov. 16, 4	Prov 16:4	A	verse		
bon-itin-c5	5	apparatus:p310-2	p310-2	crossref	page	supra pag. 19, nota 7	tom5:p19		forward		
bon-itin-c5	5	apparatus:p310-3	p310-3	crossref	logical	I. Sent. d. 37. p. I. a. 1. q. 1.	bon-sent-I-d37-p1-a1-q1		chunk		
bon-itin-c5	5	apparatus:p310-3	p310-3	crossref	page	supra pag. 81, nota 3	tom5:p81		forward		
bon-itin-c5	5	apparatus:p310-4	p310-4	scripture	apparatus-explicit	I. Cor. 15, 28	1Cor 15:28	A	verse		
bon-itin-c5	5	apparatus:p310-5	p310-5	scripture	apparatus-explicit	Rom. 11, 36	Rom 11:36	A	verse		
bon-itin-c5	5	apparatus:p310-5	p310-5	scripture	apparatus-explicit	Exod. 33, 19	Exod 33:19	A	verse		
bon-itin-c6	5	apparatus:p310-6	p310-6	scripture	apparatus-explicit	Exod. 25, 19	Exod 25:19	A	verse		
bon-itin-c6	5	apparatus:p310-7	p310-7	crossref	page	supra pag. 47, nota 7	tom5:p47		forward		
bon-itin-c6	5	apparatus:p310-7	p310-7	crossref	work	Breviloq. p. I. c. 2.	bon-brev-p1-c2		chunk		
bon-itin-c6	5	apparatus:p310-7	p310-7	crossref	page	supra pag. 60, nota 7	tom5:p60		forward		
bon-itin-c6	5	apparatus:p310-8	p310-8	crossref	logical	I. Sent. d. 29. a. 2.	bon-sent-I-d29-a2-q1+bon-sent-I-d29-a2-q2		articulus		
bon-itin-c6	5	apparatus:p310-8	p310-8	crossref	relative-inherited	ibid.	bon-sent-I-d29-a2-q1+bon-sent-I-d29-a2-q2		articulus		
bon-itin-c6	5	apparatus:p311-1	p311-1	crossref	page	tom. I. pag. 57, nota 7	bon-sent-I-d2-a1-q4		chunk		
bon-itin-c6	5	apparatus:p311-1	p311-1	crossref	page	pag. 199, nota 4	bon-sent-I-d10-a1-q2+bon-sent-I-d10-a1-q3		page-multi		
bon-itin-c6	5	apparatus:p311-1	p311-1	crossref	page	supra pag. 87, nota 1	tom5:p87		forward		
bon-itin-c6	5	apparatus:p311-1	p311-1	crossref	page	pag. 211, nota 3	bon-brev-p1-c2+bon-brev-p1-c3		page-multi		
bon-itin-c6	5	apparatus:p311-5	p311-5	scripture	apparatus-explicit	Exod. 25, 20	Exod 25:20	A	verse		
bon-itin-c6	5	apparatus:p311-5	p311-5	scripture	apparatus-explicit	Ioan. 17, 3	Ioan 17:3	A	verse		
bon-itin-c6	5	apparatus:p311-6	p311-6	scripture	apparatus-explicit	Gen. 1, 26	Gen 1:26	A	verse		
bon-itin-c6	5	apparatus:p311-6	p311-6	crossref	page	supra pag. 241, nota 6	bon-brev-p3-c11+bon-brev-p4-c1		page-multi		
bon-itin-c6	5	apparatus:p311-6	p311-6	crossref	work	Breviloq. p. IV. c. 1.	bon-brev-p4-c1		chunk		
bon-itin-c6	5	apparatus:p311-7	p311-7	crossref	page	pag. 64, nota 10	tom5:p64		forward		
bon-itin-c6	5	apparatus:p312-1	p312-1	scripture	apparatus-explicit	Gen. 1, 26	Gen 1:26	A	verse		
bon-itin-c6	5	apparatus:p312-1	p312-1	scripture	apparatus-explicit	Apoc. 1, 8	Apoc 1:8	A	verse		
bon-itin-c6	5	apparatus:p312-1	p312-1	scripture	apparatus-explicit	Apoc. 5, 1	Apoc 5:1	A	verse		
bon-itin-c6	5	apparatus:p312-1	p312-1	scripture	apparatus-explicit	Ezech. 2, 9	Ezech 2:9	A	verse		
bon-itin-c6	5	apparatus:p312-1	p312-1	crossref	work	Breviloq. p. II. c. 11.	bon-brev-p2-c11		chunk		
bon-itin-c6	5	apparatus:p312-2	p312-2	scripture	apparatus-explicit	Gen. 2, 2	Gen 2:2	A	verse		
bon-itin-c6	5	apparatus:p312-2	p312-2	crossref	work	Breviloq. p. II. c. 2.	bon-brev-p2-c2		chunk		
bon-itin-c7	5	latin_body		crossref	relative-bare	ibid			unresolvable		
bon-itin-c7	5	apparatus:p312-4	p312-4	scripture	apparatus-explicit	I. Tim. 2, 5	1Tim 2:5	A	verse		
bon-itin-c7	5	apparatus:p312-4	p312-4	crossref	page	supra pag. 306, nota 4	bon-itin-c3+bon-itin-c4		page-multi		
bon-itin-c7	5	apparatus:p312-5	p312-5	scripture	apparatus-explicit	Ioan. 14, 6	Ioan 14:6	A	verse		
bon-itin-c7	5	apparatus:p312-5	p312-5	scripture	apparatus-explicit	Exod. 25, 20	Exod 25:20	A	verse		
bon-itin-c7	5	apparatus:p312-5	p312-5	scripture	apparatus-explicit	Eph. 3, 9	Eph 3:9	A	verse		
bon-itin-c7	5	apparatus:p312-6	p312-6	scripture	apparatus-explicit	Exod. 12, 11	Exod 12:11	A	verse		
bon-itin-c7	5	apparatus:p312-6	p312-6	scripture	apparatus-explicit	Exod. 14, 16	Exod 14:16	A	verse		
bon-itin-c7	5	apparatus:p312-6	p312-6	scripture	apparatus-explicit	Apoc. 2, 17	Apoc 2:17	A	verse		
bon-itin-c7	5	apparatus:p312-6	p312-6	scripture	apparatus-explicit	Luc. 23, 43	Luc 23:43	A	verse		
bon-itin-c7	5	apparatus:p312-7	p312-7	scripture	apparatus-explicit	Gen. 35, 10	Gen 35:10	A	verse		
bon-itin-c7	5	apparatus:p312-8	p312-8	scripture	apparatus-explicit	Apoc. 2, 17	Apoc 2:17	A	verse		
bon-itin-c7	5	apparatus:p312-8	p312-8	scripture	apparatus-explicit	Luc. 12, 49	Luc 12:49	A	verse		
bon-itin-c7	5	apparatus:p312-9	p312-9	scripture	apparatus-explicit	I. Cor. 2, 10	1Cor 2:10	A	verse		
bon-itin-c7	5	apparatus:p312-9	p312-9	scripture	apparatus-explicit	I. Ioan. 2, 20	1Ioan 2:20	A	verse		
bon-itin-c7	5	apparatus:p313-3	p313-3	crossref	page	supra pag. 260, nota 3	bon-brev-p5-c6+bon-brev-p5-c7		page-multi		
bon-itin-c7	5	apparatus:p313-3	p313-3	crossref	logical	III. Sent. d. 23. dub. 4.	bon-sent-III-d23-dubia		chunk		
bon-itin-c7	5	apparatus:p313-3	p313-3	crossref	anaphor->logical	loc. cit.	bon-sent-III-d23-dubia		chunk	yes	III. Sent. d. 23. dub. 4.
bon-itin-c7	5	apparatus:p313-4	p313-4	scripture	apparatus-explicit	Isai. 31, 9	Isai 31:9	A	verse		
bon-itin-c7	5	apparatus:p313-4	p313-4	scripture	apparatus-explicit	Iob 7, 15	Iob 7:15	A	verse		
bon-itin-c7	5	apparatus:p313-4	p313-4	scripture	apparatus-explicit	Exod. 33, 20	Exod 33:20	A	verse		
bon-itin-c7	5	apparatus:p313-5	p313-5	scripture	apparatus-explicit	Ioan. 13, 1	Ioan 13:1	A	verse		
bon-itin-c7	5	apparatus:p313-5	p313-5	scripture	anaphor->apparatus-explicit	ibid.	Ioan 13:1	A	verse	yes	Ioan. 13, 1
bon-itin-c7	5	apparatus:p313-5	p313-5	scripture	apparatus-explicit	II. Cor. 12, 9	2Cor 12:9	A	verse		
bon-itin-c7	5	apparatus:p313-6	p313-6	scripture	apparatus-explicit	Psalm. 72, 26	Ps 72:26	A	verse		
bon-itin-prol	5	apparatus:p295-1	p295-1	scripture	apparatus-explicit	Iac. 1, 17	Iac 1:17	A	verse		
bon-itin-prol	5	apparatus:p295-2	p295-2	scripture	apparatus-explicit	Eph. 1, 17	Eph 1:17	A	verse		
bon-itin-prol	5	apparatus:p295-2	p295-2	scripture	apparatus-explicit	Luc. 1, 79	Luc 1:79	A	verse		
bon-itin-prol	5	apparatus:p295-2	p295-2	scripture	apparatus-explicit	Phil. 4, 7	Phil 4:7	A	verse		
bon-itin-prol	5	apparatus:p295-2	p295-2	scripture	apparatus-explicit	Ioan. 14, 27	Ioan 14:27	A	verse		
bon-itin-prol	5	apparatus:p295-4	p295-4	scripture	apparatus-explicit	Psalm. 119, 7	Ps 119:7	A	verse		
bon-itin-prol	5	apparatus:p295-4	p295-4	scripture	apparatus-explicit	Ps. 121, 6	Ps 121:6	A	verse		
bon-itin-prol	5	apparatus:p295-4	p295-4	scripture	apparatus-explicit	Ps. 75, 3	Ps 75:3	A	verse		
bon-itin-prol	5	apparatus:p295-6	p295-6	scripture	apparatus-explicit	Isai. 6, 2	Isai 6:2	A	verse		
bon-itin-prol	5	apparatus:p295-7	p295-7	scripture	apparatus-explicit	II. Cor. 12, 2	2Cor 12:2	A	verse		
bon-itin-prol	5	apparatus:p295-7	p295-7	scripture	apparatus-explicit	Gal. 2, 19	Gal 2:19	A	verse		
bon-itin-prol	5	apparatus:p295-7	p295-7	scripture	apparatus-explicit	Ioan. 13, 1	Ioan 13:1	A	verse		
bon-itin-prol	5	apparatus:p295-8	p295-8	scripture	apparatus-explicit	Ioan. 10, 1	Ioan 10:1	A	verse		
bon-itin-prol	5	apparatus:p295-8	p295-8	scripture	anaphor->apparatus-explicit	ibid.	Ioan 10:1	A	verse	yes	Ioan. 10, 1
bon-itin-prol	5	apparatus:p295-8	p295-8	scripture	apparatus-explicit	Apoc. 22, 14	Apoc 22:14	A	verse		
bon-itin-prol	5	apparatus:p296-1	p296-1	scripture	apparatus-explicit	Dan. 9, 23	Dan 9:23	A	verse		
bon-itin-prol	5	apparatus:p296-1	p296-1	scripture	apparatus-explicit	Ps. 37, 9	Ps 37:9	A	verse		
bon-itin-prol	5	apparatus:p296-2	p296-2	scripture	apparatus-explicit	Hebr. 1, 3	Hebr 1:3	A	verse		
bon-itin-prol	5	apparatus:p296-2	p296-2	scripture	apparatus-explicit	I. Ioan. 2, 20	1Ioan 2:20	A	verse		
bon-itin-prol	5	apparatus:p296-3	p296-3	scripture	apparatus-explicit	Psalm. 44, 8	Ps 44:8	A	verse		
bon-itin-scholion	5	latin_body		crossref	page	supra pag. 47	tom5:p47		forward		
bon-itin-scholion	5	latin_body		crossref	page	ibid. pag. 1	tom5:p1		forward		
bon-itin-scholion	5	latin_body		crossref	anaphor->page	ibid.	tom5:p1		forward	yes	ibid. pag. 1
bon-itin-scholion	5	latin_body		crossref	work	Breviloq. p. II. c. 12.	bon-brev-p2-c12		chunk		
bon-itin-scholion	5	latin_body		crossref	logical	II. Sent. d. 23. a. 2. q. 3.	bon-sent-II-d23-a2-q3		chunk		
bon-itin-scholion	5	latin_body		scripture	apparatus-explicit	I. Cor. 6, 17	1Cor 6:17	A	verse		
bon-itin-scholion	5	latin_body		crossref	logical	III. Sent. d. 24. dub. 4.	bon-sent-III-d24-dubia		chunk		
bon-itin-scholion	5	latin_body		crossref	work	Breviloq. p. II. c. 12	bon-brev-p2-c12		chunk		
bon-itin-scholion	5	latin_body		crossref	logical	I. Sent. d. 36. a. 2. q. 2.	bon-sent-I-d36-a2-q2		chunk		
bon-itin-scholion	5	latin_body		crossref	logical	II. Sent. d. 3. p. II. a. 2. q. 1.	bon-sent-II-d3-p2-a2-q1		chunk		
bon-itin-scholion	5	latin_body		crossref	logical	I. Sent. d. 28. dub. 1.	bon-sent-I-d28-dubia		chunk		
bon-itin-scholion	5	latin_body		crossref	logical	II. Sent. d. 1. p. II. dub. 2	bon-sent-II-d1-p2-dubia		chunk		
bon-itin-scholion	5	latin_body		crossref	logical	I. Sent. d. 3. p. I. q. 2.	bon-sent-I-d3-p1-a1-q2		chunk		
bon-itin-scholion	5	latin_body		crossref	relative-inherited	ibid.	bon-sent-II-d1-p2-dubia		chunk		
bon-itin-scholion	5	latin_body		crossref	page	pag. 22	tom5:p22		forward		
bon-itin-scholion	5	latin_body		crossref	page	pag. 17	tom5:p17		forward		
bon-itin-scholion	5	latin_body		authority	authority:Bonav.	I. Sent. d. 3. p. I. q. 3.			excluded		
bon-itin-scholion	5	latin_body		authority	authority:Bonav.	II. Sent. d. 3. p. II. a. 2. q. 2.			excluded		
bon-itin-scholion	5	latin_body		scripture	apparatus-explicit	Act. 17, 27	Act 17:27	A	verse		
bon-itin-scholion	5	latin_body		authority	authority:Bonav.	II. Sent. d. 28. a. 2. q. 3.			excluded		
bon-itin-scholion	5	latin_body		crossref	page	pag. 87	tom5:p87		forward		
bon-itin-scholion	5	latin_body		authority	authority:Bonav.	ibid.			excluded		
bon-itin-scholion	5	latin_body		crossref	page	pag. 26	tom5:p26		forward		
bon-itin-scholion	5	latin_body		authority	authority:S. Thom.	I. Sent. d. 3. q. 4.			excluded		
bon-itin-scholion	5	latin_body		crossref	logical	II. Sent. d. 3. p. II. a. 2. q. 2.	bon-sent-II-d3-p2-a2-q2		chunk		
bon-itin-scholion	5	latin_body		crossref	logical	I. Sent. d. 3. p. I. q. 1.	bon-sent-I-d3-p1-a1-q1		chunk		
bon-itin-scholion	5	latin_body		crossref	page	pag. 7	tom5:p7		forward		
bon-itin-scholion	5	latin_body		crossref	relative-inherited	ibid.	bon-sent-I-d3-p1-a1-q1		chunk		
bon-itin-scholion	5	latin_body		crossref	logical	II. Sent. d. 39. a. 1. q. 2.	bon-sent-II-d39-a1-q2		chunk		
bon-itin-scholion	5	latin_body		crossref	chain-continuation	d. 25. p. II. q. 6	bon-sent-II-d25-p2-a1-q6		chunk		
bon-itin-scholion	5	latin_body		crossref	logical	I. Sent. d. 8. p. II. dub. 4	bon-sent-I-d8-p2-dubia		chunk		
bon-itin-scholion	5	latin_body		crossref	logical	II. Sent. d. 1. p. II. a. 1. q. 2.	bon-sent-II-d1-p2-a1-q2		chunk		
bon-itin-scholion	5	latin_body		crossref	logical	III. Sent. d. 37. dub. 1.	bon-sent-III-d37-dubia		chunk		
bon-itin-scholion	5	latin_body		crossref	page	pag. 120	tom5:p120		forward		
bon-itin-scholion	5	latin_body		crossref	logical	II. Sent. d. 18. a. 1. q. 3.	bon-sent-II-d18-a1-q3		chunk		
bon-praec-c1	5	latin_body		scripture	body-ordinal	Deuteronomii undecimo	Deut 11	C	chapter		
bon-praec-c1	5	latin_body	p507-6	scripture	body-ordinal	Deuteronomii decimo	Deut 10:12	B	verse		
bon-praec-c1	5	latin_body		scripture	body-ordinal	Danielis tertio	Dan 3	C	chapter		
bon-praec-c1	5	latin_body		scripture	body-ordinal	Matthaei vigesimo quinto	Matth 25	C	chapter		
bon-praec-c1	5	apparatus:p507-4	p507-4	scripture	apparatus-explicit	Deut. 11, 7	Deut 11:7	A	verse		
bon-praec-c1	5	apparatus:p507-5	p507-5	scripture	apparatus-explicit	Ps. 118, 168	Ps 118:168	A	verse		
bon-praec-c1	5	apparatus:p508-2	p508-2	scripture	apparatus-explicit	Psalm. 118, 100	Ps 118:100	A	verse		
bon-praec-c1	5	apparatus:p508-2	p508-2	scripture	apparatus-explicit	Luc. 24, 13	Luc 24:13	A	verse		
bon-praec-c1	5	apparatus:p508-3	p508-3	scripture	apparatus-explicit	Rom. 2, 13	Rom 2:13	A	verse		
bon-praec-c1	5	apparatus:p508-3	p508-3	scripture	apparatus-explicit	Iac. 1, 22	Iac 1:22	A	verse		
bon-praec-c1	5	apparatus:p508-6	p508-6	scripture	apparatus-explicit	Psalm. 37, 11	Ps 37:11	A	verse		
bon-praec-c1	5	apparatus:p508-7	p508-7	scripture	apparatus-explicit	Ps. 80, 12	Ps 80:12	A	verse		
bon-praec-c1	5	apparatus:p508-7	p508-7	scripture	apparatus-explicit	Dan. 3, 29	Dan 3:29	A	verse		
bon-praec-c1	5	apparatus:p508-8	p508-8	scripture	apparatus-explicit	Psalm. 118, 21	Ps 118:21	A	verse		
bon-praec-c1	5	apparatus:p508-8	p508-8	scripture	apparatus-explicit	Matth. 25, 41	Matth 25:41	A	verse		
bon-praec-c1	5	apparatus:p508-8	p508-8	scripture	apparatus-explicit	Deut. 11, 26-28	Deut 11:26-28	A	verse		
bon-praec-c1	5	apparatus:p509-2	p509-2	scripture	apparatus-explicit	Psalm. 108, 18	Ps 108:18	A	verse		
bon-praec-c1	5	apparatus:p509-2	p509-2	scripture	apparatus-explicit	Act. 1, 20	Act 1:20	A	verse		
bon-praec-c1	5	apparatus:p509-3	p509-3	crossref	page	supra pag. 187, nota 2	tom5:p187		forward		
bon-praec-c1	5	apparatus:p509-5	p509-5	scripture	apparatus-explicit	Ps. 18, 11	Ps 18:11	A	verse		
bon-praec-c1	5	apparatus:p509-5	p509-5	scripture	apparatus-explicit	Prov. 21, 15	Prov 21:15	A	verse		
bon-praec-c1	5	apparatus:p509-6	p509-6	scripture	apparatus-explicit	Rom. 7, 12	Rom 7:12	A	verse		
bon-praec-c1	5	apparatus:p509-6	p509-6	scripture	apparatus-explicit	I. Tim. 6, 13	1Tim 6:13	A	verse		
bon-praec-c1	5	apparatus:p509-7	p509-7	scripture	apparatus-explicit	Marc. 12, 28	Marc 12:28	A	verse		
bon-praec-c1	5	apparatus:p509-8	p509-8	scripture	apparatus-explicit	Psalm. 72, 28	Ps 72:28	A	verse		
bon-praec-c1	5	apparatus:p509-8	p509-8	scripture	apparatus-explicit	Matth. 22, 37	Matth 22:37	A	verse		
bon-praec-c1	5	apparatus:p509-8	p509-8	scripture	apparatus-explicit	Rom. 8, 28	Rom 8:28	A	verse		
bon-praec-c1	5	apparatus:p509-8	p509-8	scripture	apparatus-explicit	Deut. 6, 5	Deut 6:5	A	verse		
bon-praec-c1	5	apparatus:p509-8	p509-8	scripture	apparatus-explicit	Ps. 43, 22	Ps 43:22	A	verse		
bon-praec-c1	5	apparatus:p509-8	p509-8	scripture	apparatus-explicit	Ps. 72, 28	Ps 72:28	A	verse		
bon-praec-c1	5	apparatus:p509-8	p509-8	scripture	apparatus-explicit	I. Cor. 15, 27	1Cor 15:27	A	verse		
bon-praec-c1	5	apparatus:p509-8	p509-8	scripture	apparatus-explicit	Rom. 8, 35	Rom 8:35	A	verse		
bon-praec-c1	5	apparatus:p510-2	p510-2	scripture	apparatus-explicit	Exod. 20, 3	Exod 20:3	A	verse		
bon-praec-c1	5	apparatus:p510-2	p510-2	scripture	apparatus-explicit	Deut. 5, 7	Deut 5:7	A	verse		
bon-praec-c1	5	apparatus:p510-3	p510-3	crossref	page	supra pag. 121, nota 3	tom5:p121		forward		
bon-praec-c1	5	apparatus:p510-4	p510-4	crossref	logical	III. Sent. d. 37. a. 2. q. 1	bon-sent-III-d37-a2-q1		chunk		
bon-praec-c1	5	apparatus:p510-5	p510-5	scripture	apparatus-explicit	Tob. 4, 16	Tob 4:16	A	verse		
bon-praec-c1	5	apparatus:p510-5	p510-5	scripture	apparatus-explicit	Matth. 7, 12	Matth 7:12	A	verse		
bon-praec-c1	5	apparatus:p510-5	p510-5	scripture	apparatus-explicit	Luc. 6, 31	Luc 6:31	A	verse		
bon-praec-c1	5	apparatus:p510-7	p510-7	scripture	apparatus-explicit	I. Ioan. 2, 16	1Ioan 2:16	A	verse		
bon-red	5	latin_body	p323-4	scripture	body-ordinal	Ioannis decimo quarto	Ioan 14:6	B	verse		
bon-red	5	latin_body		scripture	body-ordinal	Matthaei undecimo	Matth 11	C	chapter		
bon-red	5	latin_body	p323-10	scripture	body-ordinal	Proverbiorum octavo	Prov 8:24	B	verse		
bon-red	5	apparatus:p319-4	p319-4	scripture	anaphor->body-ordinal	ibid.	Prov 8:24	B	verse	yes	Proverbiorum octavo
bon-red	5	apparatus:p320-4	p320-4	crossref	page	supra pag. 227, nota 5	bon-brev-p2-c10+bon-brev-p2-c9		page-multi		
bon-red	5	apparatus:p320-5	p320-5	crossref	work	Breviloq. p. II. c. 3.	bon-brev-p2-c3		chunk		
bon-red	5	apparatus:p320-5	p320-5	crossref	page	supra pag. 29, nota 6	tom5:p29		forward		
bon-red	5	apparatus:p320-5	p320-5	crossref	work	Quaest. de scientia Christi	work:scientia-christi		work		
bon-red	5	apparatus:p320-5	p320-5	crossref	logical	I. Sent. d. 3. p. I. q. 1.	bon-sent-I-d3-p1-a1-q1		chunk		
bon-red	5	apparatus:p320-7	p320-7	crossref	work	Itinerar. c. 3.	bon-itin-c3		chunk		
bon-red	5	apparatus:p320-7	p320-7	crossref	page	pag. 120, nota 11	tom5:p120		forward		
bon-red	5	apparatus:p320-7	p320-7	crossref	anaphor->page	ibid.	tom5:p120		forward	yes	pag. 120, nota 11
bon-red	5	apparatus:p320-8	p320-8	crossref	page	supra pag. 19, nota 7	tom5:p19		forward		
bon-red	5	apparatus:p320-8	p320-8	crossref	work	Itinerar.	work:itinerarium		work		
bon-red	5	apparatus:p320-8	p320-8	crossref	page	pag. 73, nota 7	tom5:p73		forward		
bon-red	5	apparatus:p321-2	p321-2	crossref	page	supra pag. 206, nota 11	bon-brev-prol-s4+bon-brev-prol-s5		page-multi		
bon-red	5	apparatus:p321-2	p321-2	crossref	page	supra pag. 287, nota 5	bon-brev-p7-c5+bon-brev-p7-c6		page-multi		
bon-red	5	apparatus:p321-4	p321-4	crossref	logical	II. Sent. d. 1. p. I. a. 1. q. 1.	bon-sent-II-d1-p1-a1-q1		chunk		
bon-red	5	apparatus:p321-6	p321-6	scripture	apparatus-explicit	Iac. 1, 17	Iac 1:17	A	verse		
bon-red	5	apparatus:p321-7	p321-7	crossref	work	Breviloq.	work:breviloquium		work		
bon-red	5	apparatus:p322-1	p322-1	scripture	apparatus-explicit	I. Cor. 13, 8	1Cor 13:8	A	verse		
bon-red	5	apparatus:p322-1	p322-1	crossref	work	Breviloq. p. II. c. 2.	bon-brev-p2-c2		chunk		
bon-red	5	apparatus:p322-1	p322-1	crossref	work	Itiner.	work:itinerarium		work		
bon-red	5	apparatus:p322-4	p322-4	crossref	work	Itinerar.	work:itinerarium		work		
bon-red	5	apparatus:p322-5	p322-5	scripture	apparatus-explicit	Gal. 4, 4	Gal 4:4	A	verse		
bon-red	5	apparatus:p322-5	p322-5	scripture	apparatus-explicit	Phil. 2, 7	Phil 2:7	A	verse		
bon-red	5	apparatus:p322-6	p322-6	scripture	apparatus-explicit	I. Ioan. 2, 16	1Ioan 2:16	A	verse		
bon-red	5	apparatus:p322-6	p322-6	crossref	work	Breviloq. p. III. c. 9.	bon-brev-p3-c9		chunk		
bon-red	5	apparatus:p322-7	p322-7	scripture	apparatus-explicit	Eccle. 1, 8	Eccle 1:8	A	verse		
bon-red	5	apparatus:p322-7	p322-7	crossref	page	tom. IV. pag. 137, nota 6	bon-sent-IV-d6-p1-a1-q1		chunk		
bon-red	5	apparatus:p322-7	p322-7	crossref	work	Breviloq. p. V. c. 6.	bon-brev-p5-c6		chunk		
bon-red	5	apparatus:p323-1	p323-1	crossref	page	tom. I. pag. 600, nota 7	bon-sent-I-d35-a1-q1		chunk		
bon-red	5	apparatus:p323-3	p323-3	crossref	page	supra pag. 211, nota 3	bon-brev-p1-c2+bon-brev-p1-c3		page-multi		
bon-red	5	apparatus:p323-3	p323-3	crossref	work	Breviloq. p. II. c. 12.	bon-brev-p2-c12		chunk		
bon-red	5	apparatus:p323-4	p323-4	scripture	apparatus-explicit	Matth. 11, 27	Matth 11:27	A	verse		
bon-red	5	apparatus:p323-4	p323-4	scripture	apparatus-explicit	Ioan. 1, 14	Ioan 1:14	A	verse		
bon-red	5	apparatus:p323-5	p323-5	crossref	work	Breviloq. p. V. c. 7.	bon-brev-p5-c7		chunk		
bon-red	5	apparatus:p323-7	p323-7	crossref	page	supra pag. 167, nota 2	tom5:p167		forward		
bon-red	5	apparatus:p323-8	p323-8	scripture	apparatus-explicit	I. Ioan. 4, 16	1Ioan 4:16	A	verse		
bon-red	5	apparatus:p323-8	p323-8	scripture	apparatus-explicit	Prov. 8, 31	Prov 8:31	A	verse		
bon-red	5	apparatus:p323-10	p323-10	scripture	apparatus-explicit	Ioan. 1, 14	Ioan 1:14	A	verse		
bon-red	5	apparatus:p323-10	p323-10	crossref	work	Brevil. p. IV. c. 1	bon-brev-p4-c1		chunk		
bon-red	5	apparatus:p323-11	p323-11	crossref	work	Breviloq. p. III. c. 1	bon-brev-p3-c1		chunk		
bon-red	5	apparatus:p323-11	p323-11	scripture	apparatus-explicit	Phil. 4, 5	Phil 4:5	A	verse		
bon-red	5	apparatus:p323-11	p323-11	scripture	apparatus-explicit	Prov. 22, 11	Prov 22:11	A	verse		
bon-red	5	apparatus:p323-11	p323-11	scripture	apparatus-explicit	Matth. 6, 22	Matth 6:22	A	verse		
bon-red	5	apparatus:p324-2	p324-2	crossref	page	tom. II. pag. 690, nota 1	bon-sent-II-d28-a2-q3+bon-sent-II-d28-dubia		page-multi		
bon-red	5	apparatus:p324-2	p324-2	crossref	page	tom. III. pag. 895, nota 1	bon-sent-III-d40-dubia		chunk		
bon-red	5	apparatus:p324-3	p324-3	scripture	apparatus-explicit	Hebr. 1, 3	Hebr 1:3	A	verse		
bon-red	5	apparatus:p324-3	p324-3	crossref	work	Quaest. de scientia Christi	work:scientia-christi		work		
bon-red	5	apparatus:p324-4	p324-4	crossref	logical	II. Sent. d. 18. a. 1. q. 1.	bon-sent-II-d18-a1-q1		chunk		
bon-red	5	apparatus:p324-5	p324-5	crossref	page	supra pag. 12, nota 7	tom5:p12		forward		
bon-red	5	apparatus:p324-6	p324-6	crossref	logical	II. Sent. d. 17. a. 1. q. 2.	bon-sent-II-d17-a1-q2		chunk		
bon-red	5	apparatus:p324-6	p324-6	crossref	chain-continuation	d. 19. a. 1. q. 1.	bon-sent-II-d19-a1-q1		chunk		
bon-red	5	apparatus:p324-7	p324-7	scripture	apparatus-explicit	Apoc. 1, 8	Apoc 1:8	A	verse		
bon-red	5	apparatus:p324-7	p324-7	crossref	work	Breviloq. p. IV. c. 1.	bon-brev-p4-c1		chunk		
bon-red	5	apparatus:p324-8	p324-8	crossref	work	Breviloq. p. II. c. 3.	bon-brev-p2-c3		chunk		
bon-red	5	apparatus:p324-9	p324-9	crossref	page	tom. IV. pag. 848, nota 4	bon-sent-IV-d40-a1-q1		chunk		
bon-red	5	apparatus:p324-9	p324-9	crossref	page	pag. 907, nota 9			dangling		
bon-red	5	apparatus:p324-9	p324-9	crossref	page	tom. II. pag. 421, nota 1	bon-sent-II-d17-a2-q2		chunk		
bon-red	5	apparatus:p324-9	p324-9	crossref	page	pag. 424, nota 3	bon-sent-II-d17-a2-q3		chunk		
bon-red	5	apparatus:p325-1	p325-1	crossref	page	supra pag. 256, nota 6	bon-brev-p5-c3+bon-brev-p5-c4		page-multi		
bon-red	5	apparatus:p325-2	p325-2	crossref	page	tom. II. pag. 4, nota 11	bon-sent-II-proem		chunk		
bon-red	5	apparatus:p325-2	p325-2	crossref	work	Breviloq. p. I. c. 8.	bon-brev-p1-c8		chunk		
bon-red	5	apparatus:p325-3	p325-3	scripture	apparatus-explicit	I. Tim. 2, 5	1Tim 2:5	A	verse		
bon-red	5	apparatus:p325-4	p325-4	scripture	apparatus-explicit	Rom. 12, 2	Rom 12:2	A	verse		
bon-red	5	apparatus:p325-5	p325-5	crossref	work	Breviloq. p. II. c. 10.	bon-brev-p2-c10		chunk		
bon-red	5	apparatus:p325-6	p325-6	scripture	apparatus-explicit	I. Cor. 6, 17	1Cor 6:17	A	verse		
bon-red	5	apparatus:p325-6	p325-6	crossref	work	Breviloq. p. V. c. 4.	bon-brev-p5-c4		chunk		
bon-red	5	apparatus:p325-7	p325-7	scripture	apparatus-explicit	Eph. 3, 10	Eph 3:10	A	verse		
bon-red	5	apparatus:p325-8	p325-8	scripture	apparatus-explicit	I. Petr. 4, 11	1Petr 4:11	A	verse		
bon-red	5	apparatus:p325-9	p325-9	scripture	apparatus-explicit	Ioan. 16, 13	Ioan 16:13	A	verse		
bon-red	5	apparatus:p325-9	p325-9	scripture	apparatus-explicit	Rom. 1, 25	Rom 1:25	A	verse		
